{"count":2,"results":[{"listing_image_id":394206839,"hex_code":"9E926D","red":158,"green":146,"blue":109,"hue":45,"saturation":31,"brightness":61,"is_black_and_white":false,"creation_tsz":1352661432,"listing_id":114694691,"rank":1,"url_75x75":"https:\/\/i.etsystatic.com\/7169581\/d\/il\/9c41a8\/394206839\/il_75x75.394206839_hsxh.jpg?version=0","url_170x135":"https:\/\/i.etsystatic.com\/7169581\/d\/il\/9c41a8\/394206839\/il_170x135.394206839_hsxh.jpg?version=0","url_570xN":"https:\/\/i.etsystatic.com\/7169581\/r\/il\/9c41a8\/394206839\/il_570xN.394206839_hsxh.jpg","url_fullxfull":"https:\/\/i.etsystatic.com\/7169581\/r\/il\/9c41a8\/394206839\/il_fullxfull.394206839_hsxh.jpg","full_height":1040,"full_width":1000},{"listing_image_id":394206707,"hex_code":"8C867D","red":140,"green":134,"blue":125,"hue":36,"saturation":10,"brightness":54,"is_black_and_white":false,"creation_tsz":1352661432,"listing_id":114694691,"rank":2,"url_75x75":"https:\/\/i.etsystatic.com\/7169581\/d\/il\/cff719\/394206707\/il_75x75.394206707_6skf.jpg?version=0","url_170x135":"https:\/\/i.etsystatic.com\/7169581\/d\/il\/cff719\/394206707\/il_170x135.394206707_6skf.jpg?version=0","url_570xN":"https:\/\/i.etsystatic.com\/7169581\/r\/il\/cff719\/394206707\/il_570xN.394206707_6skf.jpg","url_fullxfull":"https:\/\/i.etsystatic.com\/7169581\/r\/il\/cff719\/394206707\/il_fullxfull.394206707_6skf.jpg","full_height":1018,"full_width":570}],"params":{"listing_id":"114694691"},"type":"ListingImage","pagination":{}}