{"count":2,"results":[{"listing_image_id":1145351615,"hex_code":"A49A52","red":164,"green":154,"blue":82,"hue":53,"saturation":50,"brightness":64,"is_black_and_white":false,"creation_tsz":1480898118,"listing_id":130789851,"rank":1,"url_75x75":"https:\/\/i.etsystatic.com\/7169581\/d\/il\/3120dd\/1145351615\/il_75x75.1145351615_1byg.jpg?version=0","url_170x135":"https:\/\/i.etsystatic.com\/7169581\/d\/il\/3120dd\/1145351615\/il_170x135.1145351615_1byg.jpg?version=0","url_570xN":"https:\/\/i.etsystatic.com\/7169581\/r\/il\/3120dd\/1145351615\/il_570xN.1145351615_1byg.jpg","url_fullxfull":"https:\/\/i.etsystatic.com\/7169581\/r\/il\/3120dd\/1145351615\/il_fullxfull.1145351615_1byg.jpg","full_height":750,"full_width":938},{"listing_image_id":394206707,"hex_code":"8C867D","red":140,"green":134,"blue":125,"hue":36,"saturation":10,"brightness":54,"is_black_and_white":false,"creation_tsz":1367263622,"listing_id":130789851,"rank":2,"url_75x75":"https:\/\/i.etsystatic.com\/7169581\/d\/il\/cff719\/394206707\/il_75x75.394206707_6skf.jpg?version=0","url_170x135":"https:\/\/i.etsystatic.com\/7169581\/d\/il\/cff719\/394206707\/il_170x135.394206707_6skf.jpg?version=0","url_570xN":"https:\/\/i.etsystatic.com\/7169581\/r\/il\/cff719\/394206707\/il_570xN.394206707_6skf.jpg","url_fullxfull":"https:\/\/i.etsystatic.com\/7169581\/r\/il\/cff719\/394206707\/il_fullxfull.394206707_6skf.jpg","full_height":1018,"full_width":570}],"params":{"listing_id":"130789851"},"type":"ListingImage","pagination":{}}