{"count":2,"results":[{"listing_image_id":386488665,"hex_code":"D0A37C","red":208,"green":163,"blue":124,"hue":28,"saturation":40,"brightness":81,"is_black_and_white":false,"creation_tsz":1350661690,"listing_id":112591329,"rank":1,"url_75x75":"https:\/\/i.etsystatic.com\/7169581\/d\/il\/9e6fa7\/386488665\/il_75x75.386488665_9tgr.jpg?version=0","url_170x135":"https:\/\/i.etsystatic.com\/7169581\/d\/il\/9e6fa7\/386488665\/il_170x135.386488665_9tgr.jpg?version=0","url_570xN":"https:\/\/i.etsystatic.com\/7169581\/r\/il\/9e6fa7\/386488665\/il_570xN.386488665_9tgr.jpg","url_fullxfull":"https:\/\/i.etsystatic.com\/7169581\/r\/il\/9e6fa7\/386488665\/il_fullxfull.386488665_9tgr.jpg","full_height":648,"full_width":864},{"listing_image_id":378339405,"hex_code":"C7BBC1","red":199,"green":187,"blue":193,"hue":330,"saturation":6,"brightness":78,"is_black_and_white":false,"creation_tsz":1350661690,"listing_id":112591329,"rank":2,"url_75x75":"https:\/\/i.etsystatic.com\/7169581\/d\/il\/647fb6\/378339405\/il_75x75.378339405_3qem.jpg?version=0","url_170x135":"https:\/\/i.etsystatic.com\/7169581\/d\/il\/647fb6\/378339405\/il_170x135.378339405_3qem.jpg?version=0","url_570xN":"https:\/\/i.etsystatic.com\/7169581\/r\/il\/647fb6\/378339405\/il_570xN.378339405_3qem.jpg","url_fullxfull":"https:\/\/i.etsystatic.com\/7169581\/r\/il\/647fb6\/378339405\/il_fullxfull.378339405_3qem.jpg","full_height":848,"full_width":871}],"params":{"listing_id":"112591329"},"type":"ListingImage","pagination":{}}