{"count":10,"results":[{"listing_image_id":640160010,"hex_code":"929190","red":146,"green":145,"blue":144,"hue":30,"saturation":1,"brightness":57,"is_black_and_white":false,"creation_tsz":1408036036,"listing_id":199915123,"rank":1,"url_75x75":"https:\/\/i.etsystatic.com\/5521396\/d\/il\/be493d\/640160010\/il_75x75.640160010_k1ss.jpg?version=0","url_170x135":"https:\/\/i.etsystatic.com\/5521396\/d\/il\/be493d\/640160010\/il_170x135.640160010_k1ss.jpg?version=0","url_570xN":"https:\/\/i.etsystatic.com\/5521396\/r\/il\/be493d\/640160010\/il_570xN.640160010_k1ss.jpg","url_fullxfull":"https:\/\/i.etsystatic.com\/5521396\/r\/il\/be493d\/640160010\/il_fullxfull.640160010_k1ss.jpg","full_height":448,"full_width":448},{"listing_image_id":640276885,"hex_code":"8F8A88","red":143,"green":138,"blue":136,"hue":17,"saturation":4,"brightness":56,"is_black_and_white":false,"creation_tsz":1408036036,"listing_id":199915123,"rank":2,"url_75x75":"https:\/\/i.etsystatic.com\/5521396\/d\/il\/979eb2\/640276885\/il_75x75.640276885_7v0e.jpg?version=0","url_170x135":"https:\/\/i.etsystatic.com\/5521396\/d\/il\/979eb2\/640276885\/il_170x135.640276885_7v0e.jpg?version=0","url_570xN":"https:\/\/i.etsystatic.com\/5521396\/r\/il\/979eb2\/640276885\/il_570xN.640276885_7v0e.jpg","url_fullxfull":"https:\/\/i.etsystatic.com\/5521396\/r\/il\/979eb2\/640276885\/il_fullxfull.640276885_7v0e.jpg","full_height":1000,"full_width":1000},{"listing_image_id":2038828383,"hex_code":"B0B0B0","red":176,"green":176,"blue":176,"hue":0,"saturation":0,"brightness":69,"is_black_and_white":null,"creation_tsz":1567096344,"listing_id":199915123,"rank":3,"url_75x75":"https:\/\/i.etsystatic.com\/5521396\/d\/il\/724247\/2038828383\/il_75x75.2038828383_7yrc.jpg?version=0","url_170x135":"https:\/\/i.etsystatic.com\/5521396\/d\/il\/724247\/2038828383\/il_170x135.2038828383_7yrc.jpg?version=0","url_570xN":"https:\/\/i.etsystatic.com\/5521396\/r\/il\/724247\/2038828383\/il_570xN.2038828383_7yrc.jpg","url_fullxfull":"https:\/\/i.etsystatic.com\/5521396\/r\/il\/724247\/2038828383\/il_fullxfull.2038828383_7yrc.jpg","full_height":2000,"full_width":2000},{"listing_image_id":2038828413,"hex_code":"ECECEC","red":236,"green":236,"blue":236,"hue":0,"saturation":0,"brightness":92,"is_black_and_white":null,"creation_tsz":1567096344,"listing_id":199915123,"rank":4,"url_75x75":"https:\/\/i.etsystatic.com\/5521396\/d\/il\/99668a\/2038828413\/il_75x75.2038828413_60jx.jpg?version=0","url_170x135":"https:\/\/i.etsystatic.com\/5521396\/d\/il\/99668a\/2038828413\/il_170x135.2038828413_60jx.jpg?version=0","url_570xN":"https:\/\/i.etsystatic.com\/5521396\/r\/il\/99668a\/2038828413\/il_570xN.2038828413_60jx.jpg","url_fullxfull":"https:\/\/i.etsystatic.com\/5521396\/r\/il\/99668a\/2038828413\/il_fullxfull.2038828413_60jx.jpg","full_height":2000,"full_width":2000},{"listing_image_id":2038828455,"hex_code":"A3A6AA","red":163,"green":166,"blue":170,"hue":214,"saturation":4,"brightness":66,"is_black_and_white":false,"creation_tsz":1567096344,"listing_id":199915123,"rank":5,"url_75x75":"https:\/\/i.etsystatic.com\/5521396\/d\/il\/c8c35e\/2038828455\/il_75x75.2038828455_87xh.jpg?version=0","url_170x135":"https:\/\/i.etsystatic.com\/5521396\/d\/il\/c8c35e\/2038828455\/il_170x135.2038828455_87xh.jpg?version=0","url_570xN":"https:\/\/i.etsystatic.com\/5521396\/r\/il\/c8c35e\/2038828455\/il_570xN.2038828455_87xh.jpg","url_fullxfull":"https:\/\/i.etsystatic.com\/5521396\/r\/il\/c8c35e\/2038828455\/il_fullxfull.2038828455_87xh.jpg","full_height":2000,"full_width":2000},{"listing_image_id":1991266632,"hex_code":"E0DFDC","red":224,"green":223,"blue":220,"hue":45,"saturation":1,"brightness":87,"is_black_and_white":false,"creation_tsz":1567096344,"listing_id":199915123,"rank":6,"url_75x75":"https:\/\/i.etsystatic.com\/5521396\/d\/il\/704e95\/1991266632\/il_75x75.1991266632_9qje.jpg?version=0","url_170x135":"https:\/\/i.etsystatic.com\/5521396\/d\/il\/704e95\/1991266632\/il_170x135.1991266632_9qje.jpg?version=0","url_570xN":"https:\/\/i.etsystatic.com\/5521396\/r\/il\/704e95\/1991266632\/il_570xN.1991266632_9qje.jpg","url_fullxfull":"https:\/\/i.etsystatic.com\/5521396\/r\/il\/704e95\/1991266632\/il_fullxfull.1991266632_9qje.jpg","full_height":2000,"full_width":2000},{"listing_image_id":1991266704,"hex_code":"85807C","red":133,"green":128,"blue":124,"hue":27,"saturation":6,"brightness":52,"is_black_and_white":false,"creation_tsz":1567096344,"listing_id":199915123,"rank":7,"url_75x75":"https:\/\/i.etsystatic.com\/5521396\/d\/il\/05263c\/1991266704\/il_75x75.1991266704_thmd.jpg?version=0","url_170x135":"https:\/\/i.etsystatic.com\/5521396\/d\/il\/05263c\/1991266704\/il_170x135.1991266704_thmd.jpg?version=0","url_570xN":"https:\/\/i.etsystatic.com\/5521396\/r\/il\/05263c\/1991266704\/il_570xN.1991266704_thmd.jpg","url_fullxfull":"https:\/\/i.etsystatic.com\/5521396\/r\/il\/05263c\/1991266704\/il_fullxfull.1991266704_thmd.jpg","full_height":2000,"full_width":2000},{"listing_image_id":2038828563,"hex_code":"423F3B","red":66,"green":63,"blue":59,"hue":34,"saturation":10,"brightness":25,"is_black_and_white":false,"creation_tsz":1567096344,"listing_id":199915123,"rank":8,"url_75x75":"https:\/\/i.etsystatic.com\/5521396\/d\/il\/1925b4\/2038828563\/il_75x75.2038828563_ih3o.jpg?version=0","url_170x135":"https:\/\/i.etsystatic.com\/5521396\/d\/il\/1925b4\/2038828563\/il_170x135.2038828563_ih3o.jpg?version=0","url_570xN":"https:\/\/i.etsystatic.com\/5521396\/r\/il\/1925b4\/2038828563\/il_570xN.2038828563_ih3o.jpg","url_fullxfull":"https:\/\/i.etsystatic.com\/5521396\/r\/il\/1925b4\/2038828563\/il_fullxfull.2038828563_ih3o.jpg","full_height":2000,"full_width":2000},{"listing_image_id":2038828597,"hex_code":"85807C","red":133,"green":128,"blue":124,"hue":27,"saturation":6,"brightness":52,"is_black_and_white":false,"creation_tsz":1567096344,"listing_id":199915123,"rank":9,"url_75x75":"https:\/\/i.etsystatic.com\/5521396\/d\/il\/0db824\/2038828597\/il_75x75.2038828597_2ai8.jpg?version=0","url_170x135":"https:\/\/i.etsystatic.com\/5521396\/d\/il\/0db824\/2038828597\/il_170x135.2038828597_2ai8.jpg?version=0","url_570xN":"https:\/\/i.etsystatic.com\/5521396\/r\/il\/0db824\/2038828597\/il_570xN.2038828597_2ai8.jpg","url_fullxfull":"https:\/\/i.etsystatic.com\/5521396\/r\/il\/0db824\/2038828597\/il_fullxfull.2038828597_2ai8.jpg","full_height":2000,"full_width":2000},{"listing_image_id":2038828625,"hex_code":"64615D","red":100,"green":97,"blue":93,"hue":34,"saturation":7,"brightness":39,"is_black_and_white":false,"creation_tsz":1567096344,"listing_id":199915123,"rank":10,"url_75x75":"https:\/\/i.etsystatic.com\/5521396\/d\/il\/df852d\/2038828625\/il_75x75.2038828625_k0c7.jpg?version=0","url_170x135":"https:\/\/i.etsystatic.com\/5521396\/d\/il\/df852d\/2038828625\/il_170x135.2038828625_k0c7.jpg?version=0","url_570xN":"https:\/\/i.etsystatic.com\/5521396\/r\/il\/df852d\/2038828625\/il_570xN.2038828625_k0c7.jpg","url_fullxfull":"https:\/\/i.etsystatic.com\/5521396\/r\/il\/df852d\/2038828625\/il_fullxfull.2038828625_k0c7.jpg","full_height":2000,"full_width":2000}],"params":{"listing_id":"199915123"},"type":"ListingImage","pagination":{}}