{"count":3,"results":[{"listing_image_id":518629893,"hex_code":"CDCEB7","red":205,"green":206,"blue":183,"hue":63,"saturation":11,"brightness":80,"is_black_and_white":false,"creation_tsz":1383007588,"listing_id":167303469,"rank":1,"url_75x75":"https:\/\/i.etsystatic.com\/5945514\/d\/il\/7859c5\/518629893\/il_75x75.518629893_1dwe.jpg?version=0","url_170x135":"https:\/\/i.etsystatic.com\/5945514\/d\/il\/7859c5\/518629893\/il_170x135.518629893_1dwe.jpg?version=0","url_570xN":"https:\/\/i.etsystatic.com\/5945514\/r\/il\/7859c5\/518629893\/il_570xN.518629893_1dwe.jpg","url_fullxfull":"https:\/\/i.etsystatic.com\/5945514\/r\/il\/7859c5\/518629893\/il_fullxfull.518629893_1dwe.jpg","full_height":527,"full_width":932},{"listing_image_id":518563512,"hex_code":"999E9B","red":153,"green":158,"blue":155,"hue":144,"saturation":3,"brightness":61,"is_black_and_white":false,"creation_tsz":1383007588,"listing_id":167303469,"rank":2,"url_75x75":"https:\/\/i.etsystatic.com\/5945514\/d\/il\/c1cdd9\/518563512\/il_75x75.518563512_2rtg.jpg?version=0","url_170x135":"https:\/\/i.etsystatic.com\/5945514\/d\/il\/c1cdd9\/518563512\/il_170x135.518563512_2rtg.jpg?version=0","url_570xN":"https:\/\/i.etsystatic.com\/5945514\/r\/il\/c1cdd9\/518563512\/il_570xN.518563512_2rtg.jpg","url_fullxfull":"https:\/\/i.etsystatic.com\/5945514\/r\/il\/c1cdd9\/518563512\/il_fullxfull.518563512_2rtg.jpg","full_height":477,"full_width":800},{"listing_image_id":1690306506,"hex_code":"BDBCA6","red":189,"green":188,"blue":166,"hue":57,"saturation":12,"brightness":74,"is_black_and_white":false,"creation_tsz":1542589465,"listing_id":167303469,"rank":3,"url_75x75":"https:\/\/i.etsystatic.com\/5945514\/d\/il\/96148d\/1690306506\/il_75x75.1690306506_3rnj.jpg?version=0","url_170x135":"https:\/\/i.etsystatic.com\/5945514\/d\/il\/96148d\/1690306506\/il_170x135.1690306506_3rnj.jpg?version=0","url_570xN":"https:\/\/i.etsystatic.com\/5945514\/r\/il\/96148d\/1690306506\/il_570xN.1690306506_3rnj.jpg","url_fullxfull":"https:\/\/i.etsystatic.com\/5945514\/r\/il\/96148d\/1690306506\/il_fullxfull.1690306506_3rnj.jpg","full_height":1600,"full_width":2300}],"params":{"listing_id":"167303469"},"type":"ListingImage","pagination":{}}