{"count":4,"results":[{"listing_image_id":529660821,"hex_code":"A69F9B","red":166,"green":159,"blue":155,"hue":22,"saturation":6,"brightness":65,"is_black_and_white":false,"creation_tsz":1516928458,"listing_id":170300053,"rank":1,"url_75x75":"https:\/\/i.etsystatic.com\/6668580\/d\/il\/29d0a5\/529660821\/il_75x75.529660821_gded.jpg?version=1","url_170x135":"https:\/\/i.etsystatic.com\/6668580\/d\/il\/29d0a5\/529660821\/il_170x135.529660821_gded.jpg?version=1","url_570xN":"https:\/\/i.etsystatic.com\/6668580\/r\/il\/29d0a5\/529660821\/il_570xN.529660821_gded.jpg","url_fullxfull":"https:\/\/i.etsystatic.com\/6668580\/r\/il\/29d0a5\/529660821\/il_fullxfull.529660821_gded.jpg","full_height":1414,"full_width":1358},{"listing_image_id":529576456,"hex_code":"8E8E8E","red":142,"green":142,"blue":142,"hue":0,"saturation":0,"brightness":55,"is_black_and_white":null,"creation_tsz":1516928459,"listing_id":170300053,"rank":2,"url_75x75":"https:\/\/i.etsystatic.com\/6668580\/d\/il\/609c15\/529576456\/il_75x75.529576456_osnu.jpg?version=0","url_170x135":"https:\/\/i.etsystatic.com\/6668580\/d\/il\/609c15\/529576456\/il_170x135.529576456_osnu.jpg?version=0","url_570xN":"https:\/\/i.etsystatic.com\/6668580\/r\/il\/609c15\/529576456\/il_570xN.529576456_osnu.jpg","url_fullxfull":"https:\/\/i.etsystatic.com\/6668580\/r\/il\/609c15\/529576456\/il_fullxfull.529576456_osnu.jpg","full_height":1440,"full_width":1440},{"listing_image_id":651678141,"hex_code":"C2BEB9","red":194,"green":190,"blue":185,"hue":33,"saturation":4,"brightness":76,"is_black_and_white":false,"creation_tsz":1516928460,"listing_id":170300053,"rank":3,"url_75x75":"https:\/\/i.etsystatic.com\/6668580\/d\/il\/055d28\/651678141\/il_75x75.651678141_r3xn.jpg?version=0","url_170x135":"https:\/\/i.etsystatic.com\/6668580\/d\/il\/055d28\/651678141\/il_170x135.651678141_r3xn.jpg?version=0","url_570xN":"https:\/\/i.etsystatic.com\/6668580\/r\/il\/055d28\/651678141\/il_570xN.651678141_r3xn.jpg","url_fullxfull":"https:\/\/i.etsystatic.com\/6668580\/r\/il\/055d28\/651678141\/il_fullxfull.651678141_r3xn.jpg","full_height":1317,"full_width":1000},{"listing_image_id":1457830879,"hex_code":"E1DEDB","red":225,"green":222,"blue":219,"hue":30,"saturation":2,"brightness":88,"is_black_and_white":false,"creation_tsz":1516928461,"listing_id":170300053,"rank":4,"url_75x75":"https:\/\/i.etsystatic.com\/6668580\/d\/il\/9cba58\/1457830879\/il_75x75.1457830879_im0p.jpg?version=0","url_170x135":"https:\/\/i.etsystatic.com\/6668580\/d\/il\/9cba58\/1457830879\/il_170x135.1457830879_im0p.jpg?version=0","url_570xN":"https:\/\/i.etsystatic.com\/6668580\/r\/il\/9cba58\/1457830879\/il_570xN.1457830879_im0p.jpg","url_fullxfull":"https:\/\/i.etsystatic.com\/6668580\/r\/il\/9cba58\/1457830879\/il_fullxfull.1457830879_im0p.jpg","full_height":800,"full_width":800}],"params":{"listing_id":"170300053"},"type":"ListingImage","pagination":{}}