{"count":4,"results":[{"listing_image_id":693124732,"hex_code":"948F8B","red":148,"green":143,"blue":139,"hue":27,"saturation":6,"brightness":58,"is_black_and_white":false,"creation_tsz":1417535284,"listing_id":213692601,"rank":1,"url_75x75":"https:\/\/i.etsystatic.com\/9872515\/d\/il\/0feb8c\/693124732\/il_75x75.693124732_radv.jpg?version=0","url_170x135":"https:\/\/i.etsystatic.com\/9872515\/d\/il\/0feb8c\/693124732\/il_170x135.693124732_radv.jpg?version=0","url_570xN":"https:\/\/i.etsystatic.com\/9872515\/r\/il\/0feb8c\/693124732\/il_570xN.693124732_radv.jpg","url_fullxfull":"https:\/\/i.etsystatic.com\/9872515\/r\/il\/0feb8c\/693124732\/il_fullxfull.693124732_radv.jpg","full_height":320,"full_width":240},{"listing_image_id":748479453,"hex_code":"8A827E","red":138,"green":130,"blue":126,"hue":20,"saturation":8,"brightness":54,"is_black_and_white":false,"creation_tsz":1427434856,"listing_id":213692601,"rank":2,"url_75x75":"https:\/\/i.etsystatic.com\/9872515\/d\/il\/634824\/748479453\/il_75x75.748479453_jsg3.jpg?version=0","url_170x135":"https:\/\/i.etsystatic.com\/9872515\/d\/il\/634824\/748479453\/il_170x135.748479453_jsg3.jpg?version=0","url_570xN":"https:\/\/i.etsystatic.com\/9872515\/r\/il\/634824\/748479453\/il_570xN.748479453_jsg3.jpg","url_fullxfull":"https:\/\/i.etsystatic.com\/9872515\/r\/il\/634824\/748479453\/il_fullxfull.748479453_jsg3.jpg","full_height":813,"full_width":1000},{"listing_image_id":748351432,"hex_code":"868383","red":134,"green":131,"blue":131,"hue":0,"saturation":2,"brightness":52,"is_black_and_white":false,"creation_tsz":1427434856,"listing_id":213692601,"rank":3,"url_75x75":"https:\/\/i.etsystatic.com\/9872515\/d\/il\/0937c5\/748351432\/il_75x75.748351432_j6u6.jpg?version=0","url_170x135":"https:\/\/i.etsystatic.com\/9872515\/d\/il\/0937c5\/748351432\/il_170x135.748351432_j6u6.jpg?version=0","url_570xN":"https:\/\/i.etsystatic.com\/9872515\/r\/il\/0937c5\/748351432\/il_570xN.748351432_j6u6.jpg","url_fullxfull":"https:\/\/i.etsystatic.com\/9872515\/r\/il\/0937c5\/748351432\/il_fullxfull.748351432_j6u6.jpg","full_height":962,"full_width":674},{"listing_image_id":753735433,"hex_code":"EBEAEC","red":235,"green":234,"blue":236,"hue":270,"saturation":0,"brightness":92,"is_black_and_white":null,"creation_tsz":1428381358,"listing_id":213692601,"rank":4,"url_75x75":"https:\/\/i.etsystatic.com\/9872515\/d\/il\/a71a6f\/753735433\/il_75x75.753735433_h34y.jpg?version=0","url_170x135":"https:\/\/i.etsystatic.com\/9872515\/d\/il\/a71a6f\/753735433\/il_170x135.753735433_h34y.jpg?version=0","url_570xN":"https:\/\/i.etsystatic.com\/9872515\/r\/il\/a71a6f\/753735433\/il_570xN.753735433_h34y.jpg","url_fullxfull":"https:\/\/i.etsystatic.com\/9872515\/r\/il\/a71a6f\/753735433\/il_fullxfull.753735433_h34y.jpg","full_height":364,"full_width":739}],"params":{"listing_id":"213692601"},"type":"ListingImage","pagination":{}}