{"count":4,"results":[{"listing_image_id":759813927,"hex_code":"D29F8C","red":210,"green":159,"blue":140,"hue":16,"saturation":33,"brightness":82,"is_black_and_white":false,"creation_tsz":1429459538,"listing_id":230460706,"rank":1,"url_75x75":"https:\/\/i.etsystatic.com\/7049069\/d\/il\/aab02b\/759813927\/il_75x75.759813927_3kpw.jpg?version=0","url_170x135":"https:\/\/i.etsystatic.com\/7049069\/d\/il\/aab02b\/759813927\/il_170x135.759813927_3kpw.jpg?version=0","url_570xN":"https:\/\/i.etsystatic.com\/7049069\/r\/il\/aab02b\/759813927\/il_570xN.759813927_3kpw.jpg","url_fullxfull":"https:\/\/i.etsystatic.com\/7049069\/r\/il\/aab02b\/759813927\/il_fullxfull.759813927_3kpw.jpg","full_height":440,"full_width":570},{"listing_image_id":759689160,"hex_code":"B7C1B5","red":183,"green":193,"blue":181,"hue":110,"saturation":6,"brightness":75,"is_black_and_white":false,"creation_tsz":1429459538,"listing_id":230460706,"rank":2,"url_75x75":"https:\/\/i.etsystatic.com\/7049069\/d\/il\/d2628b\/759689160\/il_75x75.759689160_7pbn.jpg?version=0","url_170x135":"https:\/\/i.etsystatic.com\/7049069\/d\/il\/d2628b\/759689160\/il_170x135.759689160_7pbn.jpg?version=0","url_570xN":"https:\/\/i.etsystatic.com\/7049069\/r\/il\/d2628b\/759689160\/il_570xN.759689160_7pbn.jpg","url_fullxfull":"https:\/\/i.etsystatic.com\/7049069\/r\/il\/d2628b\/759689160\/il_fullxfull.759689160_7pbn.jpg","full_height":440,"full_width":570},{"listing_image_id":2275869890,"hex_code":"C7C7C4","red":199,"green":199,"blue":196,"hue":60,"saturation":1,"brightness":78,"is_black_and_white":false,"creation_tsz":1587590146,"listing_id":230460706,"rank":3,"url_75x75":"https:\/\/i.etsystatic.com\/7049069\/d\/il\/51b176\/2275869890\/il_75x75.2275869890_hwbn.jpg?version=0","url_170x135":"https:\/\/i.etsystatic.com\/7049069\/d\/il\/51b176\/2275869890\/il_170x135.2275869890_hwbn.jpg?version=0","url_570xN":"https:\/\/i.etsystatic.com\/7049069\/r\/il\/51b176\/2275869890\/il_570xN.2275869890_hwbn.jpg","url_fullxfull":"https:\/\/i.etsystatic.com\/7049069\/r\/il\/51b176\/2275869890\/il_fullxfull.2275869890_hwbn.jpg","full_height":613,"full_width":794},{"listing_image_id":2275869888,"hex_code":"C3C6C6","red":195,"green":198,"blue":198,"hue":180,"saturation":1,"brightness":77,"is_black_and_white":false,"creation_tsz":1587590146,"listing_id":230460706,"rank":4,"url_75x75":"https:\/\/i.etsystatic.com\/7049069\/d\/il\/66b009\/2275869888\/il_75x75.2275869888_1x3f.jpg?version=0","url_170x135":"https:\/\/i.etsystatic.com\/7049069\/d\/il\/66b009\/2275869888\/il_170x135.2275869888_1x3f.jpg?version=0","url_570xN":"https:\/\/i.etsystatic.com\/7049069\/r\/il\/66b009\/2275869888\/il_570xN.2275869888_1x3f.jpg","url_fullxfull":"https:\/\/i.etsystatic.com\/7049069\/r\/il\/66b009\/2275869888\/il_fullxfull.2275869888_1x3f.jpg","full_height":613,"full_width":794}],"params":{"listing_id":"230460706"},"type":"ListingImage","pagination":{}}