{"count":3,"results":[{"listing_image_id":908685618,"hex_code":"81644D","red":129,"green":100,"blue":77,"hue":27,"saturation":40,"brightness":50,"is_black_and_white":false,"creation_tsz":1453515360,"listing_id":265056849,"rank":1,"url_75x75":"https:\/\/i.etsystatic.com\/5738250\/d\/il\/7446f2\/908685618\/il_75x75.908685618_kn1x.jpg?version=0","url_170x135":"https:\/\/i.etsystatic.com\/5738250\/d\/il\/7446f2\/908685618\/il_170x135.908685618_kn1x.jpg?version=0","url_570xN":"https:\/\/i.etsystatic.com\/5738250\/r\/il\/7446f2\/908685618\/il_570xN.908685618_kn1x.jpg","url_fullxfull":"https:\/\/i.etsystatic.com\/5738250\/r\/il\/7446f2\/908685618\/il_fullxfull.908685618_kn1x.jpg","full_height":1125,"full_width":1500},{"listing_image_id":908439061,"hex_code":"857667","red":133,"green":118,"blue":103,"hue":30,"saturation":22,"brightness":52,"is_black_and_white":false,"creation_tsz":1453515360,"listing_id":265056849,"rank":2,"url_75x75":"https:\/\/i.etsystatic.com\/5738250\/d\/il\/dc74cf\/908439061\/il_75x75.908439061_5ajz.jpg?version=0","url_170x135":"https:\/\/i.etsystatic.com\/5738250\/d\/il\/dc74cf\/908439061\/il_170x135.908439061_5ajz.jpg?version=0","url_570xN":"https:\/\/i.etsystatic.com\/5738250\/r\/il\/dc74cf\/908439061\/il_570xN.908439061_5ajz.jpg","url_fullxfull":"https:\/\/i.etsystatic.com\/5738250\/r\/il\/dc74cf\/908439061\/il_fullxfull.908439061_5ajz.jpg","full_height":1125,"full_width":1500},{"listing_image_id":908685594,"hex_code":"79614D","red":121,"green":97,"blue":77,"hue":27,"saturation":36,"brightness":47,"is_black_and_white":false,"creation_tsz":1453515360,"listing_id":265056849,"rank":3,"url_75x75":"https:\/\/i.etsystatic.com\/5738250\/d\/il\/bd9f87\/908685594\/il_75x75.908685594_4trm.jpg?version=0","url_170x135":"https:\/\/i.etsystatic.com\/5738250\/d\/il\/bd9f87\/908685594\/il_170x135.908685594_4trm.jpg?version=0","url_570xN":"https:\/\/i.etsystatic.com\/5738250\/r\/il\/bd9f87\/908685594\/il_570xN.908685594_4trm.jpg","url_fullxfull":"https:\/\/i.etsystatic.com\/5738250\/r\/il\/bd9f87\/908685594\/il_fullxfull.908685594_4trm.jpg","full_height":1125,"full_width":1500}],"params":{"listing_id":"265056849"},"type":"ListingImage","pagination":{}}