{"count":2,"results":[{"listing_image_id":898722408,"hex_code":"B0A28C","red":176,"green":162,"blue":140,"hue":37,"saturation":20,"brightness":69,"is_black_and_white":false,"creation_tsz":1452091494,"listing_id":262847598,"rank":1,"url_75x75":"https:\/\/i.etsystatic.com\/7472150\/d\/il\/97d904\/898722408\/il_75x75.898722408_gv88.jpg?version=0","url_170x135":"https:\/\/i.etsystatic.com\/7472150\/d\/il\/97d904\/898722408\/il_170x135.898722408_gv88.jpg?version=0","url_570xN":"https:\/\/i.etsystatic.com\/7472150\/r\/il\/97d904\/898722408\/il_570xN.898722408_gv88.jpg","url_fullxfull":"https:\/\/i.etsystatic.com\/7472150\/r\/il\/97d904\/898722408\/il_fullxfull.898722408_gv88.jpg","full_height":487,"full_width":726},{"listing_image_id":898483751,"hex_code":"DFDFDF","red":223,"green":223,"blue":223,"hue":0,"saturation":0,"brightness":87,"is_black_and_white":null,"creation_tsz":1452091494,"listing_id":262847598,"rank":2,"url_75x75":"https:\/\/i.etsystatic.com\/7472150\/d\/il\/8add28\/898483751\/il_75x75.898483751_534g.jpg?version=0","url_170x135":"https:\/\/i.etsystatic.com\/7472150\/d\/il\/8add28\/898483751\/il_170x135.898483751_534g.jpg?version=0","url_570xN":"https:\/\/i.etsystatic.com\/7472150\/r\/il\/8add28\/898483751\/il_570xN.898483751_534g.jpg","url_fullxfull":"https:\/\/i.etsystatic.com\/7472150\/r\/il\/8add28\/898483751\/il_fullxfull.898483751_534g.jpg","full_height":478,"full_width":841}],"params":{"listing_id":"262847598"},"type":"ListingImage","pagination":{}}