{"count":5,"results":[{"listing_image_id":642595979,"hex_code":"6D6C6B","red":109,"green":108,"blue":107,"hue":30,"saturation":1,"brightness":42,"is_black_and_white":false,"creation_tsz":1408507234,"listing_id":200529992,"rank":1,"url_75x75":"https:\/\/i.etsystatic.com\/9872515\/d\/il\/444961\/642595979\/il_75x75.642595979_8aw0.jpg?version=0","url_170x135":"https:\/\/i.etsystatic.com\/9872515\/d\/il\/444961\/642595979\/il_170x135.642595979_8aw0.jpg?version=0","url_570xN":"https:\/\/i.etsystatic.com\/9872515\/r\/il\/444961\/642595979\/il_570xN.642595979_8aw0.jpg","url_fullxfull":"https:\/\/i.etsystatic.com\/9872515\/r\/il\/444961\/642595979\/il_fullxfull.642595979_8aw0.jpg","full_height":835,"full_width":960},{"listing_image_id":743647420,"hex_code":"937764","red":147,"green":119,"blue":100,"hue":24,"saturation":31,"brightness":57,"is_black_and_white":false,"creation_tsz":1426650948,"listing_id":200529992,"rank":2,"url_75x75":"https:\/\/i.etsystatic.com\/9872515\/d\/il\/a0168d\/743647420\/il_75x75.743647420_q5zw.jpg?version=0","url_170x135":"https:\/\/i.etsystatic.com\/9872515\/d\/il\/a0168d\/743647420\/il_170x135.743647420_q5zw.jpg?version=0","url_570xN":"https:\/\/i.etsystatic.com\/9872515\/r\/il\/a0168d\/743647420\/il_570xN.743647420_q5zw.jpg","url_fullxfull":"https:\/\/i.etsystatic.com\/9872515\/r\/il\/a0168d\/743647420\/il_fullxfull.743647420_q5zw.jpg","full_height":1500,"full_width":1157},{"listing_image_id":730295964,"hex_code":"6D5E57","red":109,"green":94,"blue":87,"hue":19,"saturation":20,"brightness":42,"is_black_and_white":false,"creation_tsz":1424406311,"listing_id":200529992,"rank":3,"url_75x75":"https:\/\/i.etsystatic.com\/9872515\/d\/il\/8f8a9d\/730295964\/il_75x75.730295964_adlt.jpg?version=0","url_170x135":"https:\/\/i.etsystatic.com\/9872515\/d\/il\/8f8a9d\/730295964\/il_170x135.730295964_adlt.jpg?version=0","url_570xN":"https:\/\/i.etsystatic.com\/9872515\/r\/il\/8f8a9d\/730295964\/il_570xN.730295964_adlt.jpg","url_fullxfull":"https:\/\/i.etsystatic.com\/9872515\/r\/il\/8f8a9d\/730295964\/il_fullxfull.730295964_adlt.jpg","full_height":1106,"full_width":1500},{"listing_image_id":743647404,"hex_code":"9C8D83","red":156,"green":141,"blue":131,"hue":24,"saturation":16,"brightness":61,"is_black_and_white":false,"creation_tsz":1426650948,"listing_id":200529992,"rank":4,"url_75x75":"https:\/\/i.etsystatic.com\/9872515\/d\/il\/e6b28e\/743647404\/il_75x75.743647404_l75p.jpg?version=0","url_170x135":"https:\/\/i.etsystatic.com\/9872515\/d\/il\/e6b28e\/743647404\/il_170x135.743647404_l75p.jpg?version=0","url_570xN":"https:\/\/i.etsystatic.com\/9872515\/r\/il\/e6b28e\/743647404\/il_570xN.743647404_l75p.jpg","url_fullxfull":"https:\/\/i.etsystatic.com\/9872515\/r\/il\/e6b28e\/743647404\/il_fullxfull.743647404_l75p.jpg","full_height":852,"full_width":938},{"listing_image_id":753743767,"hex_code":"EBEAEC","red":235,"green":234,"blue":236,"hue":270,"saturation":0,"brightness":92,"is_black_and_white":null,"creation_tsz":1428382724,"listing_id":200529992,"rank":5,"url_75x75":"https:\/\/i.etsystatic.com\/9872515\/d\/il\/6c27ac\/753743767\/il_75x75.753743767_hgj2.jpg?version=0","url_170x135":"https:\/\/i.etsystatic.com\/9872515\/d\/il\/6c27ac\/753743767\/il_170x135.753743767_hgj2.jpg?version=0","url_570xN":"https:\/\/i.etsystatic.com\/9872515\/r\/il\/6c27ac\/753743767\/il_570xN.753743767_hgj2.jpg","url_fullxfull":"https:\/\/i.etsystatic.com\/9872515\/r\/il\/6c27ac\/753743767\/il_fullxfull.753743767_hgj2.jpg","full_height":364,"full_width":739}],"params":{"listing_id":"200529992"},"type":"ListingImage","pagination":{}}