{"count":3,"results":[{"listing_image_id":768842794,"hex_code":"8D6F61","red":141,"green":111,"blue":97,"hue":19,"saturation":31,"brightness":55,"is_black_and_white":false,"creation_tsz":1431035762,"listing_id":232630217,"rank":1,"url_75x75":"https:\/\/i.etsystatic.com\/5278042\/d\/il\/84d71b\/768842794\/il_75x75.768842794_ox96.jpg?version=0","url_170x135":"https:\/\/i.etsystatic.com\/5278042\/d\/il\/84d71b\/768842794\/il_170x135.768842794_ox96.jpg?version=0","url_570xN":"https:\/\/i.etsystatic.com\/5278042\/r\/il\/84d71b\/768842794\/il_570xN.768842794_ox96.jpg","url_fullxfull":"https:\/\/i.etsystatic.com\/5278042\/r\/il\/84d71b\/768842794\/il_fullxfull.768842794_ox96.jpg","full_height":616,"full_width":863},{"listing_image_id":768842676,"hex_code":"000000","red":0,"green":0,"blue":0,"hue":0,"saturation":0,"brightness":0,"is_black_and_white":null,"creation_tsz":1431035762,"listing_id":232630217,"rank":2,"url_75x75":"https:\/\/i.etsystatic.com\/5278042\/d\/il\/6b5c2e\/768842676\/il_75x75.768842676_ny93.jpg?version=0","url_170x135":"https:\/\/i.etsystatic.com\/5278042\/d\/il\/6b5c2e\/768842676\/il_170x135.768842676_ny93.jpg?version=0","url_570xN":"https:\/\/i.etsystatic.com\/5278042\/r\/il\/6b5c2e\/768842676\/il_570xN.768842676_ny93.jpg","url_fullxfull":"https:\/\/i.etsystatic.com\/5278042\/r\/il\/6b5c2e\/768842676\/il_fullxfull.768842676_ny93.jpg","full_height":464,"full_width":650},{"listing_image_id":768885531,"hex_code":"8E7965","red":142,"green":121,"blue":101,"hue":29,"saturation":28,"brightness":55,"is_black_and_white":false,"creation_tsz":1431035762,"listing_id":232630217,"rank":3,"url_75x75":"https:\/\/i.etsystatic.com\/5278042\/d\/il\/568283\/768885531\/il_75x75.768885531_ftvp.jpg?version=0","url_170x135":"https:\/\/i.etsystatic.com\/5278042\/d\/il\/568283\/768885531\/il_170x135.768885531_ftvp.jpg?version=0","url_570xN":"https:\/\/i.etsystatic.com\/5278042\/r\/il\/568283\/768885531\/il_570xN.768885531_ftvp.jpg","url_fullxfull":"https:\/\/i.etsystatic.com\/5278042\/r\/il\/568283\/768885531\/il_fullxfull.768885531_ftvp.jpg","full_height":714,"full_width":999}],"params":{"listing_id":"232630217"},"type":"ListingImage","pagination":{}}