{"count":2,"results":[{"listing_image_id":851840935,"hex_code":"9F947F","red":159,"green":148,"blue":127,"hue":39,"saturation":20,"brightness":62,"is_black_and_white":false,"creation_tsz":1445102922,"listing_id":252384462,"rank":1,"url_75x75":"https:\/\/i.etsystatic.com\/11152259\/d\/il\/460553\/851840935\/il_75x75.851840935_j49x.jpg?version=1","url_170x135":"https:\/\/i.etsystatic.com\/11152259\/d\/il\/460553\/851840935\/il_170x135.851840935_j49x.jpg?version=1","url_570xN":"https:\/\/i.etsystatic.com\/11152259\/r\/il\/460553\/851840935\/il_570xN.851840935_j49x.jpg","url_fullxfull":"https:\/\/i.etsystatic.com\/11152259\/r\/il\/460553\/851840935\/il_fullxfull.851840935_j49x.jpg","full_height":1109,"full_width":1500},{"listing_image_id":851841123,"hex_code":"C0C0B9","red":192,"green":192,"blue":185,"hue":60,"saturation":3,"brightness":75,"is_black_and_white":false,"creation_tsz":1445102922,"listing_id":252384462,"rank":2,"url_75x75":"https:\/\/i.etsystatic.com\/11152259\/d\/il\/d48daa\/851841123\/il_75x75.851841123_ap6a.jpg?version=0","url_170x135":"https:\/\/i.etsystatic.com\/11152259\/d\/il\/d48daa\/851841123\/il_170x135.851841123_ap6a.jpg?version=0","url_570xN":"https:\/\/i.etsystatic.com\/11152259\/r\/il\/d48daa\/851841123\/il_570xN.851841123_ap6a.jpg","url_fullxfull":"https:\/\/i.etsystatic.com\/11152259\/r\/il\/d48daa\/851841123\/il_fullxfull.851841123_ap6a.jpg","full_height":992,"full_width":1500}],"params":{"listing_id":"252384462"},"type":"ListingImage","pagination":{}}