{"count":4,"results":[{"listing_image_id":1553403395,"hex_code":"A58A86","red":165,"green":138,"blue":134,"hue":8,"saturation":18,"brightness":64,"is_black_and_white":false,"creation_tsz":1526539732,"listing_id":247653876,"rank":1,"url_75x75":"https:\/\/i.etsystatic.com\/6217395\/c\/933\/741\/54\/7\/il\/a8fb86\/1553403395\/il_75x75.1553403395_g4o6.jpg","url_170x135":"https:\/\/i.etsystatic.com\/6217395\/c\/933\/741\/54\/7\/il\/a8fb86\/1553403395\/il_170x135.1553403395_g4o6.jpg","url_570xN":"https:\/\/i.etsystatic.com\/6217395\/r\/il\/a8fb86\/1553403395\/il_570xN.1553403395_g4o6.jpg","url_fullxfull":"https:\/\/i.etsystatic.com\/6217395\/r\/il\/a8fb86\/1553403395\/il_fullxfull.1553403395_g4o6.jpg","full_height":838,"full_width":1063},{"listing_image_id":831950226,"hex_code":"000000","red":0,"green":0,"blue":0,"hue":0,"saturation":0,"brightness":0,"is_black_and_white":null,"creation_tsz":1441952888,"listing_id":247653876,"rank":2,"url_75x75":"https:\/\/i.etsystatic.com\/6217395\/d\/il\/e15a60\/831950226\/il_75x75.831950226_864f.jpg?version=0","url_170x135":"https:\/\/i.etsystatic.com\/6217395\/d\/il\/e15a60\/831950226\/il_170x135.831950226_864f.jpg?version=0","url_570xN":"https:\/\/i.etsystatic.com\/6217395\/r\/il\/e15a60\/831950226\/il_570xN.831950226_864f.jpg","url_fullxfull":"https:\/\/i.etsystatic.com\/6217395\/r\/il\/e15a60\/831950226\/il_fullxfull.831950226_864f.jpg","full_height":745,"full_width":1138},{"listing_image_id":1715918421,"hex_code":"C4A1A5","red":196,"green":161,"blue":165,"hue":353,"saturation":17,"brightness":76,"is_black_and_white":false,"creation_tsz":1541484388,"listing_id":247653876,"rank":3,"url_75x75":"https:\/\/i.etsystatic.com\/6217395\/d\/il\/b29049\/1715918421\/il_75x75.1715918421_aba7.jpg?version=0","url_170x135":"https:\/\/i.etsystatic.com\/6217395\/d\/il\/b29049\/1715918421\/il_170x135.1715918421_aba7.jpg?version=0","url_570xN":"https:\/\/i.etsystatic.com\/6217395\/r\/il\/b29049\/1715918421\/il_570xN.1715918421_aba7.jpg","url_fullxfull":"https:\/\/i.etsystatic.com\/6217395\/r\/il\/b29049\/1715918421\/il_fullxfull.1715918421_aba7.jpg","full_height":412,"full_width":1122},{"listing_image_id":1668444458,"hex_code":"A1A19C","red":161,"green":161,"blue":156,"hue":60,"saturation":3,"brightness":63,"is_black_and_white":false,"creation_tsz":1541484388,"listing_id":247653876,"rank":4,"url_75x75":"https:\/\/i.etsystatic.com\/6217395\/d\/il\/a39de6\/1668444458\/il_75x75.1668444458_k3k9.jpg?version=0","url_170x135":"https:\/\/i.etsystatic.com\/6217395\/d\/il\/a39de6\/1668444458\/il_170x135.1668444458_k3k9.jpg?version=0","url_570xN":"https:\/\/i.etsystatic.com\/6217395\/r\/il\/a39de6\/1668444458\/il_570xN.1668444458_k3k9.jpg","url_fullxfull":"https:\/\/i.etsystatic.com\/6217395\/r\/il\/a39de6\/1668444458\/il_fullxfull.1668444458_k3k9.jpg","full_height":748,"full_width":1139}],"params":{"listing_id":"247653876"},"type":"ListingImage","pagination":{}}