{"count":8,"results":[{"listing_image_id":2550243194,"hex_code":"9D9373","red":157,"green":147,"blue":115,"hue":46,"saturation":26,"brightness":61,"is_black_and_white":false,"creation_tsz":1601047797,"listing_id":261801431,"rank":1,"url_75x75":"https:\/\/i.etsystatic.com\/9597945\/d\/il\/630526\/2550243194\/il_75x75.2550243194_eg6e.jpg?version=0","url_170x135":"https:\/\/i.etsystatic.com\/9597945\/d\/il\/630526\/2550243194\/il_170x135.2550243194_eg6e.jpg?version=0","url_570xN":"https:\/\/i.etsystatic.com\/9597945\/r\/il\/630526\/2550243194\/il_570xN.2550243194_eg6e.jpg","url_fullxfull":"https:\/\/i.etsystatic.com\/9597945\/r\/il\/630526\/2550243194\/il_fullxfull.2550243194_eg6e.jpg","full_height":2400,"full_width":3000},{"listing_image_id":2406275344,"hex_code":"000000","red":0,"green":0,"blue":0,"hue":0,"saturation":0,"brightness":0,"is_black_and_white":null,"creation_tsz":1594439349,"listing_id":261801431,"rank":2,"url_75x75":"https:\/\/i.etsystatic.com\/9597945\/d\/il\/61421b\/2406275344\/il_75x75.2406275344_1lfj.jpg?version=0","url_170x135":"https:\/\/i.etsystatic.com\/9597945\/d\/il\/61421b\/2406275344\/il_170x135.2406275344_1lfj.jpg?version=0","url_570xN":"https:\/\/i.etsystatic.com\/9597945\/r\/il\/61421b\/2406275344\/il_570xN.2406275344_1lfj.jpg","url_fullxfull":"https:\/\/i.etsystatic.com\/9597945\/r\/il\/61421b\/2406275344\/il_fullxfull.2406275344_1lfj.jpg","full_height":2400,"full_width":3000},{"listing_image_id":1906601417,"hex_code":"A8A19D","red":168,"green":161,"blue":157,"hue":22,"saturation":6,"brightness":65,"is_black_and_white":false,"creation_tsz":1556373115,"listing_id":261801431,"rank":3,"url_75x75":"https:\/\/i.etsystatic.com\/9597945\/d\/il\/df5fc4\/1906601417\/il_75x75.1906601417_6ybk.jpg?version=0","url_170x135":"https:\/\/i.etsystatic.com\/9597945\/d\/il\/df5fc4\/1906601417\/il_170x135.1906601417_6ybk.jpg?version=0","url_570xN":"https:\/\/i.etsystatic.com\/9597945\/r\/il\/df5fc4\/1906601417\/il_570xN.1906601417_6ybk.jpg","url_fullxfull":"https:\/\/i.etsystatic.com\/9597945\/r\/il\/df5fc4\/1906601417\/il_fullxfull.1906601417_6ybk.jpg","full_height":2500,"full_width":3000},{"listing_image_id":1906601109,"hex_code":"AFA194","red":175,"green":161,"blue":148,"hue":29,"saturation":15,"brightness":68,"is_black_and_white":false,"creation_tsz":1556373115,"listing_id":261801431,"rank":4,"url_75x75":"https:\/\/i.etsystatic.com\/9597945\/d\/il\/ceeb0a\/1906601109\/il_75x75.1906601109_5o0x.jpg?version=0","url_170x135":"https:\/\/i.etsystatic.com\/9597945\/d\/il\/ceeb0a\/1906601109\/il_170x135.1906601109_5o0x.jpg?version=0","url_570xN":"https:\/\/i.etsystatic.com\/9597945\/r\/il\/ceeb0a\/1906601109\/il_570xN.1906601109_5o0x.jpg","url_fullxfull":"https:\/\/i.etsystatic.com\/9597945\/r\/il\/ceeb0a\/1906601109\/il_fullxfull.1906601109_5o0x.jpg","full_height":2400,"full_width":3000},{"listing_image_id":1725490659,"hex_code":"906E61","red":144,"green":110,"blue":97,"hue":17,"saturation":32,"brightness":56,"is_black_and_white":false,"creation_tsz":1541694524,"listing_id":261801431,"rank":5,"url_75x75":"https:\/\/i.etsystatic.com\/9597945\/d\/il\/264444\/1725490659\/il_75x75.1725490659_iqqc.jpg?version=0","url_170x135":"https:\/\/i.etsystatic.com\/9597945\/d\/il\/264444\/1725490659\/il_170x135.1725490659_iqqc.jpg?version=0","url_570xN":"https:\/\/i.etsystatic.com\/9597945\/r\/il\/264444\/1725490659\/il_570xN.1725490659_iqqc.jpg","url_fullxfull":"https:\/\/i.etsystatic.com\/9597945\/r\/il\/264444\/1725490659\/il_fullxfull.1725490659_iqqc.jpg","full_height":2400,"full_width":3000},{"listing_image_id":1725490801,"hex_code":"9E8376","red":158,"green":131,"blue":118,"hue":20,"saturation":25,"brightness":61,"is_black_and_white":false,"creation_tsz":1541694524,"listing_id":261801431,"rank":6,"url_75x75":"https:\/\/i.etsystatic.com\/9597945\/d\/il\/f6ee66\/1725490801\/il_75x75.1725490801_5p4m.jpg?version=0","url_170x135":"https:\/\/i.etsystatic.com\/9597945\/d\/il\/f6ee66\/1725490801\/il_170x135.1725490801_5p4m.jpg?version=0","url_570xN":"https:\/\/i.etsystatic.com\/9597945\/r\/il\/f6ee66\/1725490801\/il_570xN.1725490801_5p4m.jpg","url_fullxfull":"https:\/\/i.etsystatic.com\/9597945\/r\/il\/f6ee66\/1725490801\/il_fullxfull.1725490801_5p4m.jpg","full_height":2400,"full_width":3000},{"listing_image_id":1801269011,"hex_code":"989392","red":152,"green":147,"blue":146,"hue":10,"saturation":3,"brightness":59,"is_black_and_white":false,"creation_tsz":1548122899,"listing_id":261801431,"rank":7,"url_75x75":"https:\/\/i.etsystatic.com\/9597945\/d\/il\/c00dce\/1801269011\/il_75x75.1801269011_p48n.jpg?version=0","url_170x135":"https:\/\/i.etsystatic.com\/9597945\/d\/il\/c00dce\/1801269011\/il_170x135.1801269011_p48n.jpg?version=0","url_570xN":"https:\/\/i.etsystatic.com\/9597945\/r\/il\/c00dce\/1801269011\/il_570xN.1801269011_p48n.jpg","url_fullxfull":"https:\/\/i.etsystatic.com\/9597945\/r\/il\/c00dce\/1801269011\/il_fullxfull.1801269011_p48n.jpg","full_height":2400,"full_width":3000},{"listing_image_id":1678017900,"hex_code":"947364","red":148,"green":115,"blue":100,"hue":19,"saturation":32,"brightness":58,"is_black_and_white":false,"creation_tsz":1541694524,"listing_id":261801431,"rank":8,"url_75x75":"https:\/\/i.etsystatic.com\/9597945\/d\/il\/197293\/1678017900\/il_75x75.1678017900_awi4.jpg?version=0","url_170x135":"https:\/\/i.etsystatic.com\/9597945\/d\/il\/197293\/1678017900\/il_170x135.1678017900_awi4.jpg?version=0","url_570xN":"https:\/\/i.etsystatic.com\/9597945\/r\/il\/197293\/1678017900\/il_570xN.1678017900_awi4.jpg","url_fullxfull":"https:\/\/i.etsystatic.com\/9597945\/r\/il\/197293\/1678017900\/il_fullxfull.1678017900_awi4.jpg","full_height":2400,"full_width":3000}],"params":{"listing_id":"261801431"},"type":"ListingImage","pagination":{}}