{"count":3,"results":[{"listing_image_id":2446383181,"hex_code":"ADAE9F","red":173,"green":174,"blue":159,"hue":64,"saturation":8,"brightness":68,"is_black_and_white":false,"creation_tsz":1594078471,"listing_id":223825900,"rank":1,"url_75x75":"https:\/\/i.etsystatic.com\/7899705\/c\/1842\/1464\/291\/0\/il\/2aa89a\/2446383181\/il_75x75.2446383181_956b.jpg","url_170x135":"https:\/\/i.etsystatic.com\/7899705\/c\/1842\/1464\/291\/0\/il\/2aa89a\/2446383181\/il_170x135.2446383181_956b.jpg","url_570xN":"https:\/\/i.etsystatic.com\/7899705\/r\/il\/2aa89a\/2446383181\/il_570xN.2446383181_956b.jpg","url_fullxfull":"https:\/\/i.etsystatic.com\/7899705\/r\/il\/2aa89a\/2446383181\/il_fullxfull.2446383181_956b.jpg","full_height":1961,"full_width":2450},{"listing_image_id":732402331,"hex_code":"948270","red":148,"green":130,"blue":112,"hue":30,"saturation":24,"brightness":58,"is_black_and_white":false,"creation_tsz":1424741822,"listing_id":223825900,"rank":2,"url_75x75":"https:\/\/i.etsystatic.com\/7899705\/d\/il\/f8feb2\/732402331\/il_75x75.732402331_8w5m.jpg?version=0","url_170x135":"https:\/\/i.etsystatic.com\/7899705\/d\/il\/f8feb2\/732402331\/il_170x135.732402331_8w5m.jpg?version=0","url_570xN":"https:\/\/i.etsystatic.com\/7899705\/r\/il\/f8feb2\/732402331\/il_570xN.732402331_8w5m.jpg","url_fullxfull":"https:\/\/i.etsystatic.com\/7899705\/r\/il\/f8feb2\/732402331\/il_fullxfull.732402331_8w5m.jpg","full_height":1000,"full_width":1500},{"listing_image_id":732402203,"hex_code":"87755B","red":135,"green":117,"blue":91,"hue":35,"saturation":32,"brightness":52,"is_black_and_white":false,"creation_tsz":1424741822,"listing_id":223825900,"rank":3,"url_75x75":"https:\/\/i.etsystatic.com\/7899705\/d\/il\/45cef9\/732402203\/il_75x75.732402203_3kmm.jpg?version=1","url_170x135":"https:\/\/i.etsystatic.com\/7899705\/d\/il\/45cef9\/732402203\/il_170x135.732402203_3kmm.jpg?version=1","url_570xN":"https:\/\/i.etsystatic.com\/7899705\/r\/il\/45cef9\/732402203\/il_570xN.732402203_3kmm.jpg","url_fullxfull":"https:\/\/i.etsystatic.com\/7899705\/r\/il\/45cef9\/732402203\/il_fullxfull.732402203_3kmm.jpg","full_height":1500,"full_width":1370}],"params":{"listing_id":"223825900"},"type":"ListingImage","pagination":{}}