{"count":2,"results":[{"listing_image_id":995291898,"hex_code":"95946E","red":149,"green":148,"blue":110,"hue":58,"saturation":26,"brightness":58,"is_black_and_white":false,"creation_tsz":1466379224,"listing_id":400724649,"rank":1,"url_75x75":"https:\/\/i.etsystatic.com\/6277957\/c\/433\/344\/0\/53\/il\/e9513e\/995291898\/il_75x75.995291898_iqie.jpg","url_170x135":"https:\/\/i.etsystatic.com\/6277957\/c\/433\/344\/0\/53\/il\/e9513e\/995291898\/il_170x135.995291898_iqie.jpg","url_570xN":"https:\/\/i.etsystatic.com\/6277957\/r\/il\/e9513e\/995291898\/il_570xN.995291898_iqie.jpg","url_fullxfull":"https:\/\/i.etsystatic.com\/6277957\/r\/il\/e9513e\/995291898\/il_fullxfull.995291898_iqie.jpg","full_height":578,"full_width":433},{"listing_image_id":1288676203,"hex_code":"ABA897","red":171,"green":168,"blue":151,"hue":51,"saturation":11,"brightness":67,"is_black_and_white":false,"creation_tsz":1500070504,"listing_id":400724649,"rank":2,"url_75x75":"https:\/\/i.etsystatic.com\/6277957\/d\/il\/6521ee\/1288676203\/il_75x75.1288676203_2q2v.jpg?version=0","url_170x135":"https:\/\/i.etsystatic.com\/6277957\/d\/il\/6521ee\/1288676203\/il_170x135.1288676203_2q2v.jpg?version=0","url_570xN":"https:\/\/i.etsystatic.com\/6277957\/r\/il\/6521ee\/1288676203\/il_570xN.1288676203_2q2v.jpg","url_fullxfull":"https:\/\/i.etsystatic.com\/6277957\/r\/il\/6521ee\/1288676203\/il_fullxfull.1288676203_2q2v.jpg","full_height":775,"full_width":559}],"params":{"listing_id":"400724649"},"type":"ListingImage","pagination":{}}