{"count":5,"results":[{"listing_image_id":1173817847,"hex_code":"9B9385","red":155,"green":147,"blue":133,"hue":38,"saturation":14,"brightness":60,"is_black_and_white":false,"creation_tsz":1485099145,"listing_id":493487638,"rank":1,"url_75x75":"https:\/\/i.etsystatic.com\/9523028\/d\/il\/f4d943\/1173817847\/il_75x75.1173817847_7t3h.jpg?version=0","url_170x135":"https:\/\/i.etsystatic.com\/9523028\/d\/il\/f4d943\/1173817847\/il_170x135.1173817847_7t3h.jpg?version=0","url_570xN":"https:\/\/i.etsystatic.com\/9523028\/r\/il\/f4d943\/1173817847\/il_570xN.1173817847_7t3h.jpg","url_fullxfull":"https:\/\/i.etsystatic.com\/9523028\/r\/il\/f4d943\/1173817847\/il_fullxfull.1173817847_7t3h.jpg","full_height":1500,"full_width":1500},{"listing_image_id":1173817905,"hex_code":"706A5F","red":112,"green":106,"blue":95,"hue":39,"saturation":15,"brightness":43,"is_black_and_white":false,"creation_tsz":1485099145,"listing_id":493487638,"rank":2,"url_75x75":"https:\/\/i.etsystatic.com\/9523028\/d\/il\/dfdc60\/1173817905\/il_75x75.1173817905_awk0.jpg?version=0","url_170x135":"https:\/\/i.etsystatic.com\/9523028\/d\/il\/dfdc60\/1173817905\/il_170x135.1173817905_awk0.jpg?version=0","url_570xN":"https:\/\/i.etsystatic.com\/9523028\/r\/il\/dfdc60\/1173817905\/il_570xN.1173817905_awk0.jpg","url_fullxfull":"https:\/\/i.etsystatic.com\/9523028\/r\/il\/dfdc60\/1173817905\/il_fullxfull.1173817905_awk0.jpg","full_height":1500,"full_width":1065},{"listing_image_id":1173817943,"hex_code":"898271","red":137,"green":130,"blue":113,"hue":42,"saturation":17,"brightness":53,"is_black_and_white":false,"creation_tsz":1485099145,"listing_id":493487638,"rank":3,"url_75x75":"https:\/\/i.etsystatic.com\/9523028\/d\/il\/bbf7d0\/1173817943\/il_75x75.1173817943_rchh.jpg?version=0","url_170x135":"https:\/\/i.etsystatic.com\/9523028\/d\/il\/bbf7d0\/1173817943\/il_170x135.1173817943_rchh.jpg?version=0","url_570xN":"https:\/\/i.etsystatic.com\/9523028\/r\/il\/bbf7d0\/1173817943\/il_570xN.1173817943_rchh.jpg","url_fullxfull":"https:\/\/i.etsystatic.com\/9523028\/r\/il\/bbf7d0\/1173817943\/il_fullxfull.1173817943_rchh.jpg","full_height":1500,"full_width":965},{"listing_image_id":1127214582,"hex_code":"746F62","red":116,"green":111,"blue":98,"hue":43,"saturation":15,"brightness":45,"is_black_and_white":false,"creation_tsz":1485099145,"listing_id":493487638,"rank":4,"url_75x75":"https:\/\/i.etsystatic.com\/9523028\/d\/il\/4aea0c\/1127214582\/il_75x75.1127214582_48lw.jpg?version=0","url_170x135":"https:\/\/i.etsystatic.com\/9523028\/d\/il\/4aea0c\/1127214582\/il_170x135.1127214582_48lw.jpg?version=0","url_570xN":"https:\/\/i.etsystatic.com\/9523028\/r\/il\/4aea0c\/1127214582\/il_570xN.1127214582_48lw.jpg","url_fullxfull":"https:\/\/i.etsystatic.com\/9523028\/r\/il\/4aea0c\/1127214582\/il_fullxfull.1127214582_48lw.jpg","full_height":1500,"full_width":946},{"listing_image_id":1563707786,"hex_code":"969695","red":150,"green":150,"blue":149,"hue":60,"saturation":0,"brightness":58,"is_black_and_white":false,"creation_tsz":1531959792,"listing_id":493487638,"rank":5,"url_75x75":"https:\/\/i.etsystatic.com\/9523028\/d\/il\/206d5c\/1563707786\/il_75x75.1563707786_bqel.jpg?version=0","url_170x135":"https:\/\/i.etsystatic.com\/9523028\/d\/il\/206d5c\/1563707786\/il_170x135.1563707786_bqel.jpg?version=0","url_570xN":"https:\/\/i.etsystatic.com\/9523028\/r\/il\/206d5c\/1563707786\/il_570xN.1563707786_bqel.jpg","url_fullxfull":"https:\/\/i.etsystatic.com\/9523028\/r\/il\/206d5c\/1563707786\/il_fullxfull.1563707786_bqel.jpg","full_height":2406,"full_width":3000}],"params":{"listing_id":"493487638"},"type":"ListingImage","pagination":{}}