{"count":5,"results":[{"listing_image_id":1141339135,"hex_code":"A5A4A5","red":165,"green":164,"blue":165,"hue":300,"saturation":0,"brightness":64,"is_black_and_white":false,"creation_tsz":1480435301,"listing_id":495342341,"rank":1,"url_75x75":"https:\/\/i.etsystatic.com\/11356117\/d\/il\/c3c75d\/1141339135\/il_75x75.1141339135_lbpb.jpg?version=0","url_170x135":"https:\/\/i.etsystatic.com\/11356117\/d\/il\/c3c75d\/1141339135\/il_170x135.1141339135_lbpb.jpg?version=0","url_570xN":"https:\/\/i.etsystatic.com\/11356117\/r\/il\/c3c75d\/1141339135\/il_570xN.1141339135_lbpb.jpg","url_fullxfull":"https:\/\/i.etsystatic.com\/11356117\/r\/il\/c3c75d\/1141339135\/il_fullxfull.1141339135_lbpb.jpg","full_height":1125,"full_width":1500},{"listing_image_id":1141339169,"hex_code":"8D8A8B","red":141,"green":138,"blue":139,"hue":340,"saturation":2,"brightness":55,"is_black_and_white":false,"creation_tsz":1480435301,"listing_id":495342341,"rank":2,"url_75x75":"https:\/\/i.etsystatic.com\/11356117\/d\/il\/f80fa8\/1141339169\/il_75x75.1141339169_duik.jpg?version=0","url_170x135":"https:\/\/i.etsystatic.com\/11356117\/d\/il\/f80fa8\/1141339169\/il_170x135.1141339169_duik.jpg?version=0","url_570xN":"https:\/\/i.etsystatic.com\/11356117\/r\/il\/f80fa8\/1141339169\/il_570xN.1141339169_duik.jpg","url_fullxfull":"https:\/\/i.etsystatic.com\/11356117\/r\/il\/f80fa8\/1141339169\/il_fullxfull.1141339169_duik.jpg","full_height":1125,"full_width":1500},{"listing_image_id":1141339237,"hex_code":"A7A5A6","red":167,"green":165,"blue":166,"hue":330,"saturation":1,"brightness":65,"is_black_and_white":false,"creation_tsz":1480435301,"listing_id":495342341,"rank":3,"url_75x75":"https:\/\/i.etsystatic.com\/11356117\/d\/il\/44895b\/1141339237\/il_75x75.1141339237_i3dk.jpg?version=0","url_170x135":"https:\/\/i.etsystatic.com\/11356117\/d\/il\/44895b\/1141339237\/il_170x135.1141339237_i3dk.jpg?version=0","url_570xN":"https:\/\/i.etsystatic.com\/11356117\/r\/il\/44895b\/1141339237\/il_570xN.1141339237_i3dk.jpg","url_fullxfull":"https:\/\/i.etsystatic.com\/11356117\/r\/il\/44895b\/1141339237\/il_fullxfull.1141339237_i3dk.jpg","full_height":1125,"full_width":1500},{"listing_image_id":1141339293,"hex_code":"A3A0A4","red":163,"green":160,"blue":164,"hue":285,"saturation":2,"brightness":64,"is_black_and_white":false,"creation_tsz":1480435301,"listing_id":495342341,"rank":4,"url_75x75":"https:\/\/i.etsystatic.com\/11356117\/d\/il\/bf09c2\/1141339293\/il_75x75.1141339293_bhdi.jpg?version=0","url_170x135":"https:\/\/i.etsystatic.com\/11356117\/d\/il\/bf09c2\/1141339293\/il_170x135.1141339293_bhdi.jpg?version=0","url_570xN":"https:\/\/i.etsystatic.com\/11356117\/r\/il\/bf09c2\/1141339293\/il_570xN.1141339293_bhdi.jpg","url_fullxfull":"https:\/\/i.etsystatic.com\/11356117\/r\/il\/bf09c2\/1141339293\/il_fullxfull.1141339293_bhdi.jpg","full_height":1125,"full_width":1500},{"listing_image_id":984832931,"hex_code":"EDEDEC","red":237,"green":237,"blue":236,"hue":60,"saturation":0,"brightness":92,"is_black_and_white":false,"creation_tsz":1480435301,"listing_id":495342341,"rank":5,"url_75x75":"https:\/\/i.etsystatic.com\/11356117\/d\/il\/87781a\/984832931\/il_75x75.984832931_1xep.jpg?version=0","url_170x135":"https:\/\/i.etsystatic.com\/11356117\/d\/il\/87781a\/984832931\/il_170x135.984832931_1xep.jpg?version=0","url_570xN":"https:\/\/i.etsystatic.com\/11356117\/r\/il\/87781a\/984832931\/il_570xN.984832931_1xep.jpg","url_fullxfull":"https:\/\/i.etsystatic.com\/11356117\/r\/il\/87781a\/984832931\/il_fullxfull.984832931_1xep.jpg","full_height":437,"full_width":450}],"params":{"listing_id":"495342341"},"type":"ListingImage","pagination":{}}