{"count":3,"results":[{"listing_image_id":1783043959,"hex_code":"4B4744","red":75,"green":71,"blue":68,"hue":26,"saturation":9,"brightness":29,"is_black_and_white":false,"creation_tsz":1546659970,"listing_id":470196992,"rank":1,"url_75x75":"https:\/\/i.etsystatic.com\/13324516\/d\/il\/3a0e70\/1783043959\/il_75x75.1783043959_jmyq.jpg?version=0","url_170x135":"https:\/\/i.etsystatic.com\/13324516\/d\/il\/3a0e70\/1783043959\/il_170x135.1783043959_jmyq.jpg?version=0","url_570xN":"https:\/\/i.etsystatic.com\/13324516\/r\/il\/3a0e70\/1783043959\/il_570xN.1783043959_jmyq.jpg","url_fullxfull":"https:\/\/i.etsystatic.com\/13324516\/r\/il\/3a0e70\/1783043959\/il_fullxfull.1783043959_jmyq.jpg","full_height":1106,"full_width":828},{"listing_image_id":1056927018,"hex_code":"6B645C","red":107,"green":100,"blue":92,"hue":32,"saturation":14,"brightness":41,"is_black_and_white":false,"creation_tsz":1475783293,"listing_id":470196992,"rank":2,"url_75x75":"https:\/\/i.etsystatic.com\/13324516\/d\/il\/3e981b\/1056927018\/il_75x75.1056927018_399y.jpg?version=0","url_170x135":"https:\/\/i.etsystatic.com\/13324516\/d\/il\/3e981b\/1056927018\/il_170x135.1056927018_399y.jpg?version=0","url_570xN":"https:\/\/i.etsystatic.com\/13324516\/r\/il\/3e981b\/1056927018\/il_570xN.1056927018_399y.jpg","url_fullxfull":"https:\/\/i.etsystatic.com\/13324516\/r\/il\/3e981b\/1056927018\/il_fullxfull.1056927018_399y.jpg","full_height":1500,"full_width":1125},{"listing_image_id":1103500241,"hex_code":"716960","red":113,"green":105,"blue":96,"hue":32,"saturation":15,"brightness":44,"is_black_and_white":false,"creation_tsz":1475783293,"listing_id":470196992,"rank":3,"url_75x75":"https:\/\/i.etsystatic.com\/13324516\/d\/il\/6f2faf\/1103500241\/il_75x75.1103500241_7fvt.jpg?version=0","url_170x135":"https:\/\/i.etsystatic.com\/13324516\/d\/il\/6f2faf\/1103500241\/il_170x135.1103500241_7fvt.jpg?version=0","url_570xN":"https:\/\/i.etsystatic.com\/13324516\/r\/il\/6f2faf\/1103500241\/il_570xN.1103500241_7fvt.jpg","url_fullxfull":"https:\/\/i.etsystatic.com\/13324516\/r\/il\/6f2faf\/1103500241\/il_fullxfull.1103500241_7fvt.jpg","full_height":1500,"full_width":1125}],"params":{"listing_id":"470196992"},"type":"ListingImage","pagination":{}}