{"count":5,"results":[{"listing_image_id":1476434443,"hex_code":"A1A198","red":161,"green":161,"blue":152,"hue":60,"saturation":5,"brightness":63,"is_black_and_white":false,"creation_tsz":1518749027,"listing_id":594195287,"rank":1,"url_75x75":"https:\/\/i.etsystatic.com\/9041457\/c\/1260\/1000\/121\/100\/il\/4227b9\/1476434443\/il_75x75.1476434443_7vb7.jpg","url_170x135":"https:\/\/i.etsystatic.com\/9041457\/c\/1260\/1000\/121\/100\/il\/4227b9\/1476434443\/il_170x135.1476434443_7vb7.jpg","url_570xN":"https:\/\/i.etsystatic.com\/9041457\/r\/il\/4227b9\/1476434443\/il_570xN.1476434443_7vb7.jpg","url_fullxfull":"https:\/\/i.etsystatic.com\/9041457\/r\/il\/4227b9\/1476434443\/il_fullxfull.1476434443_7vb7.jpg","full_height":1202,"full_width":1500},{"listing_image_id":1476434277,"hex_code":"6C6C61","red":108,"green":108,"blue":97,"hue":60,"saturation":10,"brightness":42,"is_black_and_white":false,"creation_tsz":1518749027,"listing_id":594195287,"rank":2,"url_75x75":"https:\/\/i.etsystatic.com\/9041457\/d\/il\/c28631\/1476434277\/il_75x75.1476434277_14ki.jpg?version=0","url_170x135":"https:\/\/i.etsystatic.com\/9041457\/d\/il\/c28631\/1476434277\/il_170x135.1476434277_14ki.jpg?version=0","url_570xN":"https:\/\/i.etsystatic.com\/9041457\/r\/il\/c28631\/1476434277\/il_570xN.1476434277_14ki.jpg","url_fullxfull":"https:\/\/i.etsystatic.com\/9041457\/r\/il\/c28631\/1476434277\/il_fullxfull.1476434277_14ki.jpg","full_height":1125,"full_width":1500},{"listing_image_id":1429172518,"hex_code":"73715D","red":115,"green":113,"blue":93,"hue":55,"saturation":19,"brightness":45,"is_black_and_white":false,"creation_tsz":1518749027,"listing_id":594195287,"rank":3,"url_75x75":"https:\/\/i.etsystatic.com\/9041457\/d\/il\/1140a8\/1429172518\/il_75x75.1429172518_qkos.jpg?version=0","url_170x135":"https:\/\/i.etsystatic.com\/9041457\/d\/il\/1140a8\/1429172518\/il_170x135.1429172518_qkos.jpg?version=0","url_570xN":"https:\/\/i.etsystatic.com\/9041457\/r\/il\/1140a8\/1429172518\/il_570xN.1429172518_qkos.jpg","url_fullxfull":"https:\/\/i.etsystatic.com\/9041457\/r\/il\/1140a8\/1429172518\/il_fullxfull.1429172518_qkos.jpg","full_height":1261,"full_width":1500},{"listing_image_id":1429172394,"hex_code":"68685D","red":104,"green":104,"blue":93,"hue":60,"saturation":10,"brightness":40,"is_black_and_white":false,"creation_tsz":1518749027,"listing_id":594195287,"rank":4,"url_75x75":"https:\/\/i.etsystatic.com\/9041457\/d\/il\/020abd\/1429172394\/il_75x75.1429172394_p0ry.jpg?version=0","url_170x135":"https:\/\/i.etsystatic.com\/9041457\/d\/il\/020abd\/1429172394\/il_170x135.1429172394_p0ry.jpg?version=0","url_570xN":"https:\/\/i.etsystatic.com\/9041457\/r\/il\/020abd\/1429172394\/il_570xN.1429172394_p0ry.jpg","url_fullxfull":"https:\/\/i.etsystatic.com\/9041457\/r\/il\/020abd\/1429172394\/il_fullxfull.1429172394_p0ry.jpg","full_height":1275,"full_width":1500},{"listing_image_id":1429172204,"hex_code":"A39E98","red":163,"green":158,"blue":152,"hue":33,"saturation":6,"brightness":63,"is_black_and_white":false,"creation_tsz":1518749027,"listing_id":594195287,"rank":5,"url_75x75":"https:\/\/i.etsystatic.com\/9041457\/d\/il\/c61a3f\/1429172204\/il_75x75.1429172204_kg2b.jpg?version=0","url_170x135":"https:\/\/i.etsystatic.com\/9041457\/d\/il\/c61a3f\/1429172204\/il_170x135.1429172204_kg2b.jpg?version=0","url_570xN":"https:\/\/i.etsystatic.com\/9041457\/r\/il\/c61a3f\/1429172204\/il_570xN.1429172204_kg2b.jpg","url_fullxfull":"https:\/\/i.etsystatic.com\/9041457\/r\/il\/c61a3f\/1429172204\/il_fullxfull.1429172204_kg2b.jpg","full_height":1500,"full_width":1382}],"params":{"listing_id":"594195287"},"type":"ListingImage","pagination":{}}