{"count":2,"results":[{"listing_image_id":1480037417,"hex_code":"BAB9B9","red":186,"green":185,"blue":185,"hue":0,"saturation":0,"brightness":72,"is_black_and_white":false,"creation_tsz":1519127680,"listing_id":595140041,"rank":1,"url_75x75":"https:\/\/i.etsystatic.com\/13872634\/c\/1517\/1204\/490\/344\/il\/fc36b7\/1480037417\/il_75x75.1480037417_50oe.jpg","url_170x135":"https:\/\/i.etsystatic.com\/13872634\/c\/1517\/1204\/490\/344\/il\/fc36b7\/1480037417\/il_170x135.1480037417_50oe.jpg","url_570xN":"https:\/\/i.etsystatic.com\/13872634\/r\/il\/fc36b7\/1480037417\/il_570xN.1480037417_50oe.jpg","url_fullxfull":"https:\/\/i.etsystatic.com\/13872634\/r\/il\/fc36b7\/1480037417\/il_fullxfull.1480037417_50oe.jpg","full_height":2000,"full_width":3000},{"listing_image_id":1480037069,"hex_code":"BAB9B9","red":186,"green":185,"blue":185,"hue":0,"saturation":0,"brightness":72,"is_black_and_white":false,"creation_tsz":1519127680,"listing_id":595140041,"rank":2,"url_75x75":"https:\/\/i.etsystatic.com\/13872634\/d\/il\/c55a00\/1480037069\/il_75x75.1480037069_gerc.jpg?version=0","url_170x135":"https:\/\/i.etsystatic.com\/13872634\/d\/il\/c55a00\/1480037069\/il_170x135.1480037069_gerc.jpg?version=0","url_570xN":"https:\/\/i.etsystatic.com\/13872634\/r\/il\/c55a00\/1480037069\/il_570xN.1480037069_gerc.jpg","url_fullxfull":"https:\/\/i.etsystatic.com\/13872634\/r\/il\/c55a00\/1480037069\/il_fullxfull.1480037069_gerc.jpg","full_height":2000,"full_width":3000}],"params":{"listing_id":"595140041"},"type":"ListingImage","pagination":{}}