{"count":5,"results":[{"listing_image_id":2125248179,"hex_code":"ADA8A2","red":173,"green":168,"blue":162,"hue":33,"saturation":6,"brightness":67,"is_black_and_white":false,"creation_tsz":1573341153,"listing_id":508412794,"rank":1,"url_75x75":"https:\/\/i.etsystatic.com\/7016493\/d\/il\/a7413f\/2125248179\/il_75x75.2125248179_nmz5.jpg?version=0","url_170x135":"https:\/\/i.etsystatic.com\/7016493\/d\/il\/a7413f\/2125248179\/il_170x135.2125248179_nmz5.jpg?version=0","url_570xN":"https:\/\/i.etsystatic.com\/7016493\/r\/il\/a7413f\/2125248179\/il_570xN.2125248179_nmz5.jpg","url_fullxfull":"https:\/\/i.etsystatic.com\/7016493\/r\/il\/a7413f\/2125248179\/il_fullxfull.2125248179_nmz5.jpg","full_height":2251,"full_width":3000},{"listing_image_id":2077686438,"hex_code":"9F9A9B","red":159,"green":154,"blue":155,"hue":348,"saturation":3,"brightness":62,"is_black_and_white":false,"creation_tsz":1573341153,"listing_id":508412794,"rank":2,"url_75x75":"https:\/\/i.etsystatic.com\/7016493\/d\/il\/df1f72\/2077686438\/il_75x75.2077686438_822f.jpg?version=0","url_170x135":"https:\/\/i.etsystatic.com\/7016493\/d\/il\/df1f72\/2077686438\/il_170x135.2077686438_822f.jpg?version=0","url_570xN":"https:\/\/i.etsystatic.com\/7016493\/r\/il\/df1f72\/2077686438\/il_570xN.2077686438_822f.jpg","url_fullxfull":"https:\/\/i.etsystatic.com\/7016493\/r\/il\/df1f72\/2077686438\/il_fullxfull.2077686438_822f.jpg","full_height":2250,"full_width":3000},{"listing_image_id":2077686682,"hex_code":"A9A09D","red":169,"green":160,"blue":157,"hue":15,"saturation":7,"brightness":66,"is_black_and_white":false,"creation_tsz":1573341153,"listing_id":508412794,"rank":3,"url_75x75":"https:\/\/i.etsystatic.com\/7016493\/d\/il\/1420eb\/2077686682\/il_75x75.2077686682_c7fd.jpg?version=0","url_170x135":"https:\/\/i.etsystatic.com\/7016493\/d\/il\/1420eb\/2077686682\/il_170x135.2077686682_c7fd.jpg?version=0","url_570xN":"https:\/\/i.etsystatic.com\/7016493\/r\/il\/1420eb\/2077686682\/il_570xN.2077686682_c7fd.jpg","url_fullxfull":"https:\/\/i.etsystatic.com\/7016493\/r\/il\/1420eb\/2077686682\/il_fullxfull.2077686682_c7fd.jpg","full_height":2250,"full_width":3000},{"listing_image_id":2077686934,"hex_code":"A89F9C","red":168,"green":159,"blue":156,"hue":15,"saturation":7,"brightness":65,"is_black_and_white":false,"creation_tsz":1573341153,"listing_id":508412794,"rank":4,"url_75x75":"https:\/\/i.etsystatic.com\/7016493\/d\/il\/84bb98\/2077686934\/il_75x75.2077686934_111l.jpg?version=0","url_170x135":"https:\/\/i.etsystatic.com\/7016493\/d\/il\/84bb98\/2077686934\/il_170x135.2077686934_111l.jpg?version=0","url_570xN":"https:\/\/i.etsystatic.com\/7016493\/r\/il\/84bb98\/2077686934\/il_570xN.2077686934_111l.jpg","url_fullxfull":"https:\/\/i.etsystatic.com\/7016493\/r\/il\/84bb98\/2077686934\/il_fullxfull.2077686934_111l.jpg","full_height":2250,"full_width":3000},{"listing_image_id":1798000713,"hex_code":"77726F","red":119,"green":114,"blue":111,"hue":22,"saturation":6,"brightness":46,"is_black_and_white":false,"creation_tsz":1547870596,"listing_id":508412794,"rank":5,"url_75x75":"https:\/\/i.etsystatic.com\/7016493\/d\/il\/72b614\/1798000713\/il_75x75.1798000713_77il.jpg?version=0","url_170x135":"https:\/\/i.etsystatic.com\/7016493\/d\/il\/72b614\/1798000713\/il_170x135.1798000713_77il.jpg?version=0","url_570xN":"https:\/\/i.etsystatic.com\/7016493\/r\/il\/72b614\/1798000713\/il_570xN.1798000713_77il.jpg","url_fullxfull":"https:\/\/i.etsystatic.com\/7016493\/r\/il\/72b614\/1798000713\/il_fullxfull.1798000713_77il.jpg","full_height":1128,"full_width":1500}],"params":{"listing_id":"508412794"},"type":"ListingImage","pagination":{}}