{"count":3,"results":[{"listing_image_id":1873015278,"hex_code":"DFE0E1","red":223,"green":224,"blue":225,"hue":210,"saturation":0,"brightness":88,"is_black_and_white":false,"creation_tsz":1557488356,"listing_id":549466069,"rank":1,"url_75x75":"https:\/\/i.etsystatic.com\/14957709\/d\/il\/0335a2\/1873015278\/il_75x75.1873015278_n3zv.jpg?version=0","url_170x135":"https:\/\/i.etsystatic.com\/14957709\/d\/il\/0335a2\/1873015278\/il_170x135.1873015278_n3zv.jpg?version=0","url_570xN":"https:\/\/i.etsystatic.com\/14957709\/r\/il\/0335a2\/1873015278\/il_570xN.1873015278_n3zv.jpg","url_fullxfull":"https:\/\/i.etsystatic.com\/14957709\/r\/il\/0335a2\/1873015278\/il_fullxfull.1873015278_n3zv.jpg","full_height":500,"full_width":625},{"listing_image_id":1873015214,"hex_code":"D7D8D8","red":215,"green":216,"blue":216,"hue":180,"saturation":0,"brightness":84,"is_black_and_white":false,"creation_tsz":1557488350,"listing_id":549466069,"rank":2,"url_75x75":"https:\/\/i.etsystatic.com\/14957709\/d\/il\/537b9d\/1873015214\/il_75x75.1873015214_is14.jpg?version=0","url_170x135":"https:\/\/i.etsystatic.com\/14957709\/d\/il\/537b9d\/1873015214\/il_170x135.1873015214_is14.jpg?version=0","url_570xN":"https:\/\/i.etsystatic.com\/14957709\/r\/il\/537b9d\/1873015214\/il_570xN.1873015214_is14.jpg","url_fullxfull":"https:\/\/i.etsystatic.com\/14957709\/r\/il\/537b9d\/1873015214\/il_fullxfull.1873015214_is14.jpg","full_height":842,"full_width":595},{"listing_image_id":1920536705,"hex_code":"4E5F9A","red":78,"green":95,"blue":154,"hue":227,"saturation":49,"brightness":60,"is_black_and_white":false,"creation_tsz":1557488346,"listing_id":549466069,"rank":3,"url_75x75":"https:\/\/i.etsystatic.com\/14957709\/d\/il\/bc95ab\/1920536705\/il_75x75.1920536705_lhmv.jpg?version=0","url_170x135":"https:\/\/i.etsystatic.com\/14957709\/d\/il\/bc95ab\/1920536705\/il_170x135.1920536705_lhmv.jpg?version=0","url_570xN":"https:\/\/i.etsystatic.com\/14957709\/r\/il\/bc95ab\/1920536705\/il_570xN.1920536705_lhmv.jpg","url_fullxfull":"https:\/\/i.etsystatic.com\/14957709\/r\/il\/bc95ab\/1920536705\/il_fullxfull.1920536705_lhmv.jpg","full_height":1500,"full_width":1500}],"params":{"listing_id":"549466069"},"type":"ListingImage","pagination":{}}