{"count":3,"results":[{"listing_image_id":1409361132,"hex_code":"483251","red":72,"green":50,"blue":81,"hue":283,"saturation":38,"brightness":31,"is_black_and_white":false,"creation_tsz":1517522477,"listing_id":588866289,"rank":1,"url_75x75":"https:\/\/i.etsystatic.com\/12488483\/d\/il\/96b7a3\/1409361132\/il_75x75.1409361132_ndeb.jpg?version=0","url_170x135":"https:\/\/i.etsystatic.com\/12488483\/d\/il\/96b7a3\/1409361132\/il_170x135.1409361132_ndeb.jpg?version=0","url_570xN":"https:\/\/i.etsystatic.com\/12488483\/r\/il\/96b7a3\/1409361132\/il_570xN.1409361132_ndeb.jpg","url_fullxfull":"https:\/\/i.etsystatic.com\/12488483\/r\/il\/96b7a3\/1409361132\/il_fullxfull.1409361132_ndeb.jpg","full_height":858,"full_width":1000},{"listing_image_id":1409361128,"hex_code":"86788B","red":134,"green":120,"blue":139,"hue":284,"saturation":13,"brightness":54,"is_black_and_white":false,"creation_tsz":1517522478,"listing_id":588866289,"rank":2,"url_75x75":"https:\/\/i.etsystatic.com\/12488483\/d\/il\/98ca11\/1409361128\/il_75x75.1409361128_72a1.jpg?version=0","url_170x135":"https:\/\/i.etsystatic.com\/12488483\/d\/il\/98ca11\/1409361128\/il_170x135.1409361128_72a1.jpg?version=0","url_570xN":"https:\/\/i.etsystatic.com\/12488483\/r\/il\/98ca11\/1409361128\/il_570xN.1409361128_72a1.jpg","url_fullxfull":"https:\/\/i.etsystatic.com\/12488483\/r\/il\/98ca11\/1409361128\/il_fullxfull.1409361128_72a1.jpg","full_height":858,"full_width":1000},{"listing_image_id":2195987119,"hex_code":"E4DC89","red":228,"green":220,"blue":137,"hue":55,"saturation":39,"brightness":89,"is_black_and_white":false,"creation_tsz":1578760541,"listing_id":588866289,"rank":3,"url_75x75":"https:\/\/i.etsystatic.com\/12488483\/d\/il\/cf3938\/2195987119\/il_75x75.2195987119_fd4n.jpg?version=0","url_170x135":"https:\/\/i.etsystatic.com\/12488483\/d\/il\/cf3938\/2195987119\/il_170x135.2195987119_fd4n.jpg?version=0","url_570xN":"https:\/\/i.etsystatic.com\/12488483\/r\/il\/cf3938\/2195987119\/il_570xN.2195987119_fd4n.jpg","url_fullxfull":"https:\/\/i.etsystatic.com\/12488483\/r\/il\/cf3938\/2195987119\/il_fullxfull.2195987119_fd4n.jpg","full_height":1000,"full_width":1000}],"params":{"listing_id":"588866289"},"type":"ListingImage","pagination":{}}