{"count":6,"results":[{"listing_image_id":1198441502,"hex_code":"958584","red":149,"green":133,"blue":132,"hue":4,"saturation":11,"brightness":58,"is_black_and_white":false,"creation_tsz":1494527546,"listing_id":530281483,"rank":1,"url_75x75":"https:\/\/i.etsystatic.com\/6897384\/d\/il\/956fae\/1198441502\/il_75x75.1198441502_scwo.jpg?version=0","url_170x135":"https:\/\/i.etsystatic.com\/6897384\/d\/il\/956fae\/1198441502\/il_170x135.1198441502_scwo.jpg?version=0","url_570xN":"https:\/\/i.etsystatic.com\/6897384\/r\/il\/956fae\/1198441502\/il_570xN.1198441502_scwo.jpg","url_fullxfull":"https:\/\/i.etsystatic.com\/6897384\/r\/il\/956fae\/1198441502\/il_fullxfull.1198441502_scwo.jpg","full_height":1436,"full_width":1597},{"listing_image_id":1245655125,"hex_code":"95A0A0","red":149,"green":160,"blue":160,"hue":180,"saturation":6,"brightness":62,"is_black_and_white":false,"creation_tsz":1494527546,"listing_id":530281483,"rank":2,"url_75x75":"https:\/\/i.etsystatic.com\/6897384\/d\/il\/f7e2a9\/1245655125\/il_75x75.1245655125_izds.jpg?version=0","url_170x135":"https:\/\/i.etsystatic.com\/6897384\/d\/il\/f7e2a9\/1245655125\/il_170x135.1245655125_izds.jpg?version=0","url_570xN":"https:\/\/i.etsystatic.com\/6897384\/r\/il\/f7e2a9\/1245655125\/il_570xN.1245655125_izds.jpg","url_fullxfull":"https:\/\/i.etsystatic.com\/6897384\/r\/il\/f7e2a9\/1245655125\/il_fullxfull.1245655125_izds.jpg","full_height":720,"full_width":577},{"listing_image_id":1245655165,"hex_code":"857373","red":133,"green":115,"blue":115,"hue":0,"saturation":13,"brightness":52,"is_black_and_white":false,"creation_tsz":1494527546,"listing_id":530281483,"rank":3,"url_75x75":"https:\/\/i.etsystatic.com\/6897384\/d\/il\/d8c87a\/1245655165\/il_75x75.1245655165_4hzr.jpg?version=0","url_170x135":"https:\/\/i.etsystatic.com\/6897384\/d\/il\/d8c87a\/1245655165\/il_170x135.1245655165_4hzr.jpg?version=0","url_570xN":"https:\/\/i.etsystatic.com\/6897384\/r\/il\/d8c87a\/1245655165\/il_570xN.1245655165_4hzr.jpg","url_fullxfull":"https:\/\/i.etsystatic.com\/6897384\/r\/il\/d8c87a\/1245655165\/il_fullxfull.1245655165_4hzr.jpg","full_height":1008,"full_width":792},{"listing_image_id":1198429678,"hex_code":"9FA3A3","red":159,"green":163,"blue":163,"hue":180,"saturation":2,"brightness":63,"is_black_and_white":false,"creation_tsz":1494527546,"listing_id":530281483,"rank":4,"url_75x75":"https:\/\/i.etsystatic.com\/6897384\/d\/il\/61d003\/1198429678\/il_75x75.1198429678_3jla.jpg?version=0","url_170x135":"https:\/\/i.etsystatic.com\/6897384\/d\/il\/61d003\/1198429678\/il_170x135.1198429678_3jla.jpg?version=0","url_570xN":"https:\/\/i.etsystatic.com\/6897384\/r\/il\/61d003\/1198429678\/il_570xN.1198429678_3jla.jpg","url_fullxfull":"https:\/\/i.etsystatic.com\/6897384\/r\/il\/61d003\/1198429678\/il_fullxfull.1198429678_3jla.jpg","full_height":720,"full_width":577},{"listing_image_id":1198429846,"hex_code":"9B8B88","red":155,"green":139,"blue":136,"hue":9,"saturation":12,"brightness":60,"is_black_and_white":false,"creation_tsz":1494527546,"listing_id":530281483,"rank":5,"url_75x75":"https:\/\/i.etsystatic.com\/6897384\/d\/il\/afe296\/1198429846\/il_75x75.1198429846_rmu5.jpg?version=0","url_170x135":"https:\/\/i.etsystatic.com\/6897384\/d\/il\/afe296\/1198429846\/il_170x135.1198429846_rmu5.jpg?version=0","url_570xN":"https:\/\/i.etsystatic.com\/6897384\/r\/il\/afe296\/1198429846\/il_570xN.1198429846_rmu5.jpg","url_fullxfull":"https:\/\/i.etsystatic.com\/6897384\/r\/il\/afe296\/1198429846\/il_fullxfull.1198429846_rmu5.jpg","full_height":699,"full_width":962},{"listing_image_id":1548848373,"hex_code":"96A1A1","red":150,"green":161,"blue":161,"hue":180,"saturation":6,"brightness":63,"is_black_and_white":false,"creation_tsz":1526059500,"listing_id":530281483,"rank":6,"url_75x75":"https:\/\/i.etsystatic.com\/6897384\/d\/il\/39fa89\/1548848373\/il_75x75.1548848373_2k98.jpg?version=0","url_170x135":"https:\/\/i.etsystatic.com\/6897384\/d\/il\/39fa89\/1548848373\/il_170x135.1548848373_2k98.jpg?version=0","url_570xN":"https:\/\/i.etsystatic.com\/6897384\/r\/il\/39fa89\/1548848373\/il_570xN.1548848373_2k98.jpg","url_fullxfull":"https:\/\/i.etsystatic.com\/6897384\/r\/il\/39fa89\/1548848373\/il_fullxfull.1548848373_2k98.jpg","full_height":1740,"full_width":1371}],"params":{"listing_id":"530281483"},"type":"ListingImage","pagination":{}}