{"count":4,"results":[{"listing_image_id":1387247409,"hex_code":"AFB6AF","red":175,"green":182,"blue":175,"hue":120,"saturation":3,"brightness":71,"is_black_and_white":false,"creation_tsz":1509644407,"listing_id":569109335,"rank":1,"url_75x75":"https:\/\/i.etsystatic.com\/5345377\/d\/il\/3194d7\/1387247409\/il_75x75.1387247409_bj70.jpg?version=0","url_170x135":"https:\/\/i.etsystatic.com\/5345377\/d\/il\/3194d7\/1387247409\/il_170x135.1387247409_bj70.jpg?version=0","url_570xN":"https:\/\/i.etsystatic.com\/5345377\/r\/il\/3194d7\/1387247409\/il_570xN.1387247409_bj70.jpg","url_fullxfull":"https:\/\/i.etsystatic.com\/5345377\/r\/il\/3194d7\/1387247409\/il_fullxfull.1387247409_bj70.jpg","full_height":700,"full_width":700},{"listing_image_id":1386104237,"hex_code":"B2BEBF","red":178,"green":190,"blue":191,"hue":185,"saturation":6,"brightness":74,"is_black_and_white":false,"creation_tsz":1509644407,"listing_id":569109335,"rank":2,"url_75x75":"https:\/\/i.etsystatic.com\/5345377\/d\/il\/42a240\/1386104237\/il_75x75.1386104237_8100.jpg?version=0","url_170x135":"https:\/\/i.etsystatic.com\/5345377\/d\/il\/42a240\/1386104237\/il_170x135.1386104237_8100.jpg?version=0","url_570xN":"https:\/\/i.etsystatic.com\/5345377\/r\/il\/42a240\/1386104237\/il_570xN.1386104237_8100.jpg","url_fullxfull":"https:\/\/i.etsystatic.com\/5345377\/r\/il\/42a240\/1386104237\/il_fullxfull.1386104237_8100.jpg","full_height":864,"full_width":854},{"listing_image_id":1387246663,"hex_code":"8F9894","red":143,"green":152,"blue":148,"hue":153,"saturation":5,"brightness":59,"is_black_and_white":false,"creation_tsz":1509644407,"listing_id":569109335,"rank":3,"url_75x75":"https:\/\/i.etsystatic.com\/5345377\/d\/il\/641073\/1387246663\/il_75x75.1387246663_nzac.jpg?version=0","url_170x135":"https:\/\/i.etsystatic.com\/5345377\/d\/il\/641073\/1387246663\/il_170x135.1387246663_nzac.jpg?version=0","url_570xN":"https:\/\/i.etsystatic.com\/5345377\/r\/il\/641073\/1387246663\/il_570xN.1387246663_nzac.jpg","url_fullxfull":"https:\/\/i.etsystatic.com\/5345377\/r\/il\/641073\/1387246663\/il_fullxfull.1387246663_nzac.jpg","full_height":788,"full_width":570},{"listing_image_id":1339973530,"hex_code":"989A95","red":152,"green":154,"blue":149,"hue":84,"saturation":3,"brightness":60,"is_black_and_white":false,"creation_tsz":1509644407,"listing_id":569109335,"rank":4,"url_75x75":"https:\/\/i.etsystatic.com\/5345377\/d\/il\/fdec68\/1339973530\/il_75x75.1339973530_t9j0.jpg?version=0","url_170x135":"https:\/\/i.etsystatic.com\/5345377\/d\/il\/fdec68\/1339973530\/il_170x135.1339973530_t9j0.jpg?version=0","url_570xN":"https:\/\/i.etsystatic.com\/5345377\/r\/il\/fdec68\/1339973530\/il_570xN.1339973530_t9j0.jpg","url_fullxfull":"https:\/\/i.etsystatic.com\/5345377\/r\/il\/fdec68\/1339973530\/il_fullxfull.1339973530_t9j0.jpg","full_height":974,"full_width":1152}],"params":{"listing_id":"569109335"},"type":"ListingImage","pagination":{}}