{"count":10,"results":[{"listing_image_id":1175258724,"hex_code":"B1A08C","red":177,"green":160,"blue":140,"hue":32,"saturation":20,"brightness":69,"is_black_and_white":false,"creation_tsz":1491410646,"listing_id":509259544,"rank":1,"url_75x75":"https:\/\/i.etsystatic.com\/11439842\/d\/il\/0341f6\/1175258724\/il_75x75.1175258724_6elp.jpg?version=0","url_170x135":"https:\/\/i.etsystatic.com\/11439842\/d\/il\/0341f6\/1175258724\/il_170x135.1175258724_6elp.jpg?version=0","url_570xN":"https:\/\/i.etsystatic.com\/11439842\/r\/il\/0341f6\/1175258724\/il_570xN.1175258724_6elp.jpg","url_fullxfull":"https:\/\/i.etsystatic.com\/11439842\/r\/il\/0341f6\/1175258724\/il_fullxfull.1175258724_6elp.jpg","full_height":1165,"full_width":1500},{"listing_image_id":1222476257,"hex_code":"B2A798","red":178,"green":167,"blue":152,"hue":35,"saturation":14,"brightness":69,"is_black_and_white":false,"creation_tsz":1491410646,"listing_id":509259544,"rank":2,"url_75x75":"https:\/\/i.etsystatic.com\/11439842\/d\/il\/f8bea3\/1222476257\/il_75x75.1222476257_41eg.jpg?version=0","url_170x135":"https:\/\/i.etsystatic.com\/11439842\/d\/il\/f8bea3\/1222476257\/il_170x135.1222476257_41eg.jpg?version=0","url_570xN":"https:\/\/i.etsystatic.com\/11439842\/r\/il\/f8bea3\/1222476257\/il_570xN.1222476257_41eg.jpg","url_fullxfull":"https:\/\/i.etsystatic.com\/11439842\/r\/il\/f8bea3\/1222476257\/il_fullxfull.1222476257_41eg.jpg","full_height":1125,"full_width":1500},{"listing_image_id":1222476253,"hex_code":"B0A18D","red":176,"green":161,"blue":141,"hue":34,"saturation":19,"brightness":69,"is_black_and_white":false,"creation_tsz":1491410646,"listing_id":509259544,"rank":3,"url_75x75":"https:\/\/i.etsystatic.com\/11439842\/d\/il\/cef88f\/1222476253\/il_75x75.1222476253_lstk.jpg?version=0","url_170x135":"https:\/\/i.etsystatic.com\/11439842\/d\/il\/cef88f\/1222476253\/il_170x135.1222476253_lstk.jpg?version=0","url_570xN":"https:\/\/i.etsystatic.com\/11439842\/r\/il\/cef88f\/1222476253\/il_570xN.1222476253_lstk.jpg","url_fullxfull":"https:\/\/i.etsystatic.com\/11439842\/r\/il\/cef88f\/1222476253\/il_fullxfull.1222476253_lstk.jpg","full_height":1125,"full_width":1500},{"listing_image_id":1175258720,"hex_code":"D3C5B0","red":211,"green":197,"blue":176,"hue":36,"saturation":16,"brightness":82,"is_black_and_white":false,"creation_tsz":1491410646,"listing_id":509259544,"rank":4,"url_75x75":"https:\/\/i.etsystatic.com\/11439842\/d\/il\/5d23b1\/1175258720\/il_75x75.1175258720_e4t8.jpg?version=0","url_170x135":"https:\/\/i.etsystatic.com\/11439842\/d\/il\/5d23b1\/1175258720\/il_170x135.1175258720_e4t8.jpg?version=0","url_570xN":"https:\/\/i.etsystatic.com\/11439842\/r\/il\/5d23b1\/1175258720\/il_570xN.1175258720_e4t8.jpg","url_fullxfull":"https:\/\/i.etsystatic.com\/11439842\/r\/il\/5d23b1\/1175258720\/il_fullxfull.1175258720_e4t8.jpg","full_height":1125,"full_width":1500},{"listing_image_id":1088022829,"hex_code":"8E8685","red":142,"green":134,"blue":133,"hue":7,"saturation":6,"brightness":55,"is_black_and_white":false,"creation_tsz":1491410646,"listing_id":509259544,"rank":5,"url_75x75":"https:\/\/i.etsystatic.com\/11439842\/d\/il\/d1ea91\/1088022829\/il_75x75.1088022829_6zvs.jpg?version=0","url_170x135":"https:\/\/i.etsystatic.com\/11439842\/d\/il\/d1ea91\/1088022829\/il_170x135.1088022829_6zvs.jpg?version=0","url_570xN":"https:\/\/i.etsystatic.com\/11439842\/r\/il\/d1ea91\/1088022829\/il_570xN.1088022829_6zvs.jpg","url_fullxfull":"https:\/\/i.etsystatic.com\/11439842\/r\/il\/d1ea91\/1088022829\/il_fullxfull.1088022829_6zvs.jpg","full_height":1124,"full_width":1500},{"listing_image_id":1260957408,"hex_code":"C6D092","red":198,"green":208,"blue":146,"hue":70,"saturation":29,"brightness":81,"is_black_and_white":false,"creation_tsz":1501781457,"listing_id":509259544,"rank":6,"url_75x75":"https:\/\/i.etsystatic.com\/11439842\/d\/il\/397618\/1260957408\/il_75x75.1260957408_hldn.jpg?version=0","url_170x135":"https:\/\/i.etsystatic.com\/11439842\/d\/il\/397618\/1260957408\/il_170x135.1260957408_hldn.jpg?version=0","url_570xN":"https:\/\/i.etsystatic.com\/11439842\/r\/il\/397618\/1260957408\/il_570xN.1260957408_hldn.jpg","url_fullxfull":"https:\/\/i.etsystatic.com\/11439842\/r\/il\/397618\/1260957408\/il_fullxfull.1260957408_hldn.jpg","full_height":2250,"full_width":3000},{"listing_image_id":1260957496,"hex_code":"BBC8AC","red":187,"green":200,"blue":172,"hue":88,"saturation":14,"brightness":78,"is_black_and_white":false,"creation_tsz":1501781457,"listing_id":509259544,"rank":7,"url_75x75":"https:\/\/i.etsystatic.com\/11439842\/d\/il\/f738de\/1260957496\/il_75x75.1260957496_56y9.jpg?version=0","url_170x135":"https:\/\/i.etsystatic.com\/11439842\/d\/il\/f738de\/1260957496\/il_170x135.1260957496_56y9.jpg?version=0","url_570xN":"https:\/\/i.etsystatic.com\/11439842\/r\/il\/f738de\/1260957496\/il_570xN.1260957496_56y9.jpg","url_fullxfull":"https:\/\/i.etsystatic.com\/11439842\/r\/il\/f738de\/1260957496\/il_fullxfull.1260957496_56y9.jpg","full_height":2250,"full_width":3000},{"listing_image_id":1308194193,"hex_code":"7A6A4E","red":122,"green":106,"blue":78,"hue":38,"saturation":36,"brightness":47,"is_black_and_white":false,"creation_tsz":1501781457,"listing_id":509259544,"rank":8,"url_75x75":"https:\/\/i.etsystatic.com\/11439842\/d\/il\/dff726\/1308194193\/il_75x75.1308194193_55e9.jpg?version=0","url_170x135":"https:\/\/i.etsystatic.com\/11439842\/d\/il\/dff726\/1308194193\/il_170x135.1308194193_55e9.jpg?version=0","url_570xN":"https:\/\/i.etsystatic.com\/11439842\/r\/il\/dff726\/1308194193\/il_570xN.1308194193_55e9.jpg","url_fullxfull":"https:\/\/i.etsystatic.com\/11439842\/r\/il\/dff726\/1308194193\/il_fullxfull.1308194193_55e9.jpg","full_height":900,"full_width":1200},{"listing_image_id":1308194241,"hex_code":"ADA798","red":173,"green":167,"blue":152,"hue":43,"saturation":12,"brightness":67,"is_black_and_white":false,"creation_tsz":1501781457,"listing_id":509259544,"rank":9,"url_75x75":"https:\/\/i.etsystatic.com\/11439842\/d\/il\/5f65fe\/1308194241\/il_75x75.1308194241_41yd.jpg?version=0","url_170x135":"https:\/\/i.etsystatic.com\/11439842\/d\/il\/5f65fe\/1308194241\/il_170x135.1308194241_41yd.jpg?version=0","url_570xN":"https:\/\/i.etsystatic.com\/11439842\/r\/il\/5f65fe\/1308194241\/il_570xN.1308194241_41yd.jpg","url_fullxfull":"https:\/\/i.etsystatic.com\/11439842\/r\/il\/5f65fe\/1308194241\/il_fullxfull.1308194241_41yd.jpg","full_height":1275,"full_width":1875},{"listing_image_id":1260957668,"hex_code":"8FBA6F","red":143,"green":186,"blue":111,"hue":94,"saturation":40,"brightness":72,"is_black_and_white":false,"creation_tsz":1501781457,"listing_id":509259544,"rank":10,"url_75x75":"https:\/\/i.etsystatic.com\/11439842\/d\/il\/748c40\/1260957668\/il_75x75.1260957668_imit.jpg?version=0","url_170x135":"https:\/\/i.etsystatic.com\/11439842\/d\/il\/748c40\/1260957668\/il_170x135.1260957668_imit.jpg?version=0","url_570xN":"https:\/\/i.etsystatic.com\/11439842\/r\/il\/748c40\/1260957668\/il_570xN.1260957668_imit.jpg","url_fullxfull":"https:\/\/i.etsystatic.com\/11439842\/r\/il\/748c40\/1260957668\/il_fullxfull.1260957668_imit.jpg","full_height":900,"full_width":900}],"params":{"listing_id":"509259544"},"type":"ListingImage","pagination":{}}