{"count":7,"results":[{"listing_image_id":1416871568,"hex_code":"D1D3E3","red":209,"green":211,"blue":227,"hue":233,"saturation":7,"brightness":89,"is_black_and_white":false,"creation_tsz":1517537591,"listing_id":577069248,"rank":1,"url_75x75":"https:\/\/i.etsystatic.com\/9523028\/d\/il\/aafdb4\/1416871568\/il_75x75.1416871568_q4yf.jpg?version=0","url_170x135":"https:\/\/i.etsystatic.com\/9523028\/d\/il\/aafdb4\/1416871568\/il_170x135.1416871568_q4yf.jpg?version=0","url_570xN":"https:\/\/i.etsystatic.com\/9523028\/r\/il\/aafdb4\/1416871568\/il_570xN.1416871568_q4yf.jpg","url_fullxfull":"https:\/\/i.etsystatic.com\/9523028\/r\/il\/aafdb4\/1416871568\/il_fullxfull.1416871568_q4yf.jpg","full_height":2606,"full_width":3000},{"listing_image_id":1416871678,"hex_code":"B4B9DB","red":180,"green":185,"blue":219,"hue":232,"saturation":17,"brightness":85,"is_black_and_white":false,"creation_tsz":1517537591,"listing_id":577069248,"rank":2,"url_75x75":"https:\/\/i.etsystatic.com\/9523028\/d\/il\/f5b172\/1416871678\/il_75x75.1416871678_ltc8.jpg?version=0","url_170x135":"https:\/\/i.etsystatic.com\/9523028\/d\/il\/f5b172\/1416871678\/il_170x135.1416871678_ltc8.jpg?version=0","url_570xN":"https:\/\/i.etsystatic.com\/9523028\/r\/il\/f5b172\/1416871678\/il_570xN.1416871678_ltc8.jpg","url_fullxfull":"https:\/\/i.etsystatic.com\/9523028\/r\/il\/f5b172\/1416871678\/il_fullxfull.1416871678_ltc8.jpg","full_height":2791,"full_width":1705},{"listing_image_id":1464138185,"hex_code":"D2D5E6","red":210,"green":213,"blue":230,"hue":231,"saturation":8,"brightness":90,"is_black_and_white":false,"creation_tsz":1517537591,"listing_id":577069248,"rank":3,"url_75x75":"https:\/\/i.etsystatic.com\/9523028\/d\/il\/d16169\/1464138185\/il_75x75.1464138185_esxs.jpg?version=0","url_170x135":"https:\/\/i.etsystatic.com\/9523028\/d\/il\/d16169\/1464138185\/il_170x135.1464138185_esxs.jpg?version=0","url_570xN":"https:\/\/i.etsystatic.com\/9523028\/r\/il\/d16169\/1464138185\/il_570xN.1464138185_esxs.jpg","url_fullxfull":"https:\/\/i.etsystatic.com\/9523028\/r\/il\/d16169\/1464138185\/il_fullxfull.1464138185_esxs.jpg","full_height":2771,"full_width":2867},{"listing_image_id":1416872044,"hex_code":"BABFDD","red":186,"green":191,"blue":221,"hue":231,"saturation":15,"brightness":86,"is_black_and_white":false,"creation_tsz":1517537591,"listing_id":577069248,"rank":4,"url_75x75":"https:\/\/i.etsystatic.com\/9523028\/d\/il\/90e76f\/1416872044\/il_75x75.1416872044_nebc.jpg?version=0","url_170x135":"https:\/\/i.etsystatic.com\/9523028\/d\/il\/90e76f\/1416872044\/il_170x135.1416872044_nebc.jpg?version=0","url_570xN":"https:\/\/i.etsystatic.com\/9523028\/r\/il\/90e76f\/1416872044\/il_570xN.1416872044_nebc.jpg","url_fullxfull":"https:\/\/i.etsystatic.com\/9523028\/r\/il\/90e76f\/1416872044\/il_fullxfull.1416872044_nebc.jpg","full_height":2791,"full_width":1705},{"listing_image_id":1464138541,"hex_code":"BFC3DA","red":191,"green":195,"blue":218,"hue":231,"saturation":12,"brightness":85,"is_black_and_white":false,"creation_tsz":1517537591,"listing_id":577069248,"rank":5,"url_75x75":"https:\/\/i.etsystatic.com\/9523028\/d\/il\/9ce139\/1464138541\/il_75x75.1464138541_pgix.jpg?version=0","url_170x135":"https:\/\/i.etsystatic.com\/9523028\/d\/il\/9ce139\/1464138541\/il_170x135.1464138541_pgix.jpg?version=0","url_570xN":"https:\/\/i.etsystatic.com\/9523028\/r\/il\/9ce139\/1464138541\/il_570xN.1464138541_pgix.jpg","url_fullxfull":"https:\/\/i.etsystatic.com\/9523028\/r\/il\/9ce139\/1464138541\/il_fullxfull.1464138541_pgix.jpg","full_height":2791,"full_width":1705},{"listing_image_id":1464138661,"hex_code":"BFC3E0","red":191,"green":195,"blue":224,"hue":233,"saturation":14,"brightness":87,"is_black_and_white":false,"creation_tsz":1517537591,"listing_id":577069248,"rank":6,"url_75x75":"https:\/\/i.etsystatic.com\/9523028\/d\/il\/871801\/1464138661\/il_75x75.1464138661_i3dz.jpg?version=0","url_170x135":"https:\/\/i.etsystatic.com\/9523028\/d\/il\/871801\/1464138661\/il_170x135.1464138661_i3dz.jpg?version=0","url_570xN":"https:\/\/i.etsystatic.com\/9523028\/r\/il\/871801\/1464138661\/il_570xN.1464138661_i3dz.jpg","url_fullxfull":"https:\/\/i.etsystatic.com\/9523028\/r\/il\/871801\/1464138661\/il_fullxfull.1464138661_i3dz.jpg","full_height":2065,"full_width":3000},{"listing_image_id":605343713,"hex_code":"999998","red":153,"green":153,"blue":152,"hue":60,"saturation":0,"brightness":60,"is_black_and_white":false,"creation_tsz":1517537591,"listing_id":577069248,"rank":7,"url_75x75":"https:\/\/i.etsystatic.com\/9523028\/d\/il\/0bf058\/605343713\/il_75x75.605343713_j4sq.jpg?version=0","url_170x135":"https:\/\/i.etsystatic.com\/9523028\/d\/il\/0bf058\/605343713\/il_170x135.605343713_j4sq.jpg?version=0","url_570xN":"https:\/\/i.etsystatic.com\/9523028\/r\/il\/0bf058\/605343713\/il_570xN.605343713_j4sq.jpg","url_fullxfull":"https:\/\/i.etsystatic.com\/9523028\/r\/il\/0bf058\/605343713\/il_fullxfull.605343713_j4sq.jpg","full_height":787,"full_width":980}],"params":{"listing_id":"577069248"},"type":"ListingImage","pagination":{}}