{"count":7,"results":[{"listing_image_id":1702150061,"hex_code":"867F64","red":134,"green":127,"blue":100,"hue":48,"saturation":25,"brightness":52,"is_black_and_white":false,"creation_tsz":1539829446,"listing_id":638152032,"rank":1,"url_75x75":"https:\/\/i.etsystatic.com\/8136154\/d\/il\/43060a\/1702150061\/il_75x75.1702150061_119q.jpg?version=0","url_170x135":"https:\/\/i.etsystatic.com\/8136154\/d\/il\/43060a\/1702150061\/il_170x135.1702150061_119q.jpg?version=0","url_570xN":"https:\/\/i.etsystatic.com\/8136154\/r\/il\/43060a\/1702150061\/il_570xN.1702150061_119q.jpg","url_fullxfull":"https:\/\/i.etsystatic.com\/8136154\/r\/il\/43060a\/1702150061\/il_fullxfull.1702150061_119q.jpg","full_height":3000,"full_width":3000},{"listing_image_id":1654680982,"hex_code":"877D62","red":135,"green":125,"blue":98,"hue":44,"saturation":27,"brightness":52,"is_black_and_white":false,"creation_tsz":1539829446,"listing_id":638152032,"rank":2,"url_75x75":"https:\/\/i.etsystatic.com\/8136154\/d\/il\/c00e22\/1654680982\/il_75x75.1654680982_c321.jpg?version=0","url_170x135":"https:\/\/i.etsystatic.com\/8136154\/d\/il\/c00e22\/1654680982\/il_170x135.1654680982_c321.jpg?version=0","url_570xN":"https:\/\/i.etsystatic.com\/8136154\/r\/il\/c00e22\/1654680982\/il_570xN.1654680982_c321.jpg","url_fullxfull":"https:\/\/i.etsystatic.com\/8136154\/r\/il\/c00e22\/1654680982\/il_fullxfull.1654680982_c321.jpg","full_height":2250,"full_width":3000},{"listing_image_id":1654681116,"hex_code":"93917D","red":147,"green":145,"blue":125,"hue":55,"saturation":14,"brightness":57,"is_black_and_white":false,"creation_tsz":1539829446,"listing_id":638152032,"rank":3,"url_75x75":"https:\/\/i.etsystatic.com\/8136154\/d\/il\/a05ce6\/1654681116\/il_75x75.1654681116_pwf2.jpg?version=0","url_170x135":"https:\/\/i.etsystatic.com\/8136154\/d\/il\/a05ce6\/1654681116\/il_170x135.1654681116_pwf2.jpg?version=0","url_570xN":"https:\/\/i.etsystatic.com\/8136154\/r\/il\/a05ce6\/1654681116\/il_570xN.1654681116_pwf2.jpg","url_fullxfull":"https:\/\/i.etsystatic.com\/8136154\/r\/il\/a05ce6\/1654681116\/il_fullxfull.1654681116_pwf2.jpg","full_height":2400,"full_width":3000},{"listing_image_id":1702150581,"hex_code":"868369","red":134,"green":131,"blue":105,"hue":54,"saturation":21,"brightness":52,"is_black_and_white":false,"creation_tsz":1539829446,"listing_id":638152032,"rank":4,"url_75x75":"https:\/\/i.etsystatic.com\/8136154\/d\/il\/11cb08\/1702150581\/il_75x75.1702150581_rqgd.jpg?version=0","url_170x135":"https:\/\/i.etsystatic.com\/8136154\/d\/il\/11cb08\/1702150581\/il_170x135.1702150581_rqgd.jpg?version=0","url_570xN":"https:\/\/i.etsystatic.com\/8136154\/r\/il\/11cb08\/1702150581\/il_570xN.1702150581_rqgd.jpg","url_fullxfull":"https:\/\/i.etsystatic.com\/8136154\/r\/il\/11cb08\/1702150581\/il_fullxfull.1702150581_rqgd.jpg","full_height":3000,"full_width":3000},{"listing_image_id":1702150731,"hex_code":"8B8268","red":139,"green":130,"blue":104,"hue":45,"saturation":25,"brightness":54,"is_black_and_white":false,"creation_tsz":1539829446,"listing_id":638152032,"rank":5,"url_75x75":"https:\/\/i.etsystatic.com\/8136154\/d\/il\/03d79b\/1702150731\/il_75x75.1702150731_2g48.jpg?version=0","url_170x135":"https:\/\/i.etsystatic.com\/8136154\/d\/il\/03d79b\/1702150731\/il_170x135.1702150731_2g48.jpg?version=0","url_570xN":"https:\/\/i.etsystatic.com\/8136154\/r\/il\/03d79b\/1702150731\/il_570xN.1702150731_2g48.jpg","url_fullxfull":"https:\/\/i.etsystatic.com\/8136154\/r\/il\/03d79b\/1702150731\/il_fullxfull.1702150731_2g48.jpg","full_height":2000,"full_width":3000},{"listing_image_id":1654681492,"hex_code":"8D876D","red":141,"green":135,"blue":109,"hue":49,"saturation":22,"brightness":55,"is_black_and_white":false,"creation_tsz":1539829446,"listing_id":638152032,"rank":6,"url_75x75":"https:\/\/i.etsystatic.com\/8136154\/d\/il\/6dece3\/1654681492\/il_75x75.1654681492_kksw.jpg?version=0","url_170x135":"https:\/\/i.etsystatic.com\/8136154\/d\/il\/6dece3\/1654681492\/il_170x135.1654681492_kksw.jpg?version=0","url_570xN":"https:\/\/i.etsystatic.com\/8136154\/r\/il\/6dece3\/1654681492\/il_570xN.1654681492_kksw.jpg","url_fullxfull":"https:\/\/i.etsystatic.com\/8136154\/r\/il\/6dece3\/1654681492\/il_fullxfull.1654681492_kksw.jpg","full_height":3000,"full_width":2000},{"listing_image_id":1654681648,"hex_code":"8D8770","red":141,"green":135,"blue":112,"hue":48,"saturation":20,"brightness":55,"is_black_and_white":false,"creation_tsz":1539829446,"listing_id":638152032,"rank":7,"url_75x75":"https:\/\/i.etsystatic.com\/8136154\/d\/il\/ec34a1\/1654681648\/il_75x75.1654681648_6irc.jpg?version=0","url_170x135":"https:\/\/i.etsystatic.com\/8136154\/d\/il\/ec34a1\/1654681648\/il_170x135.1654681648_6irc.jpg?version=0","url_570xN":"https:\/\/i.etsystatic.com\/8136154\/r\/il\/ec34a1\/1654681648\/il_570xN.1654681648_6irc.jpg","url_fullxfull":"https:\/\/i.etsystatic.com\/8136154\/r\/il\/ec34a1\/1654681648\/il_fullxfull.1654681648_6irc.jpg","full_height":2250,"full_width":3000}],"params":{"listing_id":"638152032"},"type":"ListingImage","pagination":{}}