{"count":6,"results":[{"listing_image_id":1519610237,"hex_code":"C1AD89","red":193,"green":173,"blue":137,"hue":39,"saturation":29,"brightness":75,"is_black_and_white":false,"creation_tsz":1523119130,"listing_id":605222421,"rank":1,"url_75x75":"https:\/\/i.etsystatic.com\/16871866\/d\/il\/e292de\/1519610237\/il_75x75.1519610237_thkv.jpg?version=0","url_170x135":"https:\/\/i.etsystatic.com\/16871866\/d\/il\/e292de\/1519610237\/il_170x135.1519610237_thkv.jpg?version=0","url_570xN":"https:\/\/i.etsystatic.com\/16871866\/r\/il\/e292de\/1519610237\/il_570xN.1519610237_thkv.jpg","url_fullxfull":"https:\/\/i.etsystatic.com\/16871866\/r\/il\/e292de\/1519610237\/il_fullxfull.1519610237_thkv.jpg","full_height":2641,"full_width":2988},{"listing_image_id":1519610131,"hex_code":"AD9471","red":173,"green":148,"blue":113,"hue":35,"saturation":34,"brightness":67,"is_black_and_white":false,"creation_tsz":1523119130,"listing_id":605222421,"rank":2,"url_75x75":"https:\/\/i.etsystatic.com\/16871866\/d\/il\/ac8324\/1519610131\/il_75x75.1519610131_asqi.jpg?version=0","url_170x135":"https:\/\/i.etsystatic.com\/16871866\/d\/il\/ac8324\/1519610131\/il_170x135.1519610131_asqi.jpg?version=0","url_570xN":"https:\/\/i.etsystatic.com\/16871866\/r\/il\/ac8324\/1519610131\/il_570xN.1519610131_asqi.jpg","url_fullxfull":"https:\/\/i.etsystatic.com\/16871866\/r\/il\/ac8324\/1519610131\/il_fullxfull.1519610131_asqi.jpg","full_height":1688,"full_width":3000},{"listing_image_id":1519609943,"hex_code":"A2968F","red":162,"green":150,"blue":143,"hue":22,"saturation":11,"brightness":63,"is_black_and_white":false,"creation_tsz":1523119130,"listing_id":605222421,"rank":3,"url_75x75":"https:\/\/i.etsystatic.com\/16871866\/d\/il\/edab63\/1519609943\/il_75x75.1519609943_dkjd.jpg?version=0","url_170x135":"https:\/\/i.etsystatic.com\/16871866\/d\/il\/edab63\/1519609943\/il_170x135.1519609943_dkjd.jpg?version=0","url_570xN":"https:\/\/i.etsystatic.com\/16871866\/r\/il\/edab63\/1519609943\/il_570xN.1519609943_dkjd.jpg","url_fullxfull":"https:\/\/i.etsystatic.com\/16871866\/r\/il\/edab63\/1519609943\/il_fullxfull.1519609943_dkjd.jpg","full_height":3000,"full_width":1688},{"listing_image_id":1472351666,"hex_code":"7C7964","red":124,"green":121,"blue":100,"hue":52,"saturation":19,"brightness":48,"is_black_and_white":false,"creation_tsz":1523119130,"listing_id":605222421,"rank":4,"url_75x75":"https:\/\/i.etsystatic.com\/16871866\/d\/il\/5a750e\/1472351666\/il_75x75.1472351666_fwu8.jpg?version=0","url_170x135":"https:\/\/i.etsystatic.com\/16871866\/d\/il\/5a750e\/1472351666\/il_170x135.1472351666_fwu8.jpg?version=0","url_570xN":"https:\/\/i.etsystatic.com\/16871866\/r\/il\/5a750e\/1472351666\/il_570xN.1472351666_fwu8.jpg","url_fullxfull":"https:\/\/i.etsystatic.com\/16871866\/r\/il\/5a750e\/1472351666\/il_fullxfull.1472351666_fwu8.jpg","full_height":1875,"full_width":3000},{"listing_image_id":1472352204,"hex_code":"878D83","red":135,"green":141,"blue":131,"hue":96,"saturation":7,"brightness":55,"is_black_and_white":false,"creation_tsz":1523119130,"listing_id":605222421,"rank":5,"url_75x75":"https:\/\/i.etsystatic.com\/16871866\/d\/il\/011075\/1472352204\/il_75x75.1472352204_4jnp.jpg?version=0","url_170x135":"https:\/\/i.etsystatic.com\/16871866\/d\/il\/011075\/1472352204\/il_170x135.1472352204_4jnp.jpg?version=0","url_570xN":"https:\/\/i.etsystatic.com\/16871866\/r\/il\/011075\/1472352204\/il_570xN.1472352204_4jnp.jpg","url_fullxfull":"https:\/\/i.etsystatic.com\/16871866\/r\/il\/011075\/1472352204\/il_fullxfull.1472352204_4jnp.jpg","full_height":2041,"full_width":3000},{"listing_image_id":1519610481,"hex_code":"9A9B8A","red":154,"green":155,"blue":138,"hue":64,"saturation":10,"brightness":60,"is_black_and_white":false,"creation_tsz":1523119130,"listing_id":605222421,"rank":6,"url_75x75":"https:\/\/i.etsystatic.com\/16871866\/d\/il\/447b4d\/1519610481\/il_75x75.1519610481_m2j4.jpg?version=0","url_170x135":"https:\/\/i.etsystatic.com\/16871866\/d\/il\/447b4d\/1519610481\/il_170x135.1519610481_m2j4.jpg?version=0","url_570xN":"https:\/\/i.etsystatic.com\/16871866\/r\/il\/447b4d\/1519610481\/il_570xN.1519610481_m2j4.jpg","url_fullxfull":"https:\/\/i.etsystatic.com\/16871866\/r\/il\/447b4d\/1519610481\/il_fullxfull.1519610481_m2j4.jpg","full_height":2988,"full_width":2987}],"params":{"listing_id":"605222421"},"type":"ListingImage","pagination":{}}