{"count":5,"results":[{"listing_image_id":1691788868,"hex_code":"B6AFA9","red":182,"green":175,"blue":169,"hue":28,"saturation":7,"brightness":71,"is_black_and_white":false,"creation_tsz":1542688784,"listing_id":646373160,"rank":1,"url_75x75":"https:\/\/i.etsystatic.com\/12156656\/d\/il\/9ea586\/1691788868\/il_75x75.1691788868_3hyn.jpg?version=0","url_170x135":"https:\/\/i.etsystatic.com\/12156656\/d\/il\/9ea586\/1691788868\/il_170x135.1691788868_3hyn.jpg?version=0","url_570xN":"https:\/\/i.etsystatic.com\/12156656\/r\/il\/9ea586\/1691788868\/il_570xN.1691788868_3hyn.jpg","url_fullxfull":"https:\/\/i.etsystatic.com\/12156656\/r\/il\/9ea586\/1691788868\/il_fullxfull.1691788868_3hyn.jpg","full_height":1200,"full_width":1200},{"listing_image_id":1690819784,"hex_code":"D2D2D2","red":210,"green":210,"blue":210,"hue":0,"saturation":0,"brightness":82,"is_black_and_white":null,"creation_tsz":1542636142,"listing_id":646373160,"rank":2,"url_75x75":"https:\/\/i.etsystatic.com\/12156656\/d\/il\/fff14c\/1690819784\/il_75x75.1690819784_4q9l.jpg?version=0","url_170x135":"https:\/\/i.etsystatic.com\/12156656\/d\/il\/fff14c\/1690819784\/il_170x135.1690819784_4q9l.jpg?version=0","url_570xN":"https:\/\/i.etsystatic.com\/12156656\/r\/il\/fff14c\/1690819784\/il_570xN.1690819784_4q9l.jpg","url_fullxfull":"https:\/\/i.etsystatic.com\/12156656\/r\/il\/fff14c\/1690819784\/il_fullxfull.1690819784_4q9l.jpg","full_height":1200,"full_width":1000},{"listing_image_id":1690819778,"hex_code":"CECECE","red":206,"green":206,"blue":206,"hue":0,"saturation":0,"brightness":80,"is_black_and_white":null,"creation_tsz":1542636140,"listing_id":646373160,"rank":3,"url_75x75":"https:\/\/i.etsystatic.com\/12156656\/d\/il\/740c30\/1690819778\/il_75x75.1690819778_d3fc.jpg?version=0","url_170x135":"https:\/\/i.etsystatic.com\/12156656\/d\/il\/740c30\/1690819778\/il_170x135.1690819778_d3fc.jpg?version=0","url_570xN":"https:\/\/i.etsystatic.com\/12156656\/r\/il\/740c30\/1690819778\/il_570xN.1690819778_d3fc.jpg","url_fullxfull":"https:\/\/i.etsystatic.com\/12156656\/r\/il\/740c30\/1690819778\/il_fullxfull.1690819778_d3fc.jpg","full_height":1200,"full_width":1000},{"listing_image_id":1738287203,"hex_code":"CDCDCD","red":205,"green":205,"blue":205,"hue":0,"saturation":0,"brightness":80,"is_black_and_white":null,"creation_tsz":1542636122,"listing_id":646373160,"rank":4,"url_75x75":"https:\/\/i.etsystatic.com\/12156656\/d\/il\/e0b710\/1738287203\/il_75x75.1738287203_5hff.jpg?version=0","url_170x135":"https:\/\/i.etsystatic.com\/12156656\/d\/il\/e0b710\/1738287203\/il_170x135.1738287203_5hff.jpg?version=0","url_570xN":"https:\/\/i.etsystatic.com\/12156656\/r\/il\/e0b710\/1738287203\/il_570xN.1738287203_5hff.jpg","url_fullxfull":"https:\/\/i.etsystatic.com\/12156656\/r\/il\/e0b710\/1738287203\/il_fullxfull.1738287203_5hff.jpg","full_height":1200,"full_width":1000},{"listing_image_id":1690819482,"hex_code":"D1D1D1","red":209,"green":209,"blue":209,"hue":0,"saturation":0,"brightness":81,"is_black_and_white":null,"creation_tsz":1542636122,"listing_id":646373160,"rank":5,"url_75x75":"https:\/\/i.etsystatic.com\/12156656\/d\/il\/4c964f\/1690819482\/il_75x75.1690819482_4sr7.jpg?version=0","url_170x135":"https:\/\/i.etsystatic.com\/12156656\/d\/il\/4c964f\/1690819482\/il_170x135.1690819482_4sr7.jpg?version=0","url_570xN":"https:\/\/i.etsystatic.com\/12156656\/r\/il\/4c964f\/1690819482\/il_570xN.1690819482_4sr7.jpg","url_fullxfull":"https:\/\/i.etsystatic.com\/12156656\/r\/il\/4c964f\/1690819482\/il_fullxfull.1690819482_4sr7.jpg","full_height":1200,"full_width":1000}],"params":{"listing_id":"646373160"},"type":"ListingImage","pagination":{}}