{"count":5,"results":[{"listing_image_id":1565255083,"hex_code":"D4D4D4","red":212,"green":212,"blue":212,"hue":0,"saturation":0,"brightness":83,"is_black_and_white":null,"creation_tsz":1527759543,"listing_id":604084428,"rank":1,"url_75x75":"https:\/\/i.etsystatic.com\/17804642\/d\/il\/17f03c\/1565255083\/il_75x75.1565255083_4v1f.jpg?version=0","url_170x135":"https:\/\/i.etsystatic.com\/17804642\/d\/il\/17f03c\/1565255083\/il_170x135.1565255083_4v1f.jpg?version=0","url_570xN":"https:\/\/i.etsystatic.com\/17804642\/r\/il\/17f03c\/1565255083\/il_570xN.1565255083_4v1f.jpg","url_fullxfull":"https:\/\/i.etsystatic.com\/17804642\/r\/il\/17f03c\/1565255083\/il_fullxfull.1565255083_4v1f.jpg","full_height":1500,"full_width":1500},{"listing_image_id":1565255155,"hex_code":"C1C4C4","red":193,"green":196,"blue":196,"hue":180,"saturation":1,"brightness":76,"is_black_and_white":false,"creation_tsz":1527759543,"listing_id":604084428,"rank":2,"url_75x75":"https:\/\/i.etsystatic.com\/17804642\/d\/il\/a528e0\/1565255155\/il_75x75.1565255155_p17a.jpg?version=0","url_170x135":"https:\/\/i.etsystatic.com\/17804642\/d\/il\/a528e0\/1565255155\/il_170x135.1565255155_p17a.jpg?version=0","url_570xN":"https:\/\/i.etsystatic.com\/17804642\/r\/il\/a528e0\/1565255155\/il_570xN.1565255155_p17a.jpg","url_fullxfull":"https:\/\/i.etsystatic.com\/17804642\/r\/il\/a528e0\/1565255155\/il_fullxfull.1565255155_p17a.jpg","full_height":960,"full_width":960},{"listing_image_id":1565255119,"hex_code":"CECBC8","red":206,"green":203,"blue":200,"hue":30,"saturation":2,"brightness":80,"is_black_and_white":false,"creation_tsz":1527759543,"listing_id":604084428,"rank":3,"url_75x75":"https:\/\/i.etsystatic.com\/17804642\/d\/il\/edeb39\/1565255119\/il_75x75.1565255119_3b93.jpg?version=0","url_170x135":"https:\/\/i.etsystatic.com\/17804642\/d\/il\/edeb39\/1565255119\/il_170x135.1565255119_3b93.jpg?version=0","url_570xN":"https:\/\/i.etsystatic.com\/17804642\/r\/il\/edeb39\/1565255119\/il_570xN.1565255119_3b93.jpg","url_fullxfull":"https:\/\/i.etsystatic.com\/17804642\/r\/il\/edeb39\/1565255119\/il_fullxfull.1565255119_3b93.jpg","full_height":1100,"full_width":1100},{"listing_image_id":1565255205,"hex_code":"CFCFCF","red":207,"green":207,"blue":207,"hue":0,"saturation":0,"brightness":81,"is_black_and_white":false,"creation_tsz":1527759543,"listing_id":604084428,"rank":4,"url_75x75":"https:\/\/i.etsystatic.com\/17804642\/d\/il\/64f425\/1565255205\/il_75x75.1565255205_b6ex.jpg?version=0","url_170x135":"https:\/\/i.etsystatic.com\/17804642\/d\/il\/64f425\/1565255205\/il_170x135.1565255205_b6ex.jpg?version=0","url_570xN":"https:\/\/i.etsystatic.com\/17804642\/r\/il\/64f425\/1565255205\/il_570xN.1565255205_b6ex.jpg","url_fullxfull":"https:\/\/i.etsystatic.com\/17804642\/r\/il\/64f425\/1565255205\/il_fullxfull.1565255205_b6ex.jpg","full_height":1080,"full_width":1079},{"listing_image_id":1517792572,"hex_code":"C2BDB7","red":194,"green":189,"blue":183,"hue":33,"saturation":5,"brightness":76,"is_black_and_white":false,"creation_tsz":1527759543,"listing_id":604084428,"rank":5,"url_75x75":"https:\/\/i.etsystatic.com\/17804642\/d\/il\/b58bf2\/1517792572\/il_75x75.1517792572_kbsj.jpg?version=0","url_170x135":"https:\/\/i.etsystatic.com\/17804642\/d\/il\/b58bf2\/1517792572\/il_170x135.1517792572_kbsj.jpg?version=0","url_570xN":"https:\/\/i.etsystatic.com\/17804642\/r\/il\/b58bf2\/1517792572\/il_570xN.1517792572_kbsj.jpg","url_fullxfull":"https:\/\/i.etsystatic.com\/17804642\/r\/il\/b58bf2\/1517792572\/il_fullxfull.1517792572_kbsj.jpg","full_height":1500,"full_width":1500}],"params":{"listing_id":"604084428"},"type":"ListingImage","pagination":{}}