{"count":7,"results":[{"listing_image_id":1659004995,"hex_code":"967553","red":150,"green":117,"blue":83,"hue":30,"saturation":44,"brightness":58,"is_black_and_white":false,"creation_tsz":1536194923,"listing_id":641857067,"rank":1,"url_75x75":"https:\/\/i.etsystatic.com\/5267391\/d\/il\/1f86a0\/1659004995\/il_75x75.1659004995_1vrw.jpg?version=0","url_170x135":"https:\/\/i.etsystatic.com\/5267391\/d\/il\/1f86a0\/1659004995\/il_170x135.1659004995_1vrw.jpg?version=0","url_570xN":"https:\/\/i.etsystatic.com\/5267391\/r\/il\/1f86a0\/1659004995\/il_570xN.1659004995_1vrw.jpg","url_fullxfull":"https:\/\/i.etsystatic.com\/5267391\/r\/il\/1f86a0\/1659004995\/il_fullxfull.1659004995_1vrw.jpg","full_height":2048,"full_width":1994},{"listing_image_id":1659005333,"hex_code":"AB855E","red":171,"green":133,"blue":94,"hue":30,"saturation":45,"brightness":67,"is_black_and_white":false,"creation_tsz":1536194923,"listing_id":641857067,"rank":2,"url_75x75":"https:\/\/i.etsystatic.com\/5267391\/d\/il\/7d0a85\/1659005333\/il_75x75.1659005333_hsjy.jpg?version=0","url_170x135":"https:\/\/i.etsystatic.com\/5267391\/d\/il\/7d0a85\/1659005333\/il_170x135.1659005333_hsjy.jpg?version=0","url_570xN":"https:\/\/i.etsystatic.com\/5267391\/r\/il\/7d0a85\/1659005333\/il_570xN.1659005333_hsjy.jpg","url_fullxfull":"https:\/\/i.etsystatic.com\/5267391\/r\/il\/7d0a85\/1659005333\/il_fullxfull.1659005333_hsjy.jpg","full_height":1932,"full_width":2048},{"listing_image_id":1659005587,"hex_code":"8D6C4B","red":141,"green":108,"blue":75,"hue":30,"saturation":46,"brightness":55,"is_black_and_white":false,"creation_tsz":1536194923,"listing_id":641857067,"rank":3,"url_75x75":"https:\/\/i.etsystatic.com\/5267391\/d\/il\/088310\/1659005587\/il_75x75.1659005587_4kwm.jpg?version=0","url_170x135":"https:\/\/i.etsystatic.com\/5267391\/d\/il\/088310\/1659005587\/il_170x135.1659005587_4kwm.jpg?version=0","url_570xN":"https:\/\/i.etsystatic.com\/5267391\/r\/il\/088310\/1659005587\/il_570xN.1659005587_4kwm.jpg","url_fullxfull":"https:\/\/i.etsystatic.com\/5267391\/r\/il\/088310\/1659005587\/il_fullxfull.1659005587_4kwm.jpg","full_height":1634,"full_width":2048},{"listing_image_id":1611575206,"hex_code":"947352","red":148,"green":115,"blue":82,"hue":30,"saturation":44,"brightness":58,"is_black_and_white":false,"creation_tsz":1536194923,"listing_id":641857067,"rank":4,"url_75x75":"https:\/\/i.etsystatic.com\/5267391\/d\/il\/50bf12\/1611575206\/il_75x75.1611575206_32g0.jpg?version=0","url_170x135":"https:\/\/i.etsystatic.com\/5267391\/d\/il\/50bf12\/1611575206\/il_170x135.1611575206_32g0.jpg?version=0","url_570xN":"https:\/\/i.etsystatic.com\/5267391\/r\/il\/50bf12\/1611575206\/il_570xN.1611575206_32g0.jpg","url_fullxfull":"https:\/\/i.etsystatic.com\/5267391\/r\/il\/50bf12\/1611575206\/il_fullxfull.1611575206_32g0.jpg","full_height":1864,"full_width":2048},{"listing_image_id":1183002865,"hex_code":"9B8B82","red":155,"green":139,"blue":130,"hue":22,"saturation":16,"brightness":60,"is_black_and_white":false,"creation_tsz":1536194923,"listing_id":641857067,"rank":5,"url_75x75":"https:\/\/i.etsystatic.com\/5267391\/d\/il\/8d98e5\/1183002865\/il_75x75.1183002865_gl9m.jpg?version=0","url_170x135":"https:\/\/i.etsystatic.com\/5267391\/d\/il\/8d98e5\/1183002865\/il_170x135.1183002865_gl9m.jpg?version=0","url_570xN":"https:\/\/i.etsystatic.com\/5267391\/r\/il\/8d98e5\/1183002865\/il_570xN.1183002865_gl9m.jpg","url_fullxfull":"https:\/\/i.etsystatic.com\/5267391\/r\/il\/8d98e5\/1183002865\/il_fullxfull.1183002865_gl9m.jpg","full_height":1500,"full_width":1466},{"listing_image_id":1364166360,"hex_code":"8F876D","red":143,"green":135,"blue":109,"hue":46,"saturation":23,"brightness":56,"is_black_and_white":false,"creation_tsz":1536194923,"listing_id":641857067,"rank":6,"url_75x75":"https:\/\/i.etsystatic.com\/5267391\/d\/il\/d4befe\/1364166360\/il_75x75.1364166360_53tr.jpg?version=0","url_170x135":"https:\/\/i.etsystatic.com\/5267391\/d\/il\/d4befe\/1364166360\/il_170x135.1364166360_53tr.jpg?version=0","url_570xN":"https:\/\/i.etsystatic.com\/5267391\/r\/il\/d4befe\/1364166360\/il_570xN.1364166360_53tr.jpg","url_fullxfull":"https:\/\/i.etsystatic.com\/5267391\/r\/il\/d4befe\/1364166360\/il_fullxfull.1364166360_53tr.jpg","full_height":709,"full_width":570},{"listing_image_id":1659013251,"hex_code":"7F7A7B","red":127,"green":122,"blue":123,"hue":348,"saturation":3,"brightness":49,"is_black_and_white":false,"creation_tsz":1536195586,"listing_id":641857067,"rank":7,"url_75x75":"https:\/\/i.etsystatic.com\/5267391\/d\/il\/b42f67\/1659013251\/il_75x75.1659013251_m5ef.jpg?version=0","url_170x135":"https:\/\/i.etsystatic.com\/5267391\/d\/il\/b42f67\/1659013251\/il_170x135.1659013251_m5ef.jpg?version=0","url_570xN":"https:\/\/i.etsystatic.com\/5267391\/r\/il\/b42f67\/1659013251\/il_570xN.1659013251_m5ef.jpg","url_fullxfull":"https:\/\/i.etsystatic.com\/5267391\/r\/il\/b42f67\/1659013251\/il_fullxfull.1659013251_m5ef.jpg","full_height":1372,"full_width":1528}],"params":{"listing_id":"641857067"},"type":"ListingImage","pagination":{}}