{"count":6,"results":[{"listing_image_id":1598173039,"hex_code":"616C75","red":97,"green":108,"blue":117,"hue":207,"saturation":17,"brightness":45,"is_black_and_white":false,"creation_tsz":1530849161,"listing_id":626257787,"rank":1,"url_75x75":"https:\/\/i.etsystatic.com\/18000146\/d\/il\/064fac\/1598173039\/il_75x75.1598173039_kt54.jpg?version=0","url_170x135":"https:\/\/i.etsystatic.com\/18000146\/d\/il\/064fac\/1598173039\/il_170x135.1598173039_kt54.jpg?version=0","url_570xN":"https:\/\/i.etsystatic.com\/18000146\/r\/il\/064fac\/1598173039\/il_570xN.1598173039_kt54.jpg","url_fullxfull":"https:\/\/i.etsystatic.com\/18000146\/r\/il\/064fac\/1598173039\/il_fullxfull.1598173039_kt54.jpg","full_height":723,"full_width":762},{"listing_image_id":1550717072,"hex_code":"616C75","red":97,"green":108,"blue":117,"hue":207,"saturation":17,"brightness":45,"is_black_and_white":false,"creation_tsz":1530849161,"listing_id":626257787,"rank":2,"url_75x75":"https:\/\/i.etsystatic.com\/18000146\/d\/il\/038d87\/1550717072\/il_75x75.1550717072_riv3.jpg?version=0","url_170x135":"https:\/\/i.etsystatic.com\/18000146\/d\/il\/038d87\/1550717072\/il_170x135.1550717072_riv3.jpg?version=0","url_570xN":"https:\/\/i.etsystatic.com\/18000146\/r\/il\/038d87\/1550717072\/il_570xN.1550717072_riv3.jpg","url_fullxfull":"https:\/\/i.etsystatic.com\/18000146\/r\/il\/038d87\/1550717072\/il_fullxfull.1550717072_riv3.jpg","full_height":723,"full_width":762},{"listing_image_id":1598171965,"hex_code":"DBDAC4","red":219,"green":218,"blue":196,"hue":57,"saturation":10,"brightness":85,"is_black_and_white":false,"creation_tsz":1530849161,"listing_id":626257787,"rank":3,"url_75x75":"https:\/\/i.etsystatic.com\/18000146\/d\/il\/269f47\/1598171965\/il_75x75.1598171965_6shc.jpg?version=0","url_170x135":"https:\/\/i.etsystatic.com\/18000146\/d\/il\/269f47\/1598171965\/il_170x135.1598171965_6shc.jpg?version=0","url_570xN":"https:\/\/i.etsystatic.com\/18000146\/r\/il\/269f47\/1598171965\/il_570xN.1598171965_6shc.jpg","url_fullxfull":"https:\/\/i.etsystatic.com\/18000146\/r\/il\/269f47\/1598171965\/il_fullxfull.1598171965_6shc.jpg","full_height":723,"full_width":1004},{"listing_image_id":1550715936,"hex_code":"DBDAC4","red":219,"green":218,"blue":196,"hue":57,"saturation":10,"brightness":85,"is_black_and_white":false,"creation_tsz":1530849161,"listing_id":626257787,"rank":4,"url_75x75":"https:\/\/i.etsystatic.com\/18000146\/d\/il\/452d64\/1550715936\/il_75x75.1550715936_6scx.jpg?version=0","url_170x135":"https:\/\/i.etsystatic.com\/18000146\/d\/il\/452d64\/1550715936\/il_170x135.1550715936_6scx.jpg?version=0","url_570xN":"https:\/\/i.etsystatic.com\/18000146\/r\/il\/452d64\/1550715936\/il_570xN.1550715936_6scx.jpg","url_fullxfull":"https:\/\/i.etsystatic.com\/18000146\/r\/il\/452d64\/1550715936\/il_fullxfull.1550715936_6scx.jpg","full_height":723,"full_width":1004},{"listing_image_id":1550716046,"hex_code":"DBDAC4","red":219,"green":218,"blue":196,"hue":57,"saturation":10,"brightness":85,"is_black_and_white":false,"creation_tsz":1530849161,"listing_id":626257787,"rank":5,"url_75x75":"https:\/\/i.etsystatic.com\/18000146\/d\/il\/acc027\/1550716046\/il_75x75.1550716046_529c.jpg?version=0","url_170x135":"https:\/\/i.etsystatic.com\/18000146\/d\/il\/acc027\/1550716046\/il_170x135.1550716046_529c.jpg?version=0","url_570xN":"https:\/\/i.etsystatic.com\/18000146\/r\/il\/acc027\/1550716046\/il_570xN.1550716046_529c.jpg","url_fullxfull":"https:\/\/i.etsystatic.com\/18000146\/r\/il\/acc027\/1550716046\/il_fullxfull.1550716046_529c.jpg","full_height":723,"full_width":1004},{"listing_image_id":1550716134,"hex_code":"DBDAC4","red":219,"green":218,"blue":196,"hue":57,"saturation":10,"brightness":85,"is_black_and_white":false,"creation_tsz":1530849161,"listing_id":626257787,"rank":6,"url_75x75":"https:\/\/i.etsystatic.com\/18000146\/d\/il\/4bb52b\/1550716134\/il_75x75.1550716134_hi56.jpg?version=0","url_170x135":"https:\/\/i.etsystatic.com\/18000146\/d\/il\/4bb52b\/1550716134\/il_170x135.1550716134_hi56.jpg?version=0","url_570xN":"https:\/\/i.etsystatic.com\/18000146\/r\/il\/4bb52b\/1550716134\/il_570xN.1550716134_hi56.jpg","url_fullxfull":"https:\/\/i.etsystatic.com\/18000146\/r\/il\/4bb52b\/1550716134\/il_fullxfull.1550716134_hi56.jpg","full_height":723,"full_width":1004}],"params":{"listing_id":"626257787"},"type":"ListingImage","pagination":{}}