{"count":7,"results":[{"listing_image_id":1996517154,"hex_code":"EAEBE9","red":234,"green":235,"blue":233,"hue":90,"saturation":0,"brightness":92,"is_black_and_white":false,"creation_tsz":1567528222,"listing_id":636300722,"rank":1,"url_75x75":"https:\/\/i.etsystatic.com\/15553303\/d\/il\/ef2091\/1996517154\/il_75x75.1996517154_5rxv.jpg?version=0","url_170x135":"https:\/\/i.etsystatic.com\/15553303\/d\/il\/ef2091\/1996517154\/il_170x135.1996517154_5rxv.jpg?version=0","url_570xN":"https:\/\/i.etsystatic.com\/15553303\/r\/il\/ef2091\/1996517154\/il_570xN.1996517154_5rxv.jpg","url_fullxfull":"https:\/\/i.etsystatic.com\/15553303\/r\/il\/ef2091\/1996517154\/il_fullxfull.1996517154_5rxv.jpg","full_height":2699,"full_width":3000},{"listing_image_id":2361474636,"hex_code":"E8E8E7","red":232,"green":232,"blue":231,"hue":60,"saturation":0,"brightness":90,"is_black_and_white":false,"creation_tsz":1592131159,"listing_id":636300722,"rank":2,"url_75x75":"https:\/\/i.etsystatic.com\/15553303\/d\/il\/3d9f46\/2361474636\/il_75x75.2361474636_mln0.jpg?version=0","url_170x135":"https:\/\/i.etsystatic.com\/15553303\/d\/il\/3d9f46\/2361474636\/il_170x135.2361474636_mln0.jpg?version=0","url_570xN":"https:\/\/i.etsystatic.com\/15553303\/r\/il\/3d9f46\/2361474636\/il_570xN.2361474636_mln0.jpg","url_fullxfull":"https:\/\/i.etsystatic.com\/15553303\/r\/il\/3d9f46\/2361474636\/il_fullxfull.2361474636_mln0.jpg","full_height":2048,"full_width":2175},{"listing_image_id":2044081627,"hex_code":"E5E3E3","red":229,"green":227,"blue":227,"hue":0,"saturation":0,"brightness":89,"is_black_and_white":false,"creation_tsz":1567528222,"listing_id":636300722,"rank":3,"url_75x75":"https:\/\/i.etsystatic.com\/15553303\/d\/il\/5e06bf\/2044081627\/il_75x75.2044081627_iqgo.jpg?version=0","url_170x135":"https:\/\/i.etsystatic.com\/15553303\/d\/il\/5e06bf\/2044081627\/il_170x135.2044081627_iqgo.jpg?version=0","url_570xN":"https:\/\/i.etsystatic.com\/15553303\/r\/il\/5e06bf\/2044081627\/il_570xN.2044081627_iqgo.jpg","url_fullxfull":"https:\/\/i.etsystatic.com\/15553303\/r\/il\/5e06bf\/2044081627\/il_fullxfull.2044081627_iqgo.jpg","full_height":2900,"full_width":2900},{"listing_image_id":2202803269,"hex_code":"827283","red":130,"green":114,"blue":131,"hue":296,"saturation":12,"brightness":51,"is_black_and_white":false,"creation_tsz":1579256957,"listing_id":636300722,"rank":4,"url_75x75":"https:\/\/i.etsystatic.com\/15553303\/d\/il\/735950\/2202803269\/il_75x75.2202803269_gylg.jpg?version=0","url_170x135":"https:\/\/i.etsystatic.com\/15553303\/d\/il\/735950\/2202803269\/il_170x135.2202803269_gylg.jpg?version=0","url_570xN":"https:\/\/i.etsystatic.com\/15553303\/r\/il\/735950\/2202803269\/il_570xN.2202803269_gylg.jpg","url_fullxfull":"https:\/\/i.etsystatic.com\/15553303\/r\/il\/735950\/2202803269\/il_fullxfull.2202803269_gylg.jpg","full_height":2143,"full_width":3000},{"listing_image_id":2202803281,"hex_code":"D67781","red":214,"green":119,"blue":129,"hue":354,"saturation":44,"brightness":83,"is_black_and_white":false,"creation_tsz":1579256957,"listing_id":636300722,"rank":5,"url_75x75":"https:\/\/i.etsystatic.com\/15553303\/d\/il\/fee61d\/2202803281\/il_75x75.2202803281_8cuk.jpg?version=0","url_170x135":"https:\/\/i.etsystatic.com\/15553303\/d\/il\/fee61d\/2202803281\/il_170x135.2202803281_8cuk.jpg?version=0","url_570xN":"https:\/\/i.etsystatic.com\/15553303\/r\/il\/fee61d\/2202803281\/il_570xN.2202803281_8cuk.jpg","url_fullxfull":"https:\/\/i.etsystatic.com\/15553303\/r\/il\/fee61d\/2202803281\/il_fullxfull.2202803281_8cuk.jpg","full_height":2143,"full_width":3000},{"listing_image_id":2202803249,"hex_code":"63C4B5","red":99,"green":196,"blue":181,"hue":171,"saturation":49,"brightness":76,"is_black_and_white":false,"creation_tsz":1579256957,"listing_id":636300722,"rank":6,"url_75x75":"https:\/\/i.etsystatic.com\/15553303\/d\/il\/23df25\/2202803249\/il_75x75.2202803249_k0yg.jpg?version=0","url_170x135":"https:\/\/i.etsystatic.com\/15553303\/d\/il\/23df25\/2202803249\/il_170x135.2202803249_k0yg.jpg?version=0","url_570xN":"https:\/\/i.etsystatic.com\/15553303\/r\/il\/23df25\/2202803249\/il_570xN.2202803249_k0yg.jpg","url_fullxfull":"https:\/\/i.etsystatic.com\/15553303\/r\/il\/23df25\/2202803249\/il_fullxfull.2202803249_k0yg.jpg","full_height":2143,"full_width":3000},{"listing_image_id":2573121826,"hex_code":"C5C5C5","red":197,"green":197,"blue":197,"hue":0,"saturation":0,"brightness":77,"is_black_and_white":null,"creation_tsz":1602008075,"listing_id":636300722,"rank":7,"url_75x75":"https:\/\/i.etsystatic.com\/15553303\/d\/il\/6909c4\/2573121826\/il_75x75.2573121826_7mer.jpg?version=0","url_170x135":"https:\/\/i.etsystatic.com\/15553303\/d\/il\/6909c4\/2573121826\/il_170x135.2573121826_7mer.jpg?version=0","url_570xN":"https:\/\/i.etsystatic.com\/15553303\/r\/il\/6909c4\/2573121826\/il_570xN.2573121826_7mer.jpg","url_fullxfull":"https:\/\/i.etsystatic.com\/15553303\/r\/il\/6909c4\/2573121826\/il_fullxfull.2573121826_7mer.jpg","full_height":3000,"full_width":2122}],"params":{"listing_id":"636300722"},"type":"ListingImage","pagination":{}}