{"count":5,"results":[{"listing_image_id":1549231914,"hex_code":"E5E4E1","red":229,"green":228,"blue":225,"hue":45,"saturation":1,"brightness":89,"is_black_and_white":false,"creation_tsz":1530732856,"listing_id":625857661,"rank":1,"url_75x75":"https:\/\/i.etsystatic.com\/17582791\/d\/il\/ca970b\/1549231914\/il_75x75.1549231914_b6ay.jpg?version=0","url_170x135":"https:\/\/i.etsystatic.com\/17582791\/d\/il\/ca970b\/1549231914\/il_170x135.1549231914_b6ay.jpg?version=0","url_570xN":"https:\/\/i.etsystatic.com\/17582791\/r\/il\/ca970b\/1549231914\/il_570xN.1549231914_b6ay.jpg","url_fullxfull":"https:\/\/i.etsystatic.com\/17582791\/r\/il\/ca970b\/1549231914\/il_fullxfull.1549231914_b6ay.jpg","full_height":900,"full_width":900},{"listing_image_id":1596687983,"hex_code":"C9C8C4","red":201,"green":200,"blue":196,"hue":48,"saturation":2,"brightness":78,"is_black_and_white":false,"creation_tsz":1530732856,"listing_id":625857661,"rank":2,"url_75x75":"https:\/\/i.etsystatic.com\/17582791\/d\/il\/f28799\/1596687983\/il_75x75.1596687983_9o08.jpg?version=0","url_170x135":"https:\/\/i.etsystatic.com\/17582791\/d\/il\/f28799\/1596687983\/il_170x135.1596687983_9o08.jpg?version=0","url_570xN":"https:\/\/i.etsystatic.com\/17582791\/r\/il\/f28799\/1596687983\/il_570xN.1596687983_9o08.jpg","url_fullxfull":"https:\/\/i.etsystatic.com\/17582791\/r\/il\/f28799\/1596687983\/il_fullxfull.1596687983_9o08.jpg","full_height":734,"full_width":1100},{"listing_image_id":1596688049,"hex_code":"AEAEAE","red":174,"green":174,"blue":174,"hue":0,"saturation":0,"brightness":68,"is_black_and_white":false,"creation_tsz":1530732856,"listing_id":625857661,"rank":3,"url_75x75":"https:\/\/i.etsystatic.com\/17582791\/d\/il\/db0fa1\/1596688049\/il_75x75.1596688049_fxt2.jpg?version=0","url_170x135":"https:\/\/i.etsystatic.com\/17582791\/d\/il\/db0fa1\/1596688049\/il_170x135.1596688049_fxt2.jpg?version=0","url_570xN":"https:\/\/i.etsystatic.com\/17582791\/r\/il\/db0fa1\/1596688049\/il_570xN.1596688049_fxt2.jpg","url_fullxfull":"https:\/\/i.etsystatic.com\/17582791\/r\/il\/db0fa1\/1596688049\/il_fullxfull.1596688049_fxt2.jpg","full_height":683,"full_width":1000},{"listing_image_id":1549232542,"hex_code":"C7BAAE","red":199,"green":186,"blue":174,"hue":29,"saturation":12,"brightness":78,"is_black_and_white":false,"creation_tsz":1530732856,"listing_id":625857661,"rank":4,"url_75x75":"https:\/\/i.etsystatic.com\/17582791\/d\/il\/9dd858\/1549232542\/il_75x75.1549232542_e0gm.jpg?version=0","url_170x135":"https:\/\/i.etsystatic.com\/17582791\/d\/il\/9dd858\/1549232542\/il_170x135.1549232542_e0gm.jpg?version=0","url_570xN":"https:\/\/i.etsystatic.com\/17582791\/r\/il\/9dd858\/1549232542\/il_570xN.1549232542_e0gm.jpg","url_fullxfull":"https:\/\/i.etsystatic.com\/17582791\/r\/il\/9dd858\/1549232542\/il_fullxfull.1549232542_e0gm.jpg","full_height":600,"full_width":900},{"listing_image_id":1596689005,"hex_code":"B6B6B5","red":182,"green":182,"blue":181,"hue":60,"saturation":0,"brightness":71,"is_black_and_white":false,"creation_tsz":1530732856,"listing_id":625857661,"rank":5,"url_75x75":"https:\/\/i.etsystatic.com\/17582791\/d\/il\/b97fea\/1596689005\/il_75x75.1596689005_b7h6.jpg?version=0","url_170x135":"https:\/\/i.etsystatic.com\/17582791\/d\/il\/b97fea\/1596689005\/il_170x135.1596689005_b7h6.jpg?version=0","url_570xN":"https:\/\/i.etsystatic.com\/17582791\/r\/il\/b97fea\/1596689005\/il_570xN.1596689005_b7h6.jpg","url_fullxfull":"https:\/\/i.etsystatic.com\/17582791\/r\/il\/b97fea\/1596689005\/il_fullxfull.1596689005_b7h6.jpg","full_height":2500,"full_width":2000}],"params":{"listing_id":"625857661"},"type":"ListingImage","pagination":{}}