{"count":6,"results":[{"listing_image_id":674790607,"hex_code":"958779","red":149,"green":135,"blue":121,"hue":30,"saturation":18,"brightness":58,"is_black_and_white":false,"creation_tsz":1539545488,"listing_id":651050427,"rank":1,"url_75x75":"https:\/\/i.etsystatic.com\/5262363\/d\/il\/3741a9\/674790607\/il_75x75.674790607_e91l.jpg?version=0","url_170x135":"https:\/\/i.etsystatic.com\/5262363\/d\/il\/3741a9\/674790607\/il_170x135.674790607_e91l.jpg?version=0","url_570xN":"https:\/\/i.etsystatic.com\/5262363\/r\/il\/3741a9\/674790607\/il_570xN.674790607_e91l.jpg","url_fullxfull":"https:\/\/i.etsystatic.com\/5262363\/r\/il\/3741a9\/674790607\/il_fullxfull.674790607_e91l.jpg","full_height":1500,"full_width":1221},{"listing_image_id":1650973364,"hex_code":"B7A394","red":183,"green":163,"blue":148,"hue":26,"saturation":19,"brightness":71,"is_black_and_white":false,"creation_tsz":1539545699,"listing_id":651050427,"rank":2,"url_75x75":"https:\/\/i.etsystatic.com\/5262363\/d\/il\/20aa96\/1650973364\/il_75x75.1650973364_ri52.jpg?version=0","url_170x135":"https:\/\/i.etsystatic.com\/5262363\/d\/il\/20aa96\/1650973364\/il_170x135.1650973364_ri52.jpg?version=0","url_570xN":"https:\/\/i.etsystatic.com\/5262363\/r\/il\/20aa96\/1650973364\/il_570xN.1650973364_ri52.jpg","url_fullxfull":"https:\/\/i.etsystatic.com\/5262363\/r\/il\/20aa96\/1650973364\/il_fullxfull.1650973364_ri52.jpg","full_height":1500,"full_width":1124},{"listing_image_id":1698398441,"hex_code":"DAC4B1","red":218,"green":196,"blue":177,"hue":28,"saturation":18,"brightness":85,"is_black_and_white":false,"creation_tsz":1539545699,"listing_id":651050427,"rank":3,"url_75x75":"https:\/\/i.etsystatic.com\/5262363\/d\/il\/0d0880\/1698398441\/il_75x75.1698398441_hiep.jpg?version=0","url_170x135":"https:\/\/i.etsystatic.com\/5262363\/d\/il\/0d0880\/1698398441\/il_170x135.1698398441_hiep.jpg?version=0","url_570xN":"https:\/\/i.etsystatic.com\/5262363\/r\/il\/0d0880\/1698398441\/il_570xN.1698398441_hiep.jpg","url_fullxfull":"https:\/\/i.etsystatic.com\/5262363\/r\/il\/0d0880\/1698398441\/il_fullxfull.1698398441_hiep.jpg","full_height":1148,"full_width":1124},{"listing_image_id":674790591,"hex_code":"8D7A65","red":141,"green":122,"blue":101,"hue":32,"saturation":28,"brightness":55,"is_black_and_white":false,"creation_tsz":1539545488,"listing_id":651050427,"rank":4,"url_75x75":"https:\/\/i.etsystatic.com\/5262363\/d\/il\/98cfe3\/674790591\/il_75x75.674790591_m7v2.jpg?version=0","url_170x135":"https:\/\/i.etsystatic.com\/5262363\/d\/il\/98cfe3\/674790591\/il_170x135.674790591_m7v2.jpg?version=0","url_570xN":"https:\/\/i.etsystatic.com\/5262363\/r\/il\/98cfe3\/674790591\/il_570xN.674790591_m7v2.jpg","url_fullxfull":"https:\/\/i.etsystatic.com\/5262363\/r\/il\/98cfe3\/674790591\/il_fullxfull.674790591_m7v2.jpg","full_height":1500,"full_width":1374},{"listing_image_id":674673168,"hex_code":"B5AE9D","red":181,"green":174,"blue":157,"hue":42,"saturation":13,"brightness":70,"is_black_and_white":false,"creation_tsz":1539545488,"listing_id":651050427,"rank":5,"url_75x75":"https:\/\/i.etsystatic.com\/5262363\/d\/il\/30e367\/674673168\/il_75x75.674673168_nrd6.jpg?version=0","url_170x135":"https:\/\/i.etsystatic.com\/5262363\/d\/il\/30e367\/674673168\/il_170x135.674673168_nrd6.jpg?version=0","url_570xN":"https:\/\/i.etsystatic.com\/5262363\/r\/il\/30e367\/674673168\/il_570xN.674673168_nrd6.jpg","url_fullxfull":"https:\/\/i.etsystatic.com\/5262363\/r\/il\/30e367\/674673168\/il_fullxfull.674673168_nrd6.jpg","full_height":1295,"full_width":1500},{"listing_image_id":1650973270,"hex_code":"A57D68","red":165,"green":125,"blue":104,"hue":21,"saturation":36,"brightness":64,"is_black_and_white":false,"creation_tsz":1539545699,"listing_id":651050427,"rank":6,"url_75x75":"https:\/\/i.etsystatic.com\/5262363\/d\/il\/4e6c50\/1650973270\/il_75x75.1650973270_751r.jpg?version=0","url_170x135":"https:\/\/i.etsystatic.com\/5262363\/d\/il\/4e6c50\/1650973270\/il_170x135.1650973270_751r.jpg?version=0","url_570xN":"https:\/\/i.etsystatic.com\/5262363\/r\/il\/4e6c50\/1650973270\/il_570xN.1650973270_751r.jpg","url_fullxfull":"https:\/\/i.etsystatic.com\/5262363\/r\/il\/4e6c50\/1650973270\/il_fullxfull.1650973270_751r.jpg","full_height":1474,"full_width":1124}],"params":{"listing_id":"651050427"},"type":"ListingImage","pagination":{}}