{"count":2,"results":[{"listing_image_id":1850895449,"hex_code":"A48971","red":164,"green":137,"blue":113,"hue":28,"saturation":31,"brightness":64,"is_black_and_white":false,"creation_tsz":1551945838,"listing_id":674788558,"rank":1,"url_75x75":"https:\/\/i.etsystatic.com\/7545759\/d\/il\/b987f5\/1850895449\/il_75x75.1850895449_gj3n.jpg?version=0","url_170x135":"https:\/\/i.etsystatic.com\/7545759\/d\/il\/b987f5\/1850895449\/il_170x135.1850895449_gj3n.jpg?version=0","url_570xN":"https:\/\/i.etsystatic.com\/7545759\/r\/il\/b987f5\/1850895449\/il_570xN.1850895449_gj3n.jpg","url_fullxfull":"https:\/\/i.etsystatic.com\/7545759\/r\/il\/b987f5\/1850895449\/il_fullxfull.1850895449_gj3n.jpg","full_height":932,"full_width":734},{"listing_image_id":1850895479,"hex_code":"977E66","red":151,"green":126,"blue":102,"hue":29,"saturation":32,"brightness":59,"is_black_and_white":false,"creation_tsz":1551945838,"listing_id":674788558,"rank":2,"url_75x75":"https:\/\/i.etsystatic.com\/7545759\/d\/il\/69a681\/1850895479\/il_75x75.1850895479_h6wa.jpg?version=0","url_170x135":"https:\/\/i.etsystatic.com\/7545759\/d\/il\/69a681\/1850895479\/il_170x135.1850895479_h6wa.jpg?version=0","url_570xN":"https:\/\/i.etsystatic.com\/7545759\/r\/il\/69a681\/1850895479\/il_570xN.1850895479_h6wa.jpg","url_fullxfull":"https:\/\/i.etsystatic.com\/7545759\/r\/il\/69a681\/1850895479\/il_fullxfull.1850895479_h6wa.jpg","full_height":924,"full_width":748}],"params":{"listing_id":"674788558"},"type":"ListingImage","pagination":{}}