{"count":4,"results":[{"listing_image_id":2947602610,"hex_code":"CDCDCC","red":205,"green":205,"blue":204,"hue":60,"saturation":0,"brightness":80,"is_black_and_white":null,"creation_tsz":1615967494,"listing_id":690714390,"rank":1,"url_75x75":"https:\/\/i.etsystatic.com\/9057386\/d\/il\/7a462e\/2947602610\/il_75x75.2947602610_m25y.jpg?version=0","url_170x135":"https:\/\/i.etsystatic.com\/9057386\/d\/il\/7a462e\/2947602610\/il_170x135.2947602610_m25y.jpg?version=0","url_570xN":"https:\/\/i.etsystatic.com\/9057386\/r\/il\/7a462e\/2947602610\/il_570xN.2947602610_m25y.jpg","url_fullxfull":"https:\/\/i.etsystatic.com\/9057386\/r\/il\/7a462e\/2947602610\/il_fullxfull.2947602610_m25y.jpg","full_height":2000,"full_width":2000},{"listing_image_id":1917739935,"hex_code":"CDCDCC","red":205,"green":205,"blue":204,"hue":60,"saturation":0,"brightness":80,"is_black_and_white":null,"creation_tsz":1557264068,"listing_id":690714390,"rank":2,"url_75x75":"https:\/\/i.etsystatic.com\/9057386\/d\/il\/9dcd4d\/1917739935\/il_75x75.1917739935_1ek3.jpg?version=0","url_170x135":"https:\/\/i.etsystatic.com\/9057386\/d\/il\/9dcd4d\/1917739935\/il_170x135.1917739935_1ek3.jpg?version=0","url_570xN":"https:\/\/i.etsystatic.com\/9057386\/r\/il\/9dcd4d\/1917739935\/il_570xN.1917739935_1ek3.jpg","url_fullxfull":"https:\/\/i.etsystatic.com\/9057386\/r\/il\/9dcd4d\/1917739935\/il_fullxfull.1917739935_1ek3.jpg","full_height":1500,"full_width":1500},{"listing_image_id":1917740093,"hex_code":"D3D3D2","red":211,"green":211,"blue":210,"hue":60,"saturation":0,"brightness":82,"is_black_and_white":false,"creation_tsz":1557264068,"listing_id":690714390,"rank":3,"url_75x75":"https:\/\/i.etsystatic.com\/9057386\/d\/il\/0034ab\/1917740093\/il_75x75.1917740093_m0mp.jpg?version=0","url_170x135":"https:\/\/i.etsystatic.com\/9057386\/d\/il\/0034ab\/1917740093\/il_170x135.1917740093_m0mp.jpg?version=0","url_570xN":"https:\/\/i.etsystatic.com\/9057386\/r\/il\/0034ab\/1917740093\/il_570xN.1917740093_m0mp.jpg","url_fullxfull":"https:\/\/i.etsystatic.com\/9057386\/r\/il\/0034ab\/1917740093\/il_fullxfull.1917740093_m0mp.jpg","full_height":1500,"full_width":1500},{"listing_image_id":1870219404,"hex_code":"DCDDDC","red":220,"green":221,"blue":220,"hue":120,"saturation":0,"brightness":86,"is_black_and_white":false,"creation_tsz":1557264068,"listing_id":690714390,"rank":4,"url_75x75":"https:\/\/i.etsystatic.com\/9057386\/d\/il\/eaeab0\/1870219404\/il_75x75.1870219404_trk1.jpg?version=0","url_170x135":"https:\/\/i.etsystatic.com\/9057386\/d\/il\/eaeab0\/1870219404\/il_170x135.1870219404_trk1.jpg?version=0","url_570xN":"https:\/\/i.etsystatic.com\/9057386\/r\/il\/eaeab0\/1870219404\/il_570xN.1870219404_trk1.jpg","url_fullxfull":"https:\/\/i.etsystatic.com\/9057386\/r\/il\/eaeab0\/1870219404\/il_fullxfull.1870219404_trk1.jpg","full_height":1500,"full_width":1500}],"params":{"listing_id":"690714390"},"type":"ListingImage","pagination":{}}