{"count":4,"results":[{"listing_image_id":2492418175,"hex_code":"CCCDC6","red":204,"green":205,"blue":198,"hue":69,"saturation":3,"brightness":80,"is_black_and_white":false,"creation_tsz":1596321949,"listing_id":672963747,"rank":1,"url_75x75":"https:\/\/i.etsystatic.com\/18910526\/d\/il\/ca2563\/2492418175\/il_75x75.2492418175_108i.jpg?version=0","url_170x135":"https:\/\/i.etsystatic.com\/18910526\/d\/il\/ca2563\/2492418175\/il_170x135.2492418175_108i.jpg?version=0","url_570xN":"https:\/\/i.etsystatic.com\/18910526\/r\/il\/ca2563\/2492418175\/il_570xN.2492418175_108i.jpg","url_fullxfull":"https:\/\/i.etsystatic.com\/18910526\/r\/il\/ca2563\/2492418175\/il_fullxfull.2492418175_108i.jpg","full_height":1500,"full_width":2000},{"listing_image_id":1784791767,"hex_code":"A89F9A","red":168,"green":159,"blue":154,"hue":21,"saturation":8,"brightness":65,"is_black_and_white":false,"creation_tsz":1546822499,"listing_id":672963747,"rank":2,"url_75x75":"https:\/\/i.etsystatic.com\/18910526\/d\/il\/0bce14\/1784791767\/il_75x75.1784791767_qlzb.jpg?version=0","url_170x135":"https:\/\/i.etsystatic.com\/18910526\/d\/il\/0bce14\/1784791767\/il_170x135.1784791767_qlzb.jpg?version=0","url_570xN":"https:\/\/i.etsystatic.com\/18910526\/r\/il\/0bce14\/1784791767\/il_570xN.1784791767_qlzb.jpg","url_fullxfull":"https:\/\/i.etsystatic.com\/18910526\/r\/il\/0bce14\/1784791767\/il_fullxfull.1784791767_qlzb.jpg","full_height":800,"full_width":800},{"listing_image_id":2444791480,"hex_code":"C7C4C4","red":199,"green":196,"blue":196,"hue":0,"saturation":1,"brightness":78,"is_black_and_white":false,"creation_tsz":1596322389,"listing_id":672963747,"rank":3,"url_75x75":"https:\/\/i.etsystatic.com\/18910526\/d\/il\/50fbad\/2444791480\/il_75x75.2444791480_9rer.jpg?version=0","url_170x135":"https:\/\/i.etsystatic.com\/18910526\/d\/il\/50fbad\/2444791480\/il_170x135.2444791480_9rer.jpg?version=0","url_570xN":"https:\/\/i.etsystatic.com\/18910526\/r\/il\/50fbad\/2444791480\/il_570xN.2444791480_9rer.jpg","url_fullxfull":"https:\/\/i.etsystatic.com\/18910526\/r\/il\/50fbad\/2444791480\/il_fullxfull.2444791480_9rer.jpg","full_height":1428,"full_width":2000},{"listing_image_id":2492428721,"hex_code":"29302F","red":41,"green":48,"blue":47,"hue":171,"saturation":14,"brightness":18,"is_black_and_white":false,"creation_tsz":1596322389,"listing_id":672963747,"rank":4,"url_75x75":"https:\/\/i.etsystatic.com\/18910526\/d\/il\/dc533d\/2492428721\/il_75x75.2492428721_ocmu.jpg?version=0","url_170x135":"https:\/\/i.etsystatic.com\/18910526\/d\/il\/dc533d\/2492428721\/il_170x135.2492428721_ocmu.jpg?version=0","url_570xN":"https:\/\/i.etsystatic.com\/18910526\/r\/il\/dc533d\/2492428721\/il_570xN.2492428721_ocmu.jpg","url_fullxfull":"https:\/\/i.etsystatic.com\/18910526\/r\/il\/dc533d\/2492428721\/il_fullxfull.2492428721_ocmu.jpg","full_height":1080,"full_width":1080}],"params":{"listing_id":"672963747"},"type":"ListingImage","pagination":{}}