{"count":4,"results":[{"listing_image_id":2078308205,"hex_code":"CDB1B7","red":205,"green":177,"blue":183,"hue":347,"saturation":13,"brightness":80,"is_black_and_white":false,"creation_tsz":1570066932,"listing_id":727690966,"rank":1,"url_75x75":"https:\/\/i.etsystatic.com\/16757165\/d\/il\/8a170e\/2078308205\/il_75x75.2078308205_204f.jpg?version=0","url_170x135":"https:\/\/i.etsystatic.com\/16757165\/d\/il\/8a170e\/2078308205\/il_170x135.2078308205_204f.jpg?version=0","url_570xN":"https:\/\/i.etsystatic.com\/16757165\/r\/il\/8a170e\/2078308205\/il_570xN.2078308205_204f.jpg","url_fullxfull":"https:\/\/i.etsystatic.com\/16757165\/r\/il\/8a170e\/2078308205\/il_fullxfull.2078308205_204f.jpg","full_height":788,"full_width":940},{"listing_image_id":2400471770,"hex_code":"9DA1AA","red":157,"green":161,"blue":170,"hue":222,"saturation":7,"brightness":66,"is_black_and_white":false,"creation_tsz":1594160445,"listing_id":727690966,"rank":2,"url_75x75":"https:\/\/i.etsystatic.com\/16757165\/d\/il\/e4a169\/2400471770\/il_75x75.2400471770_he0k.jpg?version=0","url_170x135":"https:\/\/i.etsystatic.com\/16757165\/d\/il\/e4a169\/2400471770\/il_170x135.2400471770_he0k.jpg?version=0","url_570xN":"https:\/\/i.etsystatic.com\/16757165\/r\/il\/e4a169\/2400471770\/il_570xN.2400471770_he0k.jpg","url_fullxfull":"https:\/\/i.etsystatic.com\/16757165\/r\/il\/e4a169\/2400471770\/il_fullxfull.2400471770_he0k.jpg","full_height":794,"full_width":794},{"listing_image_id":2400471818,"hex_code":"B3D4D9","red":179,"green":212,"blue":217,"hue":188,"saturation":17,"brightness":85,"is_black_and_white":false,"creation_tsz":1594160445,"listing_id":727690966,"rank":3,"url_75x75":"https:\/\/i.etsystatic.com\/16757165\/d\/il\/f621e2\/2400471818\/il_75x75.2400471818_dh3s.jpg?version=0","url_170x135":"https:\/\/i.etsystatic.com\/16757165\/d\/il\/f621e2\/2400471818\/il_170x135.2400471818_dh3s.jpg?version=0","url_570xN":"https:\/\/i.etsystatic.com\/16757165\/r\/il\/f621e2\/2400471818\/il_570xN.2400471818_dh3s.jpg","url_fullxfull":"https:\/\/i.etsystatic.com\/16757165\/r\/il\/f621e2\/2400471818\/il_fullxfull.2400471818_dh3s.jpg","full_height":539,"full_width":540},{"listing_image_id":2448103425,"hex_code":"C4C0E3","red":196,"green":192,"blue":227,"hue":247,"saturation":15,"brightness":89,"is_black_and_white":false,"creation_tsz":1594160445,"listing_id":727690966,"rank":4,"url_75x75":"https:\/\/i.etsystatic.com\/16757165\/d\/il\/6d8ec9\/2448103425\/il_75x75.2448103425_ha5w.jpg?version=0","url_170x135":"https:\/\/i.etsystatic.com\/16757165\/d\/il\/6d8ec9\/2448103425\/il_170x135.2448103425_ha5w.jpg?version=0","url_570xN":"https:\/\/i.etsystatic.com\/16757165\/r\/il\/6d8ec9\/2448103425\/il_570xN.2448103425_ha5w.jpg","url_fullxfull":"https:\/\/i.etsystatic.com\/16757165\/r\/il\/6d8ec9\/2448103425\/il_fullxfull.2448103425_ha5w.jpg","full_height":3000,"full_width":3000}],"params":{"listing_id":"727690966"},"type":"ListingImage","pagination":{}}