{"count":6,"results":[{"listing_image_id":2292439726,"hex_code":"99A398","red":153,"green":163,"blue":152,"hue":115,"saturation":6,"brightness":63,"is_black_and_white":false,"creation_tsz":1588489405,"listing_id":789775348,"rank":1,"url_75x75":"https:\/\/i.etsystatic.com\/5116182\/c\/819\/651\/105\/220\/il\/a336ec\/2292439726\/il_75x75.2292439726_cu2a.jpg","url_170x135":"https:\/\/i.etsystatic.com\/5116182\/c\/819\/651\/105\/220\/il\/a336ec\/2292439726\/il_170x135.2292439726_cu2a.jpg","url_570xN":"https:\/\/i.etsystatic.com\/5116182\/r\/il\/a336ec\/2292439726\/il_570xN.2292439726_cu2a.jpg","url_fullxfull":"https:\/\/i.etsystatic.com\/5116182\/r\/il\/a336ec\/2292439726\/il_fullxfull.2292439726_cu2a.jpg","full_height":1000,"full_width":1000},{"listing_image_id":2292439490,"hex_code":"9FA094","red":159,"green":160,"blue":148,"hue":65,"saturation":7,"brightness":62,"is_black_and_white":false,"creation_tsz":1588489314,"listing_id":789775348,"rank":2,"url_75x75":"https:\/\/i.etsystatic.com\/5116182\/d\/il\/a49e67\/2292439490\/il_75x75.2292439490_bplj.jpg?version=0","url_170x135":"https:\/\/i.etsystatic.com\/5116182\/d\/il\/a49e67\/2292439490\/il_170x135.2292439490_bplj.jpg?version=0","url_570xN":"https:\/\/i.etsystatic.com\/5116182\/r\/il\/a49e67\/2292439490\/il_570xN.2292439490_bplj.jpg","url_fullxfull":"https:\/\/i.etsystatic.com\/5116182\/r\/il\/a49e67\/2292439490\/il_fullxfull.2292439490_bplj.jpg","full_height":1000,"full_width":1000},{"listing_image_id":2292439460,"hex_code":"92A29B","red":146,"green":162,"blue":155,"hue":154,"saturation":9,"brightness":63,"is_black_and_white":false,"creation_tsz":1588489312,"listing_id":789775348,"rank":3,"url_75x75":"https:\/\/i.etsystatic.com\/5116182\/d\/il\/110861\/2292439460\/il_75x75.2292439460_j970.jpg?version=0","url_170x135":"https:\/\/i.etsystatic.com\/5116182\/d\/il\/110861\/2292439460\/il_170x135.2292439460_j970.jpg?version=0","url_570xN":"https:\/\/i.etsystatic.com\/5116182\/r\/il\/110861\/2292439460\/il_570xN.2292439460_j970.jpg","url_fullxfull":"https:\/\/i.etsystatic.com\/5116182\/r\/il\/110861\/2292439460\/il_fullxfull.2292439460_j970.jpg","full_height":1000,"full_width":1000},{"listing_image_id":2292439424,"hex_code":"ADB6AD","red":173,"green":182,"blue":173,"hue":120,"saturation":4,"brightness":71,"is_black_and_white":false,"creation_tsz":1588489310,"listing_id":789775348,"rank":4,"url_75x75":"https:\/\/i.etsystatic.com\/5116182\/d\/il\/c4333a\/2292439424\/il_75x75.2292439424_bty4.jpg?version=0","url_170x135":"https:\/\/i.etsystatic.com\/5116182\/d\/il\/c4333a\/2292439424\/il_170x135.2292439424_bty4.jpg?version=0","url_570xN":"https:\/\/i.etsystatic.com\/5116182\/r\/il\/c4333a\/2292439424\/il_570xN.2292439424_bty4.jpg","url_fullxfull":"https:\/\/i.etsystatic.com\/5116182\/r\/il\/c4333a\/2292439424\/il_fullxfull.2292439424_bty4.jpg","full_height":1000,"full_width":1000},{"listing_image_id":2340049449,"hex_code":"AFB6AD","red":175,"green":182,"blue":173,"hue":107,"saturation":4,"brightness":71,"is_black_and_white":false,"creation_tsz":1588489308,"listing_id":789775348,"rank":5,"url_75x75":"https:\/\/i.etsystatic.com\/5116182\/d\/il\/55312b\/2340049449\/il_75x75.2340049449_odqy.jpg?version=0","url_170x135":"https:\/\/i.etsystatic.com\/5116182\/d\/il\/55312b\/2340049449\/il_170x135.2340049449_odqy.jpg?version=0","url_570xN":"https:\/\/i.etsystatic.com\/5116182\/r\/il\/55312b\/2340049449\/il_570xN.2340049449_odqy.jpg","url_fullxfull":"https:\/\/i.etsystatic.com\/5116182\/r\/il\/55312b\/2340049449\/il_fullxfull.2340049449_odqy.jpg","full_height":1000,"full_width":1000},{"listing_image_id":2292439352,"hex_code":"97A89F","red":151,"green":168,"blue":159,"hue":148,"saturation":10,"brightness":65,"is_black_and_white":false,"creation_tsz":1588489304,"listing_id":789775348,"rank":6,"url_75x75":"https:\/\/i.etsystatic.com\/5116182\/d\/il\/89f67f\/2292439352\/il_75x75.2292439352_965g.jpg?version=0","url_170x135":"https:\/\/i.etsystatic.com\/5116182\/d\/il\/89f67f\/2292439352\/il_170x135.2292439352_965g.jpg?version=0","url_570xN":"https:\/\/i.etsystatic.com\/5116182\/r\/il\/89f67f\/2292439352\/il_570xN.2292439352_965g.jpg","url_fullxfull":"https:\/\/i.etsystatic.com\/5116182\/r\/il\/89f67f\/2292439352\/il_fullxfull.2292439352_965g.jpg","full_height":1000,"full_width":1000}],"params":{"listing_id":"789775348"},"type":"ListingImage","pagination":{}}