{"count":7,"results":[{"listing_image_id":1930037016,"hex_code":"5E6A75","red":94,"green":106,"blue":117,"hue":209,"saturation":19,"brightness":45,"is_black_and_white":false,"creation_tsz":1562099622,"listing_id":718537735,"rank":1,"url_75x75":"https:\/\/i.etsystatic.com\/9523028\/d\/il\/9fcbce\/1930037016\/il_75x75.1930037016_53cr.jpg?version=0","url_170x135":"https:\/\/i.etsystatic.com\/9523028\/d\/il\/9fcbce\/1930037016\/il_170x135.1930037016_53cr.jpg?version=0","url_570xN":"https:\/\/i.etsystatic.com\/9523028\/r\/il\/9fcbce\/1930037016\/il_570xN.1930037016_53cr.jpg","url_fullxfull":"https:\/\/i.etsystatic.com\/9523028\/r\/il\/9fcbce\/1930037016\/il_fullxfull.1930037016_53cr.jpg","full_height":2010,"full_width":2010},{"listing_image_id":1930037260,"hex_code":"6B7A87","red":107,"green":122,"blue":135,"hue":208,"saturation":20,"brightness":52,"is_black_and_white":false,"creation_tsz":1562099622,"listing_id":718537735,"rank":2,"url_75x75":"https:\/\/i.etsystatic.com\/9523028\/d\/il\/7339ef\/1930037260\/il_75x75.1930037260_r0p0.jpg?version=0","url_170x135":"https:\/\/i.etsystatic.com\/9523028\/d\/il\/7339ef\/1930037260\/il_170x135.1930037260_r0p0.jpg?version=0","url_570xN":"https:\/\/i.etsystatic.com\/9523028\/r\/il\/7339ef\/1930037260\/il_570xN.1930037260_r0p0.jpg","url_fullxfull":"https:\/\/i.etsystatic.com\/9523028\/r\/il\/7339ef\/1930037260\/il_fullxfull.1930037260_r0p0.jpg","full_height":2791,"full_width":1856},{"listing_image_id":1977573663,"hex_code":"6F7F8E","red":111,"green":127,"blue":142,"hue":209,"saturation":21,"brightness":55,"is_black_and_white":false,"creation_tsz":1562099622,"listing_id":718537735,"rank":3,"url_75x75":"https:\/\/i.etsystatic.com\/9523028\/d\/il\/3de5d0\/1977573663\/il_75x75.1977573663_rjfr.jpg?version=0","url_170x135":"https:\/\/i.etsystatic.com\/9523028\/d\/il\/3de5d0\/1977573663\/il_170x135.1977573663_rjfr.jpg?version=0","url_570xN":"https:\/\/i.etsystatic.com\/9523028\/r\/il\/3de5d0\/1977573663\/il_570xN.1977573663_rjfr.jpg","url_fullxfull":"https:\/\/i.etsystatic.com\/9523028\/r\/il\/3de5d0\/1977573663\/il_fullxfull.1977573663_rjfr.jpg","full_height":2732,"full_width":2864},{"listing_image_id":1930037948,"hex_code":"818B95","red":129,"green":139,"blue":149,"hue":210,"saturation":13,"brightness":58,"is_black_and_white":false,"creation_tsz":1562099622,"listing_id":718537735,"rank":4,"url_75x75":"https:\/\/i.etsystatic.com\/9523028\/d\/il\/2e13a4\/1930037948\/il_75x75.1930037948_cmdm.jpg?version=0","url_170x135":"https:\/\/i.etsystatic.com\/9523028\/d\/il\/2e13a4\/1930037948\/il_170x135.1930037948_cmdm.jpg?version=0","url_570xN":"https:\/\/i.etsystatic.com\/9523028\/r\/il\/2e13a4\/1930037948\/il_570xN.1930037948_cmdm.jpg","url_fullxfull":"https:\/\/i.etsystatic.com\/9523028\/r\/il\/2e13a4\/1930037948\/il_fullxfull.1930037948_cmdm.jpg","full_height":2791,"full_width":1856},{"listing_image_id":1930038164,"hex_code":"667480","red":102,"green":116,"blue":128,"hue":208,"saturation":20,"brightness":50,"is_black_and_white":false,"creation_tsz":1562099622,"listing_id":718537735,"rank":5,"url_75x75":"https:\/\/i.etsystatic.com\/9523028\/d\/il\/8d5d59\/1930038164\/il_75x75.1930038164_r4ph.jpg?version=0","url_170x135":"https:\/\/i.etsystatic.com\/9523028\/d\/il\/8d5d59\/1930038164\/il_170x135.1930038164_r4ph.jpg?version=0","url_570xN":"https:\/\/i.etsystatic.com\/9523028\/r\/il\/8d5d59\/1930038164\/il_570xN.1930038164_r4ph.jpg","url_fullxfull":"https:\/\/i.etsystatic.com\/9523028\/r\/il\/8d5d59\/1930038164\/il_fullxfull.1930038164_r4ph.jpg","full_height":2791,"full_width":1856},{"listing_image_id":1977574575,"hex_code":"62707D","red":98,"green":112,"blue":125,"hue":209,"saturation":21,"brightness":49,"is_black_and_white":false,"creation_tsz":1562099622,"listing_id":718537735,"rank":6,"url_75x75":"https:\/\/i.etsystatic.com\/9523028\/d\/il\/e0fb74\/1977574575\/il_75x75.1977574575_tntk.jpg?version=0","url_170x135":"https:\/\/i.etsystatic.com\/9523028\/d\/il\/e0fb74\/1977574575\/il_170x135.1977574575_tntk.jpg?version=0","url_570xN":"https:\/\/i.etsystatic.com\/9523028\/r\/il\/e0fb74\/1977574575\/il_570xN.1977574575_tntk.jpg","url_fullxfull":"https:\/\/i.etsystatic.com\/9523028\/r\/il\/e0fb74\/1977574575\/il_fullxfull.1977574575_tntk.jpg","full_height":2127,"full_width":3000},{"listing_image_id":1686825527,"hex_code":"868584","red":134,"green":133,"blue":132,"hue":30,"saturation":1,"brightness":52,"is_black_and_white":false,"creation_tsz":1562099622,"listing_id":718537735,"rank":7,"url_75x75":"https:\/\/i.etsystatic.com\/9523028\/d\/il\/55b7c6\/1686825527\/il_75x75.1686825527_rys2.jpg?version=0","url_170x135":"https:\/\/i.etsystatic.com\/9523028\/d\/il\/55b7c6\/1686825527\/il_170x135.1686825527_rys2.jpg?version=0","url_570xN":"https:\/\/i.etsystatic.com\/9523028\/r\/il\/55b7c6\/1686825527\/il_570xN.1686825527_rys2.jpg","url_fullxfull":"https:\/\/i.etsystatic.com\/9523028\/r\/il\/55b7c6\/1686825527\/il_fullxfull.1686825527_rys2.jpg","full_height":1661,"full_width":2159}],"params":{"listing_id":"718537735"},"type":"ListingImage","pagination":{}}