{"count":10,"results":[{"listing_image_id":2249516185,"hex_code":"BFC0BD","red":191,"green":192,"blue":189,"hue":80,"saturation":1,"brightness":75,"is_black_and_white":false,"creation_tsz":1582529388,"listing_id":737095039,"rank":1,"url_75x75":"https:\/\/i.etsystatic.com\/18270469\/c\/2524\/2004\/108\/368\/il\/4a80ce\/2249516185\/il_75x75.2249516185_iynk.jpg","url_170x135":"https:\/\/i.etsystatic.com\/18270469\/c\/2524\/2004\/108\/368\/il\/4a80ce\/2249516185\/il_170x135.2249516185_iynk.jpg","url_570xN":"https:\/\/i.etsystatic.com\/18270469\/r\/il\/4a80ce\/2249516185\/il_570xN.2249516185_iynk.jpg","url_fullxfull":"https:\/\/i.etsystatic.com\/18270469\/r\/il\/4a80ce\/2249516185\/il_fullxfull.2249516185_iynk.jpg","full_height":3000,"full_width":2651},{"listing_image_id":2249515679,"hex_code":"B6B0AF","red":182,"green":176,"blue":175,"hue":9,"saturation":3,"brightness":71,"is_black_and_white":false,"creation_tsz":1582529388,"listing_id":737095039,"rank":2,"url_75x75":"https:\/\/i.etsystatic.com\/18270469\/d\/il\/e1d556\/2249515679\/il_75x75.2249515679_h4v8.jpg?version=0","url_170x135":"https:\/\/i.etsystatic.com\/18270469\/d\/il\/e1d556\/2249515679\/il_170x135.2249515679_h4v8.jpg?version=0","url_570xN":"https:\/\/i.etsystatic.com\/18270469\/r\/il\/e1d556\/2249515679\/il_570xN.2249515679_h4v8.jpg","url_fullxfull":"https:\/\/i.etsystatic.com\/18270469\/r\/il\/e1d556\/2249515679\/il_fullxfull.2249515679_h4v8.jpg","full_height":3000,"full_width":2324},{"listing_image_id":2249516043,"hex_code":"BFC1BE","red":191,"green":193,"blue":190,"hue":100,"saturation":1,"brightness":75,"is_black_and_white":false,"creation_tsz":1582529388,"listing_id":737095039,"rank":3,"url_75x75":"https:\/\/i.etsystatic.com\/18270469\/d\/il\/c7d2ad\/2249516043\/il_75x75.2249516043_nw6k.jpg?version=0","url_170x135":"https:\/\/i.etsystatic.com\/18270469\/d\/il\/c7d2ad\/2249516043\/il_170x135.2249516043_nw6k.jpg?version=0","url_570xN":"https:\/\/i.etsystatic.com\/18270469\/r\/il\/c7d2ad\/2249516043\/il_570xN.2249516043_nw6k.jpg","url_fullxfull":"https:\/\/i.etsystatic.com\/18270469\/r\/il\/c7d2ad\/2249516043\/il_fullxfull.2249516043_nw6k.jpg","full_height":3000,"full_width":2651},{"listing_image_id":2201917888,"hex_code":"8B8B87","red":139,"green":139,"blue":135,"hue":60,"saturation":2,"brightness":54,"is_black_and_white":false,"creation_tsz":1582529388,"listing_id":737095039,"rank":4,"url_75x75":"https:\/\/i.etsystatic.com\/18270469\/d\/il\/df0fe4\/2201917888\/il_75x75.2201917888_jroq.jpg?version=0","url_170x135":"https:\/\/i.etsystatic.com\/18270469\/d\/il\/df0fe4\/2201917888\/il_170x135.2201917888_jroq.jpg?version=0","url_570xN":"https:\/\/i.etsystatic.com\/18270469\/r\/il\/df0fe4\/2201917888\/il_570xN.2201917888_jroq.jpg","url_fullxfull":"https:\/\/i.etsystatic.com\/18270469\/r\/il\/df0fe4\/2201917888\/il_fullxfull.2201917888_jroq.jpg","full_height":3000,"full_width":2250},{"listing_image_id":2249515789,"hex_code":"B2A89A","red":178,"green":168,"blue":154,"hue":35,"saturation":13,"brightness":69,"is_black_and_white":false,"creation_tsz":1582529388,"listing_id":737095039,"rank":5,"url_75x75":"https:\/\/i.etsystatic.com\/18270469\/d\/il\/8357dd\/2249515789\/il_75x75.2249515789_aeta.jpg?version=0","url_170x135":"https:\/\/i.etsystatic.com\/18270469\/d\/il\/8357dd\/2249515789\/il_170x135.2249515789_aeta.jpg?version=0","url_570xN":"https:\/\/i.etsystatic.com\/18270469\/r\/il\/8357dd\/2249515789\/il_570xN.2249515789_aeta.jpg","url_fullxfull":"https:\/\/i.etsystatic.com\/18270469\/r\/il\/8357dd\/2249515789\/il_fullxfull.2249515789_aeta.jpg","full_height":3000,"full_width":2250},{"listing_image_id":2201918484,"hex_code":"B6B0AF","red":182,"green":176,"blue":175,"hue":9,"saturation":3,"brightness":71,"is_black_and_white":false,"creation_tsz":1582529388,"listing_id":737095039,"rank":6,"url_75x75":"https:\/\/i.etsystatic.com\/18270469\/d\/il\/431fab\/2201918484\/il_75x75.2201918484_m7gi.jpg?version=0","url_170x135":"https:\/\/i.etsystatic.com\/18270469\/d\/il\/431fab\/2201918484\/il_170x135.2201918484_m7gi.jpg?version=0","url_570xN":"https:\/\/i.etsystatic.com\/18270469\/r\/il\/431fab\/2201918484\/il_570xN.2201918484_m7gi.jpg","url_fullxfull":"https:\/\/i.etsystatic.com\/18270469\/r\/il\/431fab\/2201918484\/il_fullxfull.2201918484_m7gi.jpg","full_height":3000,"full_width":2324},{"listing_image_id":2201918754,"hex_code":"BFC1BE","red":191,"green":193,"blue":190,"hue":100,"saturation":1,"brightness":75,"is_black_and_white":false,"creation_tsz":1582529388,"listing_id":737095039,"rank":7,"url_75x75":"https:\/\/i.etsystatic.com\/18270469\/d\/il\/201f10\/2201918754\/il_75x75.2201918754_cyhl.jpg?version=0","url_170x135":"https:\/\/i.etsystatic.com\/18270469\/d\/il\/201f10\/2201918754\/il_170x135.2201918754_cyhl.jpg?version=0","url_570xN":"https:\/\/i.etsystatic.com\/18270469\/r\/il\/201f10\/2201918754\/il_570xN.2201918754_cyhl.jpg","url_fullxfull":"https:\/\/i.etsystatic.com\/18270469\/r\/il\/201f10\/2201918754\/il_fullxfull.2201918754_cyhl.jpg","full_height":3000,"full_width":2651},{"listing_image_id":2201918618,"hex_code":"8B8B87","red":139,"green":139,"blue":135,"hue":60,"saturation":2,"brightness":54,"is_black_and_white":false,"creation_tsz":1582529388,"listing_id":737095039,"rank":8,"url_75x75":"https:\/\/i.etsystatic.com\/18270469\/d\/il\/a12d98\/2201918618\/il_75x75.2201918618_gk77.jpg?version=0","url_170x135":"https:\/\/i.etsystatic.com\/18270469\/d\/il\/a12d98\/2201918618\/il_170x135.2201918618_gk77.jpg?version=0","url_570xN":"https:\/\/i.etsystatic.com\/18270469\/r\/il\/a12d98\/2201918618\/il_570xN.2201918618_gk77.jpg","url_fullxfull":"https:\/\/i.etsystatic.com\/18270469\/r\/il\/a12d98\/2201918618\/il_fullxfull.2201918618_gk77.jpg","full_height":3000,"full_width":2250},{"listing_image_id":2201918538,"hex_code":"B2A89A","red":178,"green":168,"blue":154,"hue":35,"saturation":13,"brightness":69,"is_black_and_white":false,"creation_tsz":1582529388,"listing_id":737095039,"rank":9,"url_75x75":"https:\/\/i.etsystatic.com\/18270469\/d\/il\/bbaa2a\/2201918538\/il_75x75.2201918538_r4if.jpg?version=0","url_170x135":"https:\/\/i.etsystatic.com\/18270469\/d\/il\/bbaa2a\/2201918538\/il_170x135.2201918538_r4if.jpg?version=0","url_570xN":"https:\/\/i.etsystatic.com\/18270469\/r\/il\/bbaa2a\/2201918538\/il_570xN.2201918538_r4if.jpg","url_fullxfull":"https:\/\/i.etsystatic.com\/18270469\/r\/il\/bbaa2a\/2201918538\/il_fullxfull.2201918538_r4if.jpg","full_height":3000,"full_width":2250},{"listing_image_id":2201918840,"hex_code":"8B8B87","red":139,"green":139,"blue":135,"hue":60,"saturation":2,"brightness":54,"is_black_and_white":false,"creation_tsz":1582529388,"listing_id":737095039,"rank":10,"url_75x75":"https:\/\/i.etsystatic.com\/18270469\/d\/il\/2ceeb2\/2201918840\/il_75x75.2201918840_pj9q.jpg?version=0","url_170x135":"https:\/\/i.etsystatic.com\/18270469\/d\/il\/2ceeb2\/2201918840\/il_170x135.2201918840_pj9q.jpg?version=0","url_570xN":"https:\/\/i.etsystatic.com\/18270469\/r\/il\/2ceeb2\/2201918840\/il_570xN.2201918840_pj9q.jpg","url_fullxfull":"https:\/\/i.etsystatic.com\/18270469\/r\/il\/2ceeb2\/2201918840\/il_fullxfull.2201918840_pj9q.jpg","full_height":3000,"full_width":2250}],"params":{"listing_id":"737095039"},"type":"ListingImage","pagination":{}}