{"count":4,"results":[{"listing_image_id":2369769039,"hex_code":"867874","red":134,"green":120,"blue":116,"hue":13,"saturation":13,"brightness":52,"is_black_and_white":false,"creation_tsz":1590054285,"listing_id":725380407,"rank":1,"url_75x75":"https:\/\/i.etsystatic.com\/20246637\/c\/666\/529\/56\/45\/il\/23b10f\/2369769039\/il_75x75.2369769039_ia47.jpg","url_170x135":"https:\/\/i.etsystatic.com\/20246637\/c\/666\/529\/56\/45\/il\/23b10f\/2369769039\/il_170x135.2369769039_ia47.jpg","url_570xN":"https:\/\/i.etsystatic.com\/20246637\/r\/il\/23b10f\/2369769039\/il_570xN.2369769039_ia47.jpg","url_fullxfull":"https:\/\/i.etsystatic.com\/20246637\/r\/il\/23b10f\/2369769039\/il_fullxfull.2369769039_ia47.jpg","full_height":635,"full_width":800},{"listing_image_id":1959916096,"hex_code":"807686","red":128,"green":118,"blue":134,"hue":278,"saturation":11,"brightness":52,"is_black_and_white":false,"creation_tsz":1564556538,"listing_id":725380407,"rank":2,"url_75x75":"https:\/\/i.etsystatic.com\/20246637\/d\/il\/89026b\/1959916096\/il_75x75.1959916096_jbot.jpg?version=0","url_170x135":"https:\/\/i.etsystatic.com\/20246637\/d\/il\/89026b\/1959916096\/il_170x135.1959916096_jbot.jpg?version=0","url_570xN":"https:\/\/i.etsystatic.com\/20246637\/r\/il\/89026b\/1959916096\/il_570xN.1959916096_jbot.jpg","url_fullxfull":"https:\/\/i.etsystatic.com\/20246637\/r\/il\/89026b\/1959916096\/il_fullxfull.1959916096_jbot.jpg","full_height":658,"full_width":800},{"listing_image_id":1959915966,"hex_code":"888580","red":136,"green":133,"blue":128,"hue":38,"saturation":5,"brightness":53,"is_black_and_white":false,"creation_tsz":1564556538,"listing_id":725380407,"rank":3,"url_75x75":"https:\/\/i.etsystatic.com\/20246637\/d\/il\/f0eb0c\/1959915966\/il_75x75.1959915966_mcll.jpg?version=0","url_170x135":"https:\/\/i.etsystatic.com\/20246637\/d\/il\/f0eb0c\/1959915966\/il_170x135.1959915966_mcll.jpg?version=0","url_570xN":"https:\/\/i.etsystatic.com\/20246637\/r\/il\/f0eb0c\/1959915966\/il_570xN.1959915966_mcll.jpg","url_fullxfull":"https:\/\/i.etsystatic.com\/20246637\/r\/il\/f0eb0c\/1959915966\/il_fullxfull.1959915966_mcll.jpg","full_height":2016,"full_width":1512},{"listing_image_id":1959916046,"hex_code":"959085","red":149,"green":144,"blue":133,"hue":41,"saturation":10,"brightness":58,"is_black_and_white":false,"creation_tsz":1564556538,"listing_id":725380407,"rank":4,"url_75x75":"https:\/\/i.etsystatic.com\/20246637\/d\/il\/b25ef1\/1959916046\/il_75x75.1959916046_1vgh.jpg?version=0","url_170x135":"https:\/\/i.etsystatic.com\/20246637\/d\/il\/b25ef1\/1959916046\/il_170x135.1959916046_1vgh.jpg?version=0","url_570xN":"https:\/\/i.etsystatic.com\/20246637\/r\/il\/b25ef1\/1959916046\/il_570xN.1959916046_1vgh.jpg","url_fullxfull":"https:\/\/i.etsystatic.com\/20246637\/r\/il\/b25ef1\/1959916046\/il_fullxfull.1959916046_1vgh.jpg","full_height":2016,"full_width":1512}],"params":{"listing_id":"725380407"},"type":"ListingImage","pagination":{}}