{"count":2,"results":[{"listing_image_id":2207437801,"hex_code":"787777","red":120,"green":119,"blue":119,"hue":0,"saturation":0,"brightness":47,"is_black_and_white":false,"creation_tsz":1579577560,"listing_id":758179494,"rank":1,"url_75x75":"https:\/\/i.etsystatic.com\/20614780\/d\/il\/7d94d1\/2207437801\/il_75x75.2207437801_fxsu.jpg?version=0","url_170x135":"https:\/\/i.etsystatic.com\/20614780\/d\/il\/7d94d1\/2207437801\/il_170x135.2207437801_fxsu.jpg?version=0","url_570xN":"https:\/\/i.etsystatic.com\/20614780\/r\/il\/7d94d1\/2207437801\/il_570xN.2207437801_fxsu.jpg","url_fullxfull":"https:\/\/i.etsystatic.com\/20614780\/r\/il\/7d94d1\/2207437801\/il_fullxfull.2207437801_fxsu.jpg","full_height":2250,"full_width":3000},{"listing_image_id":2133489352,"hex_code":"947661","red":148,"green":118,"blue":97,"hue":25,"saturation":34,"brightness":58,"is_black_and_white":false,"creation_tsz":1579577560,"listing_id":758179494,"rank":2,"url_75x75":"https:\/\/i.etsystatic.com\/20614780\/d\/il\/4daef6\/2133489352\/il_75x75.2133489352_nl0b.jpg?version=0","url_170x135":"https:\/\/i.etsystatic.com\/20614780\/d\/il\/4daef6\/2133489352\/il_170x135.2133489352_nl0b.jpg?version=0","url_570xN":"https:\/\/i.etsystatic.com\/20614780\/r\/il\/4daef6\/2133489352\/il_570xN.2133489352_nl0b.jpg","url_fullxfull":"https:\/\/i.etsystatic.com\/20614780\/r\/il\/4daef6\/2133489352\/il_fullxfull.2133489352_nl0b.jpg","full_height":2500,"full_width":2500}],"params":{"listing_id":"758179494"},"type":"ListingImage","pagination":{}}