{"count":2,"results":[{"listing_image_id":1923116970,"hex_code":"868179","red":134,"green":129,"blue":121,"hue":37,"saturation":9,"brightness":52,"is_black_and_white":false,"creation_tsz":1561525512,"listing_id":716848839,"rank":1,"url_75x75":"https:\/\/i.etsystatic.com\/6958190\/c\/454\/361\/118\/75\/il\/c3bd50\/1923116970\/il_75x75.1923116970_totu.jpg","url_170x135":"https:\/\/i.etsystatic.com\/6958190\/c\/454\/361\/118\/75\/il\/c3bd50\/1923116970\/il_170x135.1923116970_totu.jpg","url_570xN":"https:\/\/i.etsystatic.com\/6958190\/r\/il\/c3bd50\/1923116970\/il_570xN.1923116970_totu.jpg","url_fullxfull":"https:\/\/i.etsystatic.com\/6958190\/r\/il\/c3bd50\/1923116970\/il_fullxfull.1923116970_totu.jpg","full_height":480,"full_width":640},{"listing_image_id":1970160745,"hex_code":"87827E","red":135,"green":130,"blue":126,"hue":27,"saturation":6,"brightness":52,"is_black_and_white":false,"creation_tsz":1561488833,"listing_id":716848839,"rank":2,"url_75x75":"https:\/\/i.etsystatic.com\/6958190\/d\/il\/fe5b62\/1970160745\/il_75x75.1970160745_cfdz.jpg?version=0","url_170x135":"https:\/\/i.etsystatic.com\/6958190\/d\/il\/fe5b62\/1970160745\/il_170x135.1970160745_cfdz.jpg?version=0","url_570xN":"https:\/\/i.etsystatic.com\/6958190\/r\/il\/fe5b62\/1970160745\/il_570xN.1970160745_cfdz.jpg","url_fullxfull":"https:\/\/i.etsystatic.com\/6958190\/r\/il\/fe5b62\/1970160745\/il_fullxfull.1970160745_cfdz.jpg","full_height":480,"full_width":640}],"params":{"listing_id":"716848839"},"type":"ListingImage","pagination":{}}