{"count":2,"results":[{"listing_image_id":2125001793,"hex_code":"766A60","red":118,"green":106,"blue":96,"hue":27,"saturation":18,"brightness":46,"is_black_and_white":false,"creation_tsz":1573328709,"listing_id":737827536,"rank":1,"url_75x75":"https:\/\/i.etsystatic.com\/18074774\/d\/il\/040738\/2125001793\/il_75x75.2125001793_qplc.jpg?version=0","url_170x135":"https:\/\/i.etsystatic.com\/18074774\/d\/il\/040738\/2125001793\/il_170x135.2125001793_qplc.jpg?version=0","url_570xN":"https:\/\/i.etsystatic.com\/18074774\/r\/il\/040738\/2125001793\/il_570xN.2125001793_qplc.jpg","url_fullxfull":"https:\/\/i.etsystatic.com\/18074774\/r\/il\/040738\/2125001793\/il_fullxfull.2125001793_qplc.jpg","full_height":854,"full_width":640},{"listing_image_id":2125001699,"hex_code":"766E68","red":118,"green":110,"blue":104,"hue":26,"saturation":11,"brightness":46,"is_black_and_white":false,"creation_tsz":1573328709,"listing_id":737827536,"rank":2,"url_75x75":"https:\/\/i.etsystatic.com\/18074774\/d\/il\/3d2f19\/2125001699\/il_75x75.2125001699_66z0.jpg?version=0","url_170x135":"https:\/\/i.etsystatic.com\/18074774\/d\/il\/3d2f19\/2125001699\/il_170x135.2125001699_66z0.jpg?version=0","url_570xN":"https:\/\/i.etsystatic.com\/18074774\/r\/il\/3d2f19\/2125001699\/il_570xN.2125001699_66z0.jpg","url_fullxfull":"https:\/\/i.etsystatic.com\/18074774\/r\/il\/3d2f19\/2125001699\/il_fullxfull.2125001699_66z0.jpg","full_height":854,"full_width":640}],"params":{"listing_id":"737827536"},"type":"ListingImage","pagination":{}}