{"count":10,"results":[{"listing_image_id":2231304700,"hex_code":"8B8686","red":139,"green":134,"blue":134,"hue":0,"saturation":3,"brightness":54,"is_black_and_white":false,"creation_tsz":1584645095,"listing_id":788058813,"rank":1,"url_75x75":"https:\/\/i.etsystatic.com\/18908912\/d\/il\/33ff9c\/2231304700\/il_75x75.2231304700_5ltk.jpg?version=0","url_170x135":"https:\/\/i.etsystatic.com\/18908912\/d\/il\/33ff9c\/2231304700\/il_170x135.2231304700_5ltk.jpg?version=0","url_570xN":"https:\/\/i.etsystatic.com\/18908912\/r\/il\/33ff9c\/2231304700\/il_570xN.2231304700_5ltk.jpg","url_fullxfull":"https:\/\/i.etsystatic.com\/18908912\/r\/il\/33ff9c\/2231304700\/il_fullxfull.2231304700_5ltk.jpg","full_height":2008,"full_width":3000},{"listing_image_id":2565237278,"hex_code":"939087","red":147,"green":144,"blue":135,"hue":45,"saturation":8,"brightness":57,"is_black_and_white":false,"creation_tsz":1601666234,"listing_id":788058813,"rank":2,"url_75x75":"https:\/\/i.etsystatic.com\/18908912\/c\/2896\/1421\/0\/0\/il\/5cb831\/2565237278\/il_75x75.2565237278_5bed.jpg","url_170x135":"https:\/\/i.etsystatic.com\/18908912\/c\/2896\/1421\/0\/0\/il\/5cb831\/2565237278\/il_170x135.2565237278_5bed.jpg","url_570xN":"https:\/\/i.etsystatic.com\/18908912\/r\/il\/5cb831\/2565237278\/il_570xN.2565237278_5bed.jpg","url_fullxfull":"https:\/\/i.etsystatic.com\/18908912\/r\/il\/5cb831\/2565237278\/il_fullxfull.2565237278_5bed.jpg","full_height":1421,"full_width":2896},{"listing_image_id":2565187148,"hex_code":"8A8580","red":138,"green":133,"blue":128,"hue":30,"saturation":7,"brightness":54,"is_black_and_white":false,"creation_tsz":1601664722,"listing_id":788058813,"rank":3,"url_75x75":"https:\/\/i.etsystatic.com\/18908912\/c\/2896\/1944\/0\/0\/il\/5b6a06\/2565187148\/il_75x75.2565187148_2ez6.jpg","url_170x135":"https:\/\/i.etsystatic.com\/18908912\/c\/2896\/1944\/0\/0\/il\/5b6a06\/2565187148\/il_170x135.2565187148_2ez6.jpg","url_570xN":"https:\/\/i.etsystatic.com\/18908912\/r\/il\/5b6a06\/2565187148\/il_570xN.2565187148_2ez6.jpg","url_fullxfull":"https:\/\/i.etsystatic.com\/18908912\/r\/il\/5b6a06\/2565187148\/il_fullxfull.2565187148_2ez6.jpg","full_height":1944,"full_width":2896},{"listing_image_id":2399588659,"hex_code":"907C61","red":144,"green":124,"blue":97,"hue":34,"saturation":32,"brightness":56,"is_black_and_white":false,"creation_tsz":1591634006,"listing_id":788058813,"rank":4,"url_75x75":"https:\/\/i.etsystatic.com\/18908912\/d\/il\/a0db74\/2399588659\/il_75x75.2399588659_j8a3.jpg?version=0","url_170x135":"https:\/\/i.etsystatic.com\/18908912\/d\/il\/a0db74\/2399588659\/il_170x135.2399588659_j8a3.jpg?version=0","url_570xN":"https:\/\/i.etsystatic.com\/18908912\/r\/il\/a0db74\/2399588659\/il_570xN.2399588659_j8a3.jpg","url_fullxfull":"https:\/\/i.etsystatic.com\/18908912\/r\/il\/a0db74\/2399588659\/il_fullxfull.2399588659_j8a3.jpg","full_height":2250,"full_width":3000},{"listing_image_id":2610302201,"hex_code":"9A9281","red":154,"green":146,"blue":129,"hue":41,"saturation":16,"brightness":60,"is_black_and_white":false,"creation_tsz":1601565498,"listing_id":788058813,"rank":5,"url_75x75":"https:\/\/i.etsystatic.com\/18908912\/d\/il\/ff8931\/2610302201\/il_75x75.2610302201_r87s.jpg?version=0","url_170x135":"https:\/\/i.etsystatic.com\/18908912\/d\/il\/ff8931\/2610302201\/il_170x135.2610302201_r87s.jpg?version=0","url_570xN":"https:\/\/i.etsystatic.com\/18908912\/r\/il\/ff8931\/2610302201\/il_570xN.2610302201_r87s.jpg","url_fullxfull":"https:\/\/i.etsystatic.com\/18908912\/r\/il\/ff8931\/2610302201\/il_fullxfull.2610302201_r87s.jpg","full_height":2162,"full_width":3000},{"listing_image_id":2231301116,"hex_code":"8A8886","red":138,"green":136,"blue":134,"hue":30,"saturation":2,"brightness":54,"is_black_and_white":false,"creation_tsz":1584645095,"listing_id":788058813,"rank":6,"url_75x75":"https:\/\/i.etsystatic.com\/18908912\/d\/il\/cbdd2e\/2231301116\/il_75x75.2231301116_98ke.jpg?version=0","url_170x135":"https:\/\/i.etsystatic.com\/18908912\/d\/il\/cbdd2e\/2231301116\/il_170x135.2231301116_98ke.jpg?version=0","url_570xN":"https:\/\/i.etsystatic.com\/18908912\/r\/il\/cbdd2e\/2231301116\/il_570xN.2231301116_98ke.jpg","url_fullxfull":"https:\/\/i.etsystatic.com\/18908912\/r\/il\/cbdd2e\/2231301116\/il_fullxfull.2231301116_98ke.jpg","full_height":2034,"full_width":3000},{"listing_image_id":2278898353,"hex_code":"90877D","red":144,"green":135,"blue":125,"hue":32,"saturation":13,"brightness":56,"is_black_and_white":false,"creation_tsz":1584645095,"listing_id":788058813,"rank":7,"url_75x75":"https:\/\/i.etsystatic.com\/18908912\/d\/il\/d53216\/2278898353\/il_75x75.2278898353_kia0.jpg?version=0","url_170x135":"https:\/\/i.etsystatic.com\/18908912\/d\/il\/d53216\/2278898353\/il_170x135.2278898353_kia0.jpg?version=0","url_570xN":"https:\/\/i.etsystatic.com\/18908912\/r\/il\/d53216\/2278898353\/il_570xN.2278898353_kia0.jpg","url_fullxfull":"https:\/\/i.etsystatic.com\/18908912\/r\/il\/d53216\/2278898353\/il_fullxfull.2278898353_kia0.jpg","full_height":2008,"full_width":3000},{"listing_image_id":2408582814,"hex_code":"6A5F5C","red":106,"green":95,"blue":92,"hue":13,"saturation":13,"brightness":41,"is_black_and_white":false,"creation_tsz":1594572862,"listing_id":788058813,"rank":8,"url_75x75":"https:\/\/i.etsystatic.com\/18908912\/d\/il\/6abd42\/2408582814\/il_75x75.2408582814_3x8q.jpg?version=0","url_170x135":"https:\/\/i.etsystatic.com\/18908912\/d\/il\/6abd42\/2408582814\/il_170x135.2408582814_3x8q.jpg?version=0","url_570xN":"https:\/\/i.etsystatic.com\/18908912\/r\/il\/6abd42\/2408582814\/il_570xN.2408582814_3x8q.jpg","url_fullxfull":"https:\/\/i.etsystatic.com\/18908912\/r\/il\/6abd42\/2408582814\/il_fullxfull.2408582814_3x8q.jpg","full_height":1420,"full_width":3000},{"listing_image_id":2408579318,"hex_code":"9C938A","red":156,"green":147,"blue":138,"hue":30,"saturation":11,"brightness":61,"is_black_and_white":false,"creation_tsz":1594572736,"listing_id":788058813,"rank":9,"url_75x75":"https:\/\/i.etsystatic.com\/18908912\/d\/il\/c54fd3\/2408579318\/il_75x75.2408579318_lo8j.jpg?version=0","url_170x135":"https:\/\/i.etsystatic.com\/18908912\/d\/il\/c54fd3\/2408579318\/il_170x135.2408579318_lo8j.jpg?version=0","url_570xN":"https:\/\/i.etsystatic.com\/18908912\/r\/il\/c54fd3\/2408579318\/il_570xN.2408579318_lo8j.jpg","url_fullxfull":"https:\/\/i.etsystatic.com\/18908912\/r\/il\/c54fd3\/2408579318\/il_fullxfull.2408579318_lo8j.jpg","full_height":1494,"full_width":3000},{"listing_image_id":2408579186,"hex_code":"635B58","red":99,"green":91,"blue":88,"hue":16,"saturation":11,"brightness":38,"is_black_and_white":false,"creation_tsz":1594572736,"listing_id":788058813,"rank":10,"url_75x75":"https:\/\/i.etsystatic.com\/18908912\/d\/il\/fe9dca\/2408579186\/il_75x75.2408579186_re03.jpg?version=0","url_170x135":"https:\/\/i.etsystatic.com\/18908912\/d\/il\/fe9dca\/2408579186\/il_170x135.2408579186_re03.jpg?version=0","url_570xN":"https:\/\/i.etsystatic.com\/18908912\/r\/il\/fe9dca\/2408579186\/il_570xN.2408579186_re03.jpg","url_fullxfull":"https:\/\/i.etsystatic.com\/18908912\/r\/il\/fe9dca\/2408579186\/il_fullxfull.2408579186_re03.jpg","full_height":1512,"full_width":3000}],"params":{"listing_id":"788058813"},"type":"ListingImage","pagination":{}}