{"count":7,"results":[{"listing_image_id":2422656737,"hex_code":"BAAE98","red":186,"green":174,"blue":152,"hue":39,"saturation":18,"brightness":72,"is_black_and_white":false,"creation_tsz":1592853168,"listing_id":828184241,"rank":1,"url_75x75":"https:\/\/i.etsystatic.com\/17093163\/d\/il\/78236a\/2422656737\/il_75x75.2422656737_qo23.jpg?version=0","url_170x135":"https:\/\/i.etsystatic.com\/17093163\/d\/il\/78236a\/2422656737\/il_170x135.2422656737_qo23.jpg?version=0","url_570xN":"https:\/\/i.etsystatic.com\/17093163\/r\/il\/78236a\/2422656737\/il_570xN.2422656737_qo23.jpg","url_fullxfull":"https:\/\/i.etsystatic.com\/17093163\/r\/il\/78236a\/2422656737\/il_fullxfull.2422656737_qo23.jpg","full_height":2250,"full_width":3000},{"listing_image_id":2422656459,"hex_code":"927F79","red":146,"green":127,"blue":121,"hue":14,"saturation":17,"brightness":57,"is_black_and_white":false,"creation_tsz":1592853168,"listing_id":828184241,"rank":2,"url_75x75":"https:\/\/i.etsystatic.com\/17093163\/d\/il\/1cc96e\/2422656459\/il_75x75.2422656459_o3fo.jpg?version=0","url_170x135":"https:\/\/i.etsystatic.com\/17093163\/d\/il\/1cc96e\/2422656459\/il_170x135.2422656459_o3fo.jpg?version=0","url_570xN":"https:\/\/i.etsystatic.com\/17093163\/r\/il\/1cc96e\/2422656459\/il_570xN.2422656459_o3fo.jpg","url_fullxfull":"https:\/\/i.etsystatic.com\/17093163\/r\/il\/1cc96e\/2422656459\/il_fullxfull.2422656459_o3fo.jpg","full_height":2250,"full_width":3000},{"listing_image_id":2422656573,"hex_code":"77644B","red":119,"green":100,"blue":75,"hue":34,"saturation":36,"brightness":46,"is_black_and_white":false,"creation_tsz":1592853168,"listing_id":828184241,"rank":3,"url_75x75":"https:\/\/i.etsystatic.com\/17093163\/d\/il\/d44e47\/2422656573\/il_75x75.2422656573_bhnc.jpg?version=0","url_170x135":"https:\/\/i.etsystatic.com\/17093163\/d\/il\/d44e47\/2422656573\/il_170x135.2422656573_bhnc.jpg?version=0","url_570xN":"https:\/\/i.etsystatic.com\/17093163\/r\/il\/d44e47\/2422656573\/il_570xN.2422656573_bhnc.jpg","url_fullxfull":"https:\/\/i.etsystatic.com\/17093163\/r\/il\/d44e47\/2422656573\/il_fullxfull.2422656573_bhnc.jpg","full_height":2136,"full_width":3000},{"listing_image_id":2375048722,"hex_code":"A19787","red":161,"green":151,"blue":135,"hue":37,"saturation":16,"brightness":63,"is_black_and_white":false,"creation_tsz":1592853168,"listing_id":828184241,"rank":4,"url_75x75":"https:\/\/i.etsystatic.com\/17093163\/d\/il\/4e6f2b\/2375048722\/il_75x75.2375048722_c4i6.jpg?version=0","url_170x135":"https:\/\/i.etsystatic.com\/17093163\/d\/il\/4e6f2b\/2375048722\/il_170x135.2375048722_c4i6.jpg?version=0","url_570xN":"https:\/\/i.etsystatic.com\/17093163\/r\/il\/4e6f2b\/2375048722\/il_570xN.2375048722_c4i6.jpg","url_fullxfull":"https:\/\/i.etsystatic.com\/17093163\/r\/il\/4e6f2b\/2375048722\/il_fullxfull.2375048722_c4i6.jpg","full_height":2250,"full_width":3000},{"listing_image_id":2422656867,"hex_code":"866F67","red":134,"green":111,"blue":103,"hue":15,"saturation":23,"brightness":52,"is_black_and_white":false,"creation_tsz":1592853168,"listing_id":828184241,"rank":5,"url_75x75":"https:\/\/i.etsystatic.com\/17093163\/d\/il\/e4af67\/2422656867\/il_75x75.2422656867_plpw.jpg?version=0","url_170x135":"https:\/\/i.etsystatic.com\/17093163\/d\/il\/e4af67\/2422656867\/il_170x135.2422656867_plpw.jpg?version=0","url_570xN":"https:\/\/i.etsystatic.com\/17093163\/r\/il\/e4af67\/2422656867\/il_570xN.2422656867_plpw.jpg","url_fullxfull":"https:\/\/i.etsystatic.com\/17093163\/r\/il\/e4af67\/2422656867\/il_fullxfull.2422656867_plpw.jpg","full_height":2250,"full_width":3000},{"listing_image_id":2375049026,"hex_code":"A89B84","red":168,"green":155,"blue":132,"hue":38,"saturation":21,"brightness":65,"is_black_and_white":false,"creation_tsz":1592853168,"listing_id":828184241,"rank":6,"url_75x75":"https:\/\/i.etsystatic.com\/17093163\/d\/il\/9e4672\/2375049026\/il_75x75.2375049026_4hiy.jpg?version=0","url_170x135":"https:\/\/i.etsystatic.com\/17093163\/d\/il\/9e4672\/2375049026\/il_170x135.2375049026_4hiy.jpg?version=0","url_570xN":"https:\/\/i.etsystatic.com\/17093163\/r\/il\/9e4672\/2375049026\/il_570xN.2375049026_4hiy.jpg","url_fullxfull":"https:\/\/i.etsystatic.com\/17093163\/r\/il\/9e4672\/2375049026\/il_fullxfull.2375049026_4hiy.jpg","full_height":2101,"full_width":3000},{"listing_image_id":2375049126,"hex_code":"A27E5B","red":162,"green":126,"blue":91,"hue":30,"saturation":43,"brightness":63,"is_black_and_white":false,"creation_tsz":1592853168,"listing_id":828184241,"rank":7,"url_75x75":"https:\/\/i.etsystatic.com\/17093163\/d\/il\/4dffdb\/2375049126\/il_75x75.2375049126_jt0h.jpg?version=0","url_170x135":"https:\/\/i.etsystatic.com\/17093163\/d\/il\/4dffdb\/2375049126\/il_170x135.2375049126_jt0h.jpg?version=0","url_570xN":"https:\/\/i.etsystatic.com\/17093163\/r\/il\/4dffdb\/2375049126\/il_570xN.2375049126_jt0h.jpg","url_fullxfull":"https:\/\/i.etsystatic.com\/17093163\/r\/il\/4dffdb\/2375049126\/il_fullxfull.2375049126_jt0h.jpg","full_height":3000,"full_width":2374}],"params":{"listing_id":"828184241"},"type":"ListingImage","pagination":{}}