{"count":9,"results":[{"listing_image_id":2365974974,"hex_code":"847C73","red":132,"green":124,"blue":115,"hue":32,"saturation":12,"brightness":51,"is_black_and_white":false,"creation_tsz":1592359638,"listing_id":811647110,"rank":1,"url_75x75":"https:\/\/i.etsystatic.com\/6196566\/d\/il\/058adc\/2365974974\/il_75x75.2365974974_5myc.jpg?version=0","url_170x135":"https:\/\/i.etsystatic.com\/6196566\/d\/il\/058adc\/2365974974\/il_170x135.2365974974_5myc.jpg?version=0","url_570xN":"https:\/\/i.etsystatic.com\/6196566\/r\/il\/058adc\/2365974974\/il_570xN.2365974974_5myc.jpg","url_fullxfull":"https:\/\/i.etsystatic.com\/6196566\/r\/il\/058adc\/2365974974\/il_fullxfull.2365974974_5myc.jpg","full_height":3000,"full_width":2250},{"listing_image_id":2413577017,"hex_code":"8D8B8A","red":141,"green":139,"blue":138,"hue":20,"saturation":2,"brightness":55,"is_black_and_white":false,"creation_tsz":1592359638,"listing_id":811647110,"rank":2,"url_75x75":"https:\/\/i.etsystatic.com\/6196566\/d\/il\/63cc46\/2413577017\/il_75x75.2413577017_m5sa.jpg?version=0","url_170x135":"https:\/\/i.etsystatic.com\/6196566\/d\/il\/63cc46\/2413577017\/il_170x135.2413577017_m5sa.jpg?version=0","url_570xN":"https:\/\/i.etsystatic.com\/6196566\/r\/il\/63cc46\/2413577017\/il_570xN.2413577017_m5sa.jpg","url_fullxfull":"https:\/\/i.etsystatic.com\/6196566\/r\/il\/63cc46\/2413577017\/il_fullxfull.2413577017_m5sa.jpg","full_height":2992,"full_width":2244},{"listing_image_id":2365974926,"hex_code":"81807D","red":129,"green":128,"blue":125,"hue":45,"saturation":3,"brightness":50,"is_black_and_white":false,"creation_tsz":1592359638,"listing_id":811647110,"rank":3,"url_75x75":"https:\/\/i.etsystatic.com\/6196566\/d\/il\/476825\/2365974926\/il_75x75.2365974926_p9gr.jpg?version=0","url_170x135":"https:\/\/i.etsystatic.com\/6196566\/d\/il\/476825\/2365974926\/il_170x135.2365974926_p9gr.jpg?version=0","url_570xN":"https:\/\/i.etsystatic.com\/6196566\/r\/il\/476825\/2365974926\/il_570xN.2365974926_p9gr.jpg","url_fullxfull":"https:\/\/i.etsystatic.com\/6196566\/r\/il\/476825\/2365974926\/il_fullxfull.2365974926_p9gr.jpg","full_height":2992,"full_width":2244},{"listing_image_id":2365975050,"hex_code":"9C9997","red":156,"green":153,"blue":151,"hue":24,"saturation":3,"brightness":61,"is_black_and_white":false,"creation_tsz":1592359638,"listing_id":811647110,"rank":4,"url_75x75":"https:\/\/i.etsystatic.com\/6196566\/d\/il\/ed090b\/2365975050\/il_75x75.2365975050_i4e1.jpg?version=0","url_170x135":"https:\/\/i.etsystatic.com\/6196566\/d\/il\/ed090b\/2365975050\/il_170x135.2365975050_i4e1.jpg?version=0","url_570xN":"https:\/\/i.etsystatic.com\/6196566\/r\/il\/ed090b\/2365975050\/il_570xN.2365975050_i4e1.jpg","url_fullxfull":"https:\/\/i.etsystatic.com\/6196566\/r\/il\/ed090b\/2365975050\/il_fullxfull.2365975050_i4e1.jpg","full_height":2992,"full_width":2244},{"listing_image_id":2365975074,"hex_code":"8E8C89","red":142,"green":140,"blue":137,"hue":36,"saturation":3,"brightness":55,"is_black_and_white":false,"creation_tsz":1592359638,"listing_id":811647110,"rank":5,"url_75x75":"https:\/\/i.etsystatic.com\/6196566\/d\/il\/2d2315\/2365975074\/il_75x75.2365975074_j9ct.jpg?version=0","url_170x135":"https:\/\/i.etsystatic.com\/6196566\/d\/il\/2d2315\/2365975074\/il_170x135.2365975074_j9ct.jpg?version=0","url_570xN":"https:\/\/i.etsystatic.com\/6196566\/r\/il\/2d2315\/2365975074\/il_570xN.2365975074_j9ct.jpg","url_fullxfull":"https:\/\/i.etsystatic.com\/6196566\/r\/il\/2d2315\/2365975074\/il_fullxfull.2365975074_j9ct.jpg","full_height":2992,"full_width":2244},{"listing_image_id":2413577173,"hex_code":"ABA7A0","red":171,"green":167,"blue":160,"hue":38,"saturation":6,"brightness":67,"is_black_and_white":false,"creation_tsz":1592359638,"listing_id":811647110,"rank":6,"url_75x75":"https:\/\/i.etsystatic.com\/6196566\/d\/il\/e0c0cd\/2413577173\/il_75x75.2413577173_1mi3.jpg?version=0","url_170x135":"https:\/\/i.etsystatic.com\/6196566\/d\/il\/e0c0cd\/2413577173\/il_170x135.2413577173_1mi3.jpg?version=0","url_570xN":"https:\/\/i.etsystatic.com\/6196566\/r\/il\/e0c0cd\/2413577173\/il_570xN.2413577173_1mi3.jpg","url_fullxfull":"https:\/\/i.etsystatic.com\/6196566\/r\/il\/e0c0cd\/2413577173\/il_fullxfull.2413577173_1mi3.jpg","full_height":2992,"full_width":2244},{"listing_image_id":2365975188,"hex_code":"817E77","red":129,"green":126,"blue":119,"hue":42,"saturation":7,"brightness":50,"is_black_and_white":false,"creation_tsz":1592359638,"listing_id":811647110,"rank":7,"url_75x75":"https:\/\/i.etsystatic.com\/6196566\/d\/il\/b8e989\/2365975188\/il_75x75.2365975188_60t2.jpg?version=0","url_170x135":"https:\/\/i.etsystatic.com\/6196566\/d\/il\/b8e989\/2365975188\/il_170x135.2365975188_60t2.jpg?version=0","url_570xN":"https:\/\/i.etsystatic.com\/6196566\/r\/il\/b8e989\/2365975188\/il_570xN.2365975188_60t2.jpg","url_fullxfull":"https:\/\/i.etsystatic.com\/6196566\/r\/il\/b8e989\/2365975188\/il_fullxfull.2365975188_60t2.jpg","full_height":3000,"full_width":2250},{"listing_image_id":2365975214,"hex_code":"87827D","red":135,"green":130,"blue":125,"hue":30,"saturation":7,"brightness":52,"is_black_and_white":false,"creation_tsz":1592359638,"listing_id":811647110,"rank":8,"url_75x75":"https:\/\/i.etsystatic.com\/6196566\/d\/il\/3578d6\/2365975214\/il_75x75.2365975214_71kt.jpg?version=0","url_170x135":"https:\/\/i.etsystatic.com\/6196566\/d\/il\/3578d6\/2365975214\/il_170x135.2365975214_71kt.jpg?version=0","url_570xN":"https:\/\/i.etsystatic.com\/6196566\/r\/il\/3578d6\/2365975214\/il_570xN.2365975214_71kt.jpg","url_fullxfull":"https:\/\/i.etsystatic.com\/6196566\/r\/il\/3578d6\/2365975214\/il_fullxfull.2365975214_71kt.jpg","full_height":3000,"full_width":2250},{"listing_image_id":2365975232,"hex_code":"8D8A85","red":141,"green":138,"blue":133,"hue":38,"saturation":5,"brightness":55,"is_black_and_white":false,"creation_tsz":1592359638,"listing_id":811647110,"rank":9,"url_75x75":"https:\/\/i.etsystatic.com\/6196566\/d\/il\/d01aef\/2365975232\/il_75x75.2365975232_8u2r.jpg?version=0","url_170x135":"https:\/\/i.etsystatic.com\/6196566\/d\/il\/d01aef\/2365975232\/il_170x135.2365975232_8u2r.jpg?version=0","url_570xN":"https:\/\/i.etsystatic.com\/6196566\/r\/il\/d01aef\/2365975232\/il_570xN.2365975232_8u2r.jpg","url_fullxfull":"https:\/\/i.etsystatic.com\/6196566\/r\/il\/d01aef\/2365975232\/il_fullxfull.2365975232_8u2r.jpg","full_height":3000,"full_width":2250}],"params":{"listing_id":"811647110"},"type":"ListingImage","pagination":{}}