{"count":4,"results":[{"listing_image_id":2625247967,"hex_code":"978262","red":151,"green":130,"blue":98,"hue":36,"saturation":35,"brightness":59,"is_black_and_white":false,"creation_tsz":1602183723,"listing_id":883739297,"rank":1,"url_75x75":"https:\/\/i.etsystatic.com\/25494791\/d\/il\/afc297\/2625247967\/il_75x75.2625247967_qhm4.jpg?version=1","url_170x135":"https:\/\/i.etsystatic.com\/25494791\/d\/il\/afc297\/2625247967\/il_170x135.2625247967_qhm4.jpg?version=1","url_570xN":"https:\/\/i.etsystatic.com\/25494791\/r\/il\/afc297\/2625247967\/il_570xN.2625247967_qhm4.jpg","url_fullxfull":"https:\/\/i.etsystatic.com\/25494791\/r\/il\/afc297\/2625247967\/il_fullxfull.2625247967_qhm4.jpg","full_height":2250,"full_width":3000},{"listing_image_id":2577594122,"hex_code":"9A9B97","red":154,"green":155,"blue":151,"hue":75,"saturation":2,"brightness":60,"is_black_and_white":false,"creation_tsz":1602183723,"listing_id":883739297,"rank":2,"url_75x75":"https:\/\/i.etsystatic.com\/25494791\/d\/il\/cb20d9\/2577594122\/il_75x75.2577594122_iyfe.jpg?version=0","url_170x135":"https:\/\/i.etsystatic.com\/25494791\/d\/il\/cb20d9\/2577594122\/il_170x135.2577594122_iyfe.jpg?version=0","url_570xN":"https:\/\/i.etsystatic.com\/25494791\/r\/il\/cb20d9\/2577594122\/il_570xN.2577594122_iyfe.jpg","url_fullxfull":"https:\/\/i.etsystatic.com\/25494791\/r\/il\/cb20d9\/2577594122\/il_fullxfull.2577594122_iyfe.jpg","full_height":2250,"full_width":3000},{"listing_image_id":2625252647,"hex_code":"898B86","red":137,"green":139,"blue":134,"hue":84,"saturation":3,"brightness":54,"is_black_and_white":false,"creation_tsz":1602183724,"listing_id":883739297,"rank":3,"url_75x75":"https:\/\/i.etsystatic.com\/25494791\/d\/il\/7e9733\/2625252647\/il_75x75.2625252647_nqco.jpg?version=0","url_170x135":"https:\/\/i.etsystatic.com\/25494791\/d\/il\/7e9733\/2625252647\/il_170x135.2625252647_nqco.jpg?version=0","url_570xN":"https:\/\/i.etsystatic.com\/25494791\/r\/il\/7e9733\/2625252647\/il_570xN.2625252647_nqco.jpg","url_fullxfull":"https:\/\/i.etsystatic.com\/25494791\/r\/il\/7e9733\/2625252647\/il_fullxfull.2625252647_nqco.jpg","full_height":2250,"full_width":3000},{"listing_image_id":2625253373,"hex_code":"757672","red":117,"green":118,"blue":114,"hue":75,"saturation":3,"brightness":46,"is_black_and_white":false,"creation_tsz":1602183724,"listing_id":883739297,"rank":4,"url_75x75":"https:\/\/i.etsystatic.com\/25494791\/d\/il\/55ccd7\/2625253373\/il_75x75.2625253373_spp0.jpg?version=0","url_170x135":"https:\/\/i.etsystatic.com\/25494791\/d\/il\/55ccd7\/2625253373\/il_170x135.2625253373_spp0.jpg?version=0","url_570xN":"https:\/\/i.etsystatic.com\/25494791\/r\/il\/55ccd7\/2625253373\/il_570xN.2625253373_spp0.jpg","url_fullxfull":"https:\/\/i.etsystatic.com\/25494791\/r\/il\/55ccd7\/2625253373\/il_fullxfull.2625253373_spp0.jpg","full_height":2250,"full_width":3000}],"params":{"listing_id":"883739297"},"type":"ListingImage","pagination":{}}