{"count":9,"results":[{"listing_image_id":2959782453,"hex_code":"765749","red":118,"green":87,"blue":73,"hue":19,"saturation":38,"brightness":46,"is_black_and_white":false,"creation_tsz":1614707352,"listing_id":803328290,"rank":1,"url_75x75":"https:\/\/i.etsystatic.com\/23039868\/c\/959\/763\/512\/139\/il\/e9677c\/2959782453\/il_75x75.2959782453_lwq4.jpg","url_170x135":"https:\/\/i.etsystatic.com\/23039868\/c\/959\/763\/512\/139\/il\/e9677c\/2959782453\/il_170x135.2959782453_lwq4.jpg","url_570xN":"https:\/\/i.etsystatic.com\/23039868\/r\/il\/e9677c\/2959782453\/il_570xN.2959782453_lwq4.jpg","url_fullxfull":"https:\/\/i.etsystatic.com\/23039868\/r\/il\/e9677c\/2959782453\/il_fullxfull.2959782453_lwq4.jpg","full_height":1536,"full_width":1920},{"listing_image_id":2386751938,"hex_code":"845C6D","red":132,"green":92,"blue":109,"hue":334,"saturation":30,"brightness":51,"is_black_and_white":false,"creation_tsz":1593461315,"listing_id":803328290,"rank":2,"url_75x75":"https:\/\/i.etsystatic.com\/23039868\/d\/il\/02774c\/2386751938\/il_75x75.2386751938_jun9.jpg?version=0","url_170x135":"https:\/\/i.etsystatic.com\/23039868\/d\/il\/02774c\/2386751938\/il_170x135.2386751938_jun9.jpg?version=0","url_570xN":"https:\/\/i.etsystatic.com\/23039868\/r\/il\/02774c\/2386751938\/il_570xN.2386751938_jun9.jpg","url_fullxfull":"https:\/\/i.etsystatic.com\/23039868\/r\/il\/02774c\/2386751938\/il_fullxfull.2386751938_jun9.jpg","full_height":2160,"full_width":1440},{"listing_image_id":2386751718,"hex_code":"8D7162","red":141,"green":113,"blue":98,"hue":21,"saturation":30,"brightness":55,"is_black_and_white":false,"creation_tsz":1593461315,"listing_id":803328290,"rank":3,"url_75x75":"https:\/\/i.etsystatic.com\/23039868\/d\/il\/dd20b3\/2386751718\/il_75x75.2386751718_takq.jpg?version=0","url_170x135":"https:\/\/i.etsystatic.com\/23039868\/d\/il\/dd20b3\/2386751718\/il_170x135.2386751718_takq.jpg?version=0","url_570xN":"https:\/\/i.etsystatic.com\/23039868\/r\/il\/dd20b3\/2386751718\/il_570xN.2386751718_takq.jpg","url_fullxfull":"https:\/\/i.etsystatic.com\/23039868\/r\/il\/dd20b3\/2386751718\/il_fullxfull.2386751718_takq.jpg","full_height":1536,"full_width":1920},{"listing_image_id":2386751834,"hex_code":"C4A298","red":196,"green":162,"blue":152,"hue":14,"saturation":22,"brightness":76,"is_black_and_white":false,"creation_tsz":1593461315,"listing_id":803328290,"rank":4,"url_75x75":"https:\/\/i.etsystatic.com\/23039868\/d\/il\/444116\/2386751834\/il_75x75.2386751834_55ob.jpg?version=0","url_170x135":"https:\/\/i.etsystatic.com\/23039868\/d\/il\/444116\/2386751834\/il_170x135.2386751834_55ob.jpg?version=0","url_570xN":"https:\/\/i.etsystatic.com\/23039868\/r\/il\/444116\/2386751834\/il_570xN.2386751834_55ob.jpg","url_fullxfull":"https:\/\/i.etsystatic.com\/23039868\/r\/il\/444116\/2386751834\/il_fullxfull.2386751834_55ob.jpg","full_height":1440,"full_width":1920},{"listing_image_id":2386751442,"hex_code":"7B584A","red":123,"green":88,"blue":74,"hue":17,"saturation":39,"brightness":48,"is_black_and_white":false,"creation_tsz":1593461315,"listing_id":803328290,"rank":5,"url_75x75":"https:\/\/i.etsystatic.com\/23039868\/d\/il\/a3398b\/2386751442\/il_75x75.2386751442_3mfr.jpg?version=0","url_170x135":"https:\/\/i.etsystatic.com\/23039868\/d\/il\/a3398b\/2386751442\/il_170x135.2386751442_3mfr.jpg?version=0","url_570xN":"https:\/\/i.etsystatic.com\/23039868\/r\/il\/a3398b\/2386751442\/il_570xN.2386751442_3mfr.jpg","url_fullxfull":"https:\/\/i.etsystatic.com\/23039868\/r\/il\/a3398b\/2386751442\/il_fullxfull.2386751442_3mfr.jpg","full_height":1536,"full_width":1920},{"listing_image_id":2386779688,"hex_code":"735C6A","red":115,"green":92,"blue":106,"hue":323,"saturation":20,"brightness":45,"is_black_and_white":false,"creation_tsz":1593461315,"listing_id":803328290,"rank":6,"url_75x75":"https:\/\/i.etsystatic.com\/23039868\/d\/il\/115dc3\/2386779688\/il_75x75.2386779688_rvcx.jpg?version=0","url_170x135":"https:\/\/i.etsystatic.com\/23039868\/d\/il\/115dc3\/2386779688\/il_170x135.2386779688_rvcx.jpg?version=0","url_570xN":"https:\/\/i.etsystatic.com\/23039868\/r\/il\/115dc3\/2386779688\/il_570xN.2386779688_rvcx.jpg","url_fullxfull":"https:\/\/i.etsystatic.com\/23039868\/r\/il\/115dc3\/2386779688\/il_fullxfull.2386779688_rvcx.jpg","full_height":2160,"full_width":1440},{"listing_image_id":2434367017,"hex_code":"896B5E","red":137,"green":107,"blue":94,"hue":18,"saturation":31,"brightness":53,"is_black_and_white":false,"creation_tsz":1593461315,"listing_id":803328290,"rank":7,"url_75x75":"https:\/\/i.etsystatic.com\/23039868\/d\/il\/6a7449\/2434367017\/il_75x75.2434367017_81l3.jpg?version=0","url_170x135":"https:\/\/i.etsystatic.com\/23039868\/d\/il\/6a7449\/2434367017\/il_170x135.2434367017_81l3.jpg?version=0","url_570xN":"https:\/\/i.etsystatic.com\/23039868\/r\/il\/6a7449\/2434367017\/il_570xN.2434367017_81l3.jpg","url_fullxfull":"https:\/\/i.etsystatic.com\/23039868\/r\/il\/6a7449\/2434367017\/il_fullxfull.2434367017_81l3.jpg","full_height":1536,"full_width":1920},{"listing_image_id":2434399579,"hex_code":"A37F72","red":163,"green":127,"blue":114,"hue":16,"saturation":30,"brightness":63,"is_black_and_white":false,"creation_tsz":1593461315,"listing_id":803328290,"rank":8,"url_75x75":"https:\/\/i.etsystatic.com\/23039868\/d\/il\/6a63f9\/2434399579\/il_75x75.2434399579_p9y9.jpg?version=0","url_170x135":"https:\/\/i.etsystatic.com\/23039868\/d\/il\/6a63f9\/2434399579\/il_170x135.2434399579_p9y9.jpg?version=0","url_570xN":"https:\/\/i.etsystatic.com\/23039868\/r\/il\/6a63f9\/2434399579\/il_570xN.2434399579_p9y9.jpg","url_fullxfull":"https:\/\/i.etsystatic.com\/23039868\/r\/il\/6a63f9\/2434399579\/il_fullxfull.2434399579_p9y9.jpg","full_height":2160,"full_width":1440},{"listing_image_id":2434366201,"hex_code":"765748","red":118,"green":87,"blue":72,"hue":20,"saturation":38,"brightness":46,"is_black_and_white":false,"creation_tsz":1593461315,"listing_id":803328290,"rank":9,"url_75x75":"https:\/\/i.etsystatic.com\/23039868\/d\/il\/b770a1\/2434366201\/il_75x75.2434366201_cih8.jpg?version=0","url_170x135":"https:\/\/i.etsystatic.com\/23039868\/d\/il\/b770a1\/2434366201\/il_170x135.2434366201_cih8.jpg?version=0","url_570xN":"https:\/\/i.etsystatic.com\/23039868\/r\/il\/b770a1\/2434366201\/il_570xN.2434366201_cih8.jpg","url_fullxfull":"https:\/\/i.etsystatic.com\/23039868\/r\/il\/b770a1\/2434366201\/il_fullxfull.2434366201_cih8.jpg","full_height":1536,"full_width":1920}],"params":{"listing_id":"803328290"},"type":"ListingImage","pagination":{}}