{"count":4,"results":[{"listing_image_id":2517454425,"hex_code":"AD877F","red":173,"green":135,"blue":127,"hue":10,"saturation":26,"brightness":67,"is_black_and_white":false,"creation_tsz":1597517960,"listing_id":838259791,"rank":1,"url_75x75":"https:\/\/i.etsystatic.com\/6481215\/c\/2582\/2052\/0\/198\/il\/0c2b41\/2517454425\/il_75x75.2517454425_qy09.jpg","url_170x135":"https:\/\/i.etsystatic.com\/6481215\/c\/2582\/2052\/0\/198\/il\/0c2b41\/2517454425\/il_170x135.2517454425_qy09.jpg","url_570xN":"https:\/\/i.etsystatic.com\/6481215\/r\/il\/0c2b41\/2517454425\/il_570xN.2517454425_qy09.jpg","url_fullxfull":"https:\/\/i.etsystatic.com\/6481215\/r\/il\/0c2b41\/2517454425\/il_fullxfull.2517454425_qy09.jpg","full_height":3000,"full_width":2582},{"listing_image_id":2457845241,"hex_code":"84615F","red":132,"green":97,"blue":95,"hue":3,"saturation":28,"brightness":51,"is_black_and_white":false,"creation_tsz":1594657236,"listing_id":838259791,"rank":2,"url_75x75":"https:\/\/i.etsystatic.com\/6481215\/d\/il\/d413b5\/2457845241\/il_75x75.2457845241_g4g3.jpg?version=0","url_170x135":"https:\/\/i.etsystatic.com\/6481215\/d\/il\/d413b5\/2457845241\/il_170x135.2457845241_g4g3.jpg?version=0","url_570xN":"https:\/\/i.etsystatic.com\/6481215\/r\/il\/d413b5\/2457845241\/il_570xN.2457845241_g4g3.jpg","url_fullxfull":"https:\/\/i.etsystatic.com\/6481215\/r\/il\/d413b5\/2457845241\/il_fullxfull.2457845241_g4g3.jpg","full_height":3000,"full_width":2478},{"listing_image_id":2410220094,"hex_code":"925E62","red":146,"green":94,"blue":98,"hue":355,"saturation":35,"brightness":57,"is_black_and_white":false,"creation_tsz":1594657236,"listing_id":838259791,"rank":3,"url_75x75":"https:\/\/i.etsystatic.com\/6481215\/d\/il\/fcca98\/2410220094\/il_75x75.2410220094_pls2.jpg?version=0","url_170x135":"https:\/\/i.etsystatic.com\/6481215\/d\/il\/fcca98\/2410220094\/il_170x135.2410220094_pls2.jpg?version=0","url_570xN":"https:\/\/i.etsystatic.com\/6481215\/r\/il\/fcca98\/2410220094\/il_570xN.2410220094_pls2.jpg","url_fullxfull":"https:\/\/i.etsystatic.com\/6481215\/r\/il\/fcca98\/2410220094\/il_fullxfull.2410220094_pls2.jpg","full_height":3000,"full_width":2295},{"listing_image_id":2457845699,"hex_code":"6B5E61","red":107,"green":94,"blue":97,"hue":346,"saturation":12,"brightness":41,"is_black_and_white":false,"creation_tsz":1594657236,"listing_id":838259791,"rank":4,"url_75x75":"https:\/\/i.etsystatic.com\/6481215\/d\/il\/30a00b\/2457845699\/il_75x75.2457845699_qfk1.jpg?version=0","url_170x135":"https:\/\/i.etsystatic.com\/6481215\/d\/il\/30a00b\/2457845699\/il_170x135.2457845699_qfk1.jpg?version=0","url_570xN":"https:\/\/i.etsystatic.com\/6481215\/r\/il\/30a00b\/2457845699\/il_570xN.2457845699_qfk1.jpg","url_fullxfull":"https:\/\/i.etsystatic.com\/6481215\/r\/il\/30a00b\/2457845699\/il_fullxfull.2457845699_qfk1.jpg","full_height":3000,"full_width":2430}],"params":{"listing_id":"838259791"},"type":"ListingImage","pagination":{}}