{"count":3,"results":[{"listing_image_id":2628407816,"hex_code":"DCC9C7","red":220,"green":201,"blue":199,"hue":6,"saturation":9,"brightness":86,"is_black_and_white":false,"creation_tsz":1604226450,"listing_id":882570586,"rank":1,"url_75x75":"https:\/\/i.etsystatic.com\/25761917\/d\/il\/78f3f7\/2628407816\/il_75x75.2628407816_ta63.jpg?version=0","url_170x135":"https:\/\/i.etsystatic.com\/25761917\/d\/il\/78f3f7\/2628407816\/il_170x135.2628407816_ta63.jpg?version=0","url_570xN":"https:\/\/i.etsystatic.com\/25761917\/r\/il\/78f3f7\/2628407816\/il_570xN.2628407816_ta63.jpg","url_fullxfull":"https:\/\/i.etsystatic.com\/25761917\/r\/il\/78f3f7\/2628407816\/il_fullxfull.2628407816_ta63.jpg","full_height":872,"full_width":945},{"listing_image_id":2628407980,"hex_code":"CC9E9D","red":204,"green":158,"blue":157,"hue":1,"saturation":23,"brightness":80,"is_black_and_white":false,"creation_tsz":1604226450,"listing_id":882570586,"rank":2,"url_75x75":"https:\/\/i.etsystatic.com\/25761917\/d\/il\/55f199\/2628407980\/il_75x75.2628407980_f0pq.jpg?version=0","url_170x135":"https:\/\/i.etsystatic.com\/25761917\/d\/il\/55f199\/2628407980\/il_170x135.2628407980_f0pq.jpg?version=0","url_570xN":"https:\/\/i.etsystatic.com\/25761917\/r\/il\/55f199\/2628407980\/il_570xN.2628407980_f0pq.jpg","url_fullxfull":"https:\/\/i.etsystatic.com\/25761917\/r\/il\/55f199\/2628407980\/il_fullxfull.2628407980_f0pq.jpg","full_height":3000,"full_width":2121},{"listing_image_id":2683203622,"hex_code":"F3EADD","red":243,"green":234,"blue":221,"hue":35,"saturation":9,"brightness":95,"is_black_and_white":false,"creation_tsz":1606131221,"listing_id":882570586,"rank":3,"url_75x75":"https:\/\/i.etsystatic.com\/25761917\/d\/il\/62a578\/2683203622\/il_75x75.2683203622_a0uq.jpg?version=0","url_170x135":"https:\/\/i.etsystatic.com\/25761917\/d\/il\/62a578\/2683203622\/il_170x135.2683203622_a0uq.jpg?version=0","url_570xN":"https:\/\/i.etsystatic.com\/25761917\/r\/il\/62a578\/2683203622\/il_570xN.2683203622_a0uq.jpg","url_fullxfull":"https:\/\/i.etsystatic.com\/25761917\/r\/il\/62a578\/2683203622\/il_fullxfull.2683203622_a0uq.jpg","full_height":964,"full_width":990}],"params":{"listing_id":"882570586"},"type":"ListingImage","pagination":{}}