{"count":3,"results":[{"listing_image_id":2610001092,"hex_code":"A1A09E","red":161,"green":160,"blue":158,"hue":40,"saturation":1,"brightness":63,"is_black_and_white":false,"creation_tsz":1603477475,"listing_id":891883977,"rank":1,"url_75x75":"https:\/\/i.etsystatic.com\/17055724\/d\/il\/c099c3\/2610001092\/il_75x75.2610001092_dtn2.jpg?version=0","url_170x135":"https:\/\/i.etsystatic.com\/17055724\/d\/il\/c099c3\/2610001092\/il_170x135.2610001092_dtn2.jpg?version=0","url_570xN":"https:\/\/i.etsystatic.com\/17055724\/r\/il\/c099c3\/2610001092\/il_570xN.2610001092_dtn2.jpg","url_fullxfull":"https:\/\/i.etsystatic.com\/17055724\/r\/il\/c099c3\/2610001092\/il_fullxfull.2610001092_dtn2.jpg","full_height":1200,"full_width":1000},{"listing_image_id":2657660933,"hex_code":"A1A09F","red":161,"green":160,"blue":159,"hue":30,"saturation":1,"brightness":63,"is_black_and_white":false,"creation_tsz":1603477425,"listing_id":891883977,"rank":2,"url_75x75":"https:\/\/i.etsystatic.com\/17055724\/d\/il\/f750af\/2657660933\/il_75x75.2657660933_tvpg.jpg?version=0","url_170x135":"https:\/\/i.etsystatic.com\/17055724\/d\/il\/f750af\/2657660933\/il_170x135.2657660933_tvpg.jpg?version=0","url_570xN":"https:\/\/i.etsystatic.com\/17055724\/r\/il\/f750af\/2657660933\/il_570xN.2657660933_tvpg.jpg","url_fullxfull":"https:\/\/i.etsystatic.com\/17055724\/r\/il\/f750af\/2657660933\/il_fullxfull.2657660933_tvpg.jpg","full_height":1200,"full_width":1000},{"listing_image_id":2657762153,"hex_code":"555660","red":85,"green":86,"blue":96,"hue":235,"saturation":11,"brightness":37,"is_black_and_white":false,"creation_tsz":1603480427,"listing_id":891883977,"rank":3,"url_75x75":"https:\/\/i.etsystatic.com\/17055724\/d\/il\/1b928a\/2657762153\/il_75x75.2657762153_asy2.jpg?version=0","url_170x135":"https:\/\/i.etsystatic.com\/17055724\/d\/il\/1b928a\/2657762153\/il_170x135.2657762153_asy2.jpg?version=0","url_570xN":"https:\/\/i.etsystatic.com\/17055724\/r\/il\/1b928a\/2657762153\/il_570xN.2657762153_asy2.jpg","url_fullxfull":"https:\/\/i.etsystatic.com\/17055724\/r\/il\/1b928a\/2657762153\/il_fullxfull.2657762153_asy2.jpg","full_height":716,"full_width":960}],"params":{"listing_id":"891883977"},"type":"ListingImage","pagination":{}}