{"count":6,"results":[{"listing_image_id":2563065957,"hex_code":"B9A8AF","red":185,"green":168,"blue":175,"hue":335,"saturation":9,"brightness":72,"is_black_and_white":false,"creation_tsz":1599572593,"listing_id":853665072,"rank":1,"url_75x75":"https:\/\/i.etsystatic.com\/22976244\/d\/il\/f41cc4\/2563065957\/il_75x75.2563065957_ilwx.jpg?version=0","url_170x135":"https:\/\/i.etsystatic.com\/22976244\/d\/il\/f41cc4\/2563065957\/il_170x135.2563065957_ilwx.jpg?version=0","url_570xN":"https:\/\/i.etsystatic.com\/22976244\/r\/il\/f41cc4\/2563065957\/il_570xN.2563065957_ilwx.jpg","url_fullxfull":"https:\/\/i.etsystatic.com\/22976244\/r\/il\/f41cc4\/2563065957\/il_fullxfull.2563065957_ilwx.jpg","full_height":2500,"full_width":2682},{"listing_image_id":2563065955,"hex_code":"A99EAE","red":169,"green":158,"blue":174,"hue":281,"saturation":9,"brightness":68,"is_black_and_white":false,"creation_tsz":1599572593,"listing_id":853665072,"rank":2,"url_75x75":"https:\/\/i.etsystatic.com\/22976244\/d\/il\/1d44b0\/2563065955\/il_75x75.2563065955_kv3o.jpg?version=0","url_170x135":"https:\/\/i.etsystatic.com\/22976244\/d\/il\/1d44b0\/2563065955\/il_170x135.2563065955_kv3o.jpg?version=0","url_570xN":"https:\/\/i.etsystatic.com\/22976244\/r\/il\/1d44b0\/2563065955\/il_570xN.2563065955_kv3o.jpg","url_fullxfull":"https:\/\/i.etsystatic.com\/22976244\/r\/il\/1d44b0\/2563065955\/il_fullxfull.2563065955_kv3o.jpg","full_height":2500,"full_width":2682},{"listing_image_id":2515399806,"hex_code":"A09EA2","red":160,"green":158,"blue":162,"hue":270,"saturation":2,"brightness":63,"is_black_and_white":false,"creation_tsz":1599572593,"listing_id":853665072,"rank":3,"url_75x75":"https:\/\/i.etsystatic.com\/22976244\/d\/il\/2488c4\/2515399806\/il_75x75.2515399806_5flx.jpg?version=0","url_170x135":"https:\/\/i.etsystatic.com\/22976244\/d\/il\/2488c4\/2515399806\/il_170x135.2515399806_5flx.jpg?version=0","url_570xN":"https:\/\/i.etsystatic.com\/22976244\/r\/il\/2488c4\/2515399806\/il_570xN.2515399806_5flx.jpg","url_fullxfull":"https:\/\/i.etsystatic.com\/22976244\/r\/il\/2488c4\/2515399806\/il_fullxfull.2515399806_5flx.jpg","full_height":2500,"full_width":2682},{"listing_image_id":2515399810,"hex_code":"B9B6B5","red":185,"green":182,"blue":181,"hue":15,"saturation":2,"brightness":72,"is_black_and_white":false,"creation_tsz":1599572593,"listing_id":853665072,"rank":4,"url_75x75":"https:\/\/i.etsystatic.com\/22976244\/d\/il\/12a053\/2515399810\/il_75x75.2515399810_d1dg.jpg?version=0","url_170x135":"https:\/\/i.etsystatic.com\/22976244\/d\/il\/12a053\/2515399810\/il_170x135.2515399810_d1dg.jpg?version=0","url_570xN":"https:\/\/i.etsystatic.com\/22976244\/r\/il\/12a053\/2515399810\/il_570xN.2515399810_d1dg.jpg","url_fullxfull":"https:\/\/i.etsystatic.com\/22976244\/r\/il\/12a053\/2515399810\/il_fullxfull.2515399810_d1dg.jpg","full_height":2500,"full_width":2682},{"listing_image_id":2563065827,"hex_code":"B494BC","red":180,"green":148,"blue":188,"hue":288,"saturation":21,"brightness":73,"is_black_and_white":false,"creation_tsz":1599572593,"listing_id":853665072,"rank":5,"url_75x75":"https:\/\/i.etsystatic.com\/22976244\/d\/il\/753b99\/2563065827\/il_75x75.2563065827_boqp.jpg?version=0","url_170x135":"https:\/\/i.etsystatic.com\/22976244\/d\/il\/753b99\/2563065827\/il_170x135.2563065827_boqp.jpg?version=0","url_570xN":"https:\/\/i.etsystatic.com\/22976244\/r\/il\/753b99\/2563065827\/il_570xN.2563065827_boqp.jpg","url_fullxfull":"https:\/\/i.etsystatic.com\/22976244\/r\/il\/753b99\/2563065827\/il_fullxfull.2563065827_boqp.jpg","full_height":2480,"full_width":2480},{"listing_image_id":2480796010,"hex_code":"A0899D","red":160,"green":137,"blue":157,"hue":308,"saturation":14,"brightness":62,"is_black_and_white":false,"creation_tsz":1599572593,"listing_id":853665072,"rank":6,"url_75x75":"https:\/\/i.etsystatic.com\/22976244\/d\/il\/a126dd\/2480796010\/il_75x75.2480796010_oo36.jpg?version=0","url_170x135":"https:\/\/i.etsystatic.com\/22976244\/d\/il\/a126dd\/2480796010\/il_170x135.2480796010_oo36.jpg?version=0","url_570xN":"https:\/\/i.etsystatic.com\/22976244\/r\/il\/a126dd\/2480796010\/il_570xN.2480796010_oo36.jpg","url_fullxfull":"https:\/\/i.etsystatic.com\/22976244\/r\/il\/a126dd\/2480796010\/il_fullxfull.2480796010_oo36.jpg","full_height":595,"full_width":595}],"params":{"listing_id":"853665072"},"type":"ListingImage","pagination":{}}