{"count":2,"results":[{"listing_image_id":2679635387,"hex_code":"E6D3BA","red":230,"green":211,"blue":186,"hue":34,"saturation":19,"brightness":90,"is_black_and_white":false,"creation_tsz":1604353992,"listing_id":883444380,"rank":1,"url_75x75":"https:\/\/i.etsystatic.com\/13966655\/c\/2586\/2055\/198\/486\/il\/214406\/2679635387\/il_75x75.2679635387_8g77.jpg","url_170x135":"https:\/\/i.etsystatic.com\/13966655\/c\/2586\/2055\/198\/486\/il\/214406\/2679635387\/il_170x135.2679635387_8g77.jpg","url_570xN":"https:\/\/i.etsystatic.com\/13966655\/r\/il\/214406\/2679635387\/il_570xN.2679635387_8g77.jpg","url_fullxfull":"https:\/\/i.etsystatic.com\/13966655\/r\/il\/214406\/2679635387\/il_fullxfull.2679635387_8g77.jpg","full_height":3000,"full_width":3000},{"listing_image_id":2679634193,"hex_code":"CFC2B0","red":207,"green":194,"blue":176,"hue":35,"saturation":14,"brightness":81,"is_black_and_white":false,"creation_tsz":1604353992,"listing_id":883444380,"rank":2,"url_75x75":"https:\/\/i.etsystatic.com\/13966655\/d\/il\/97f8fa\/2679634193\/il_75x75.2679634193_b989.jpg?version=0","url_170x135":"https:\/\/i.etsystatic.com\/13966655\/d\/il\/97f8fa\/2679634193\/il_170x135.2679634193_b989.jpg?version=0","url_570xN":"https:\/\/i.etsystatic.com\/13966655\/r\/il\/97f8fa\/2679634193\/il_570xN.2679634193_b989.jpg","url_fullxfull":"https:\/\/i.etsystatic.com\/13966655\/r\/il\/97f8fa\/2679634193\/il_fullxfull.2679634193_b989.jpg","full_height":2500,"full_width":2500}],"params":{"listing_id":"883444380"},"type":"ListingImage","pagination":{}}