{"count":4,"results":[{"listing_image_id":2434620391,"hex_code":"DECABA","red":222,"green":202,"blue":186,"hue":27,"saturation":16,"brightness":87,"is_black_and_white":false,"creation_tsz":1593720856,"listing_id":833178937,"rank":1,"url_75x75":"https:\/\/i.etsystatic.com\/20063579\/d\/il\/4775bc\/2434620391\/il_75x75.2434620391_3tph.jpg?version=0","url_170x135":"https:\/\/i.etsystatic.com\/20063579\/d\/il\/4775bc\/2434620391\/il_170x135.2434620391_3tph.jpg?version=0","url_570xN":"https:\/\/i.etsystatic.com\/20063579\/r\/il\/4775bc\/2434620391\/il_570xN.2434620391_3tph.jpg","url_fullxfull":"https:\/\/i.etsystatic.com\/20063579\/r\/il\/4775bc\/2434620391\/il_fullxfull.2434620391_3tph.jpg","full_height":1140,"full_width":1140},{"listing_image_id":2434620407,"hex_code":"BC9F88","red":188,"green":159,"blue":136,"hue":27,"saturation":27,"brightness":73,"is_black_and_white":false,"creation_tsz":1593720856,"listing_id":833178937,"rank":2,"url_75x75":"https:\/\/i.etsystatic.com\/20063579\/d\/il\/e721ff\/2434620407\/il_75x75.2434620407_s38r.jpg?version=0","url_170x135":"https:\/\/i.etsystatic.com\/20063579\/d\/il\/e721ff\/2434620407\/il_170x135.2434620407_s38r.jpg?version=0","url_570xN":"https:\/\/i.etsystatic.com\/20063579\/r\/il\/e721ff\/2434620407\/il_570xN.2434620407_s38r.jpg","url_fullxfull":"https:\/\/i.etsystatic.com\/20063579\/r\/il\/e721ff\/2434620407\/il_fullxfull.2434620407_s38r.jpg","full_height":1291,"full_width":1140},{"listing_image_id":2434620411,"hex_code":"E5D1C0","red":229,"green":209,"blue":192,"hue":28,"saturation":16,"brightness":89,"is_black_and_white":false,"creation_tsz":1593720856,"listing_id":833178937,"rank":3,"url_75x75":"https:\/\/i.etsystatic.com\/20063579\/d\/il\/1402bd\/2434620411\/il_75x75.2434620411_lctk.jpg?version=0","url_170x135":"https:\/\/i.etsystatic.com\/20063579\/d\/il\/1402bd\/2434620411\/il_170x135.2434620411_lctk.jpg?version=0","url_570xN":"https:\/\/i.etsystatic.com\/20063579\/r\/il\/1402bd\/2434620411\/il_570xN.2434620411_lctk.jpg","url_fullxfull":"https:\/\/i.etsystatic.com\/20063579\/r\/il\/1402bd\/2434620411\/il_fullxfull.2434620411_lctk.jpg","full_height":1588,"full_width":1588},{"listing_image_id":2434620395,"hex_code":"D1B7A1","red":209,"green":183,"blue":161,"hue":28,"saturation":22,"brightness":81,"is_black_and_white":false,"creation_tsz":1593720856,"listing_id":833178937,"rank":4,"url_75x75":"https:\/\/i.etsystatic.com\/20063579\/d\/il\/6c7876\/2434620395\/il_75x75.2434620395_6f7i.jpg?version=0","url_170x135":"https:\/\/i.etsystatic.com\/20063579\/d\/il\/6c7876\/2434620395\/il_170x135.2434620395_6f7i.jpg?version=0","url_570xN":"https:\/\/i.etsystatic.com\/20063579\/r\/il\/6c7876\/2434620395\/il_570xN.2434620395_6f7i.jpg","url_fullxfull":"https:\/\/i.etsystatic.com\/20063579\/r\/il\/6c7876\/2434620395\/il_fullxfull.2434620395_6f7i.jpg","full_height":1476,"full_width":1588}],"params":{"listing_id":"833178937"},"type":"ListingImage","pagination":{}}