{"count":6,"results":[{"listing_image_id":2657665201,"hex_code":"686868","red":104,"green":104,"blue":104,"hue":0,"saturation":0,"brightness":40,"is_black_and_white":null,"creation_tsz":1603477541,"listing_id":891883619,"rank":1,"url_75x75":"https:\/\/i.etsystatic.com\/17055724\/d\/il\/01b0bc\/2657665201\/il_75x75.2657665201_hd66.jpg?version=0","url_170x135":"https:\/\/i.etsystatic.com\/17055724\/d\/il\/01b0bc\/2657665201\/il_170x135.2657665201_hd66.jpg?version=0","url_570xN":"https:\/\/i.etsystatic.com\/17055724\/r\/il\/01b0bc\/2657665201\/il_570xN.2657665201_hd66.jpg","url_fullxfull":"https:\/\/i.etsystatic.com\/17055724\/r\/il\/01b0bc\/2657665201\/il_fullxfull.2657665201_hd66.jpg","full_height":1200,"full_width":1000},{"listing_image_id":2657664115,"hex_code":"696969","red":105,"green":105,"blue":105,"hue":0,"saturation":0,"brightness":41,"is_black_and_white":null,"creation_tsz":1603477513,"listing_id":891883619,"rank":2,"url_75x75":"https:\/\/i.etsystatic.com\/17055724\/d\/il\/848598\/2657664115\/il_75x75.2657664115_awoi.jpg?version=0","url_170x135":"https:\/\/i.etsystatic.com\/17055724\/d\/il\/848598\/2657664115\/il_170x135.2657664115_awoi.jpg?version=0","url_570xN":"https:\/\/i.etsystatic.com\/17055724\/r\/il\/848598\/2657664115\/il_570xN.2657664115_awoi.jpg","url_fullxfull":"https:\/\/i.etsystatic.com\/17055724\/r\/il\/848598\/2657664115\/il_fullxfull.2657664115_awoi.jpg","full_height":1200,"full_width":1000},{"listing_image_id":2657662829,"hex_code":"656565","red":101,"green":101,"blue":101,"hue":0,"saturation":0,"brightness":39,"is_black_and_white":null,"creation_tsz":1603477475,"listing_id":891883619,"rank":3,"url_75x75":"https:\/\/i.etsystatic.com\/17055724\/d\/il\/edbec9\/2657662829\/il_75x75.2657662829_jiqm.jpg?version=0","url_170x135":"https:\/\/i.etsystatic.com\/17055724\/d\/il\/edbec9\/2657662829\/il_170x135.2657662829_jiqm.jpg?version=0","url_570xN":"https:\/\/i.etsystatic.com\/17055724\/r\/il\/edbec9\/2657662829\/il_570xN.2657662829_jiqm.jpg","url_fullxfull":"https:\/\/i.etsystatic.com\/17055724\/r\/il\/edbec9\/2657662829\/il_fullxfull.2657662829_jiqm.jpg","full_height":1200,"full_width":1000},{"listing_image_id":2609999146,"hex_code":"686868","red":104,"green":104,"blue":104,"hue":0,"saturation":0,"brightness":40,"is_black_and_white":null,"creation_tsz":1603477425,"listing_id":891883619,"rank":4,"url_75x75":"https:\/\/i.etsystatic.com\/17055724\/d\/il\/2dd3e2\/2609999146\/il_75x75.2609999146_5jwd.jpg?version=0","url_170x135":"https:\/\/i.etsystatic.com\/17055724\/d\/il\/2dd3e2\/2609999146\/il_170x135.2609999146_5jwd.jpg?version=0","url_570xN":"https:\/\/i.etsystatic.com\/17055724\/r\/il\/2dd3e2\/2609999146\/il_570xN.2609999146_5jwd.jpg","url_fullxfull":"https:\/\/i.etsystatic.com\/17055724\/r\/il\/2dd3e2\/2609999146\/il_fullxfull.2609999146_5jwd.jpg","full_height":1200,"full_width":1000},{"listing_image_id":2610092830,"hex_code":"858583","red":133,"green":133,"blue":131,"hue":60,"saturation":1,"brightness":52,"is_black_and_white":false,"creation_tsz":1603480280,"listing_id":891883619,"rank":5,"url_75x75":"https:\/\/i.etsystatic.com\/17055724\/d\/il\/cbeb8b\/2610092830\/il_75x75.2610092830_p0do.jpg?version=0","url_170x135":"https:\/\/i.etsystatic.com\/17055724\/d\/il\/cbeb8b\/2610092830\/il_170x135.2610092830_p0do.jpg?version=0","url_570xN":"https:\/\/i.etsystatic.com\/17055724\/r\/il\/cbeb8b\/2610092830\/il_570xN.2610092830_p0do.jpg","url_fullxfull":"https:\/\/i.etsystatic.com\/17055724\/r\/il\/cbeb8b\/2610092830\/il_fullxfull.2610092830_p0do.jpg","full_height":2000,"full_width":2000},{"listing_image_id":2657755449,"hex_code":"C2C2C2","red":194,"green":194,"blue":194,"hue":0,"saturation":0,"brightness":76,"is_black_and_white":null,"creation_tsz":1603480280,"listing_id":891883619,"rank":6,"url_75x75":"https:\/\/i.etsystatic.com\/17055724\/d\/il\/2a8905\/2657755449\/il_75x75.2657755449_njt6.jpg?version=0","url_170x135":"https:\/\/i.etsystatic.com\/17055724\/d\/il\/2a8905\/2657755449\/il_170x135.2657755449_njt6.jpg?version=0","url_570xN":"https:\/\/i.etsystatic.com\/17055724\/r\/il\/2a8905\/2657755449\/il_570xN.2657755449_njt6.jpg","url_fullxfull":"https:\/\/i.etsystatic.com\/17055724\/r\/il\/2a8905\/2657755449\/il_fullxfull.2657755449_njt6.jpg","full_height":960,"full_width":960}],"params":{"listing_id":"891883619"},"type":"ListingImage","pagination":{}}