{"count":2,"results":[{"listing_image_id":2346772828,"hex_code":"E4E4E4","red":228,"green":228,"blue":228,"hue":0,"saturation":0,"brightness":89,"is_black_and_white":false,"creation_tsz":1591350872,"listing_id":806011008,"rank":1,"url_75x75":"https:\/\/i.etsystatic.com\/6768871\/c\/2283\/1814\/0\/39\/il\/ff665d\/2346772828\/il_75x75.2346772828_4jyv.jpg","url_170x135":"https:\/\/i.etsystatic.com\/6768871\/c\/2283\/1814\/0\/39\/il\/ff665d\/2346772828\/il_170x135.2346772828_4jyv.jpg","url_570xN":"https:\/\/i.etsystatic.com\/6768871\/r\/il\/ff665d\/2346772828\/il_570xN.2346772828_4jyv.jpg","url_fullxfull":"https:\/\/i.etsystatic.com\/6768871\/r\/il\/ff665d\/2346772828\/il_fullxfull.2346772828_4jyv.jpg","full_height":3000,"full_width":2283},{"listing_image_id":2390178573,"hex_code":"7D7672","red":125,"green":118,"blue":114,"hue":22,"saturation":8,"brightness":49,"is_black_and_white":false,"creation_tsz":1591350872,"listing_id":806011008,"rank":2,"url_75x75":"https:\/\/i.etsystatic.com\/6768871\/d\/il\/89b18e\/2390178573\/il_75x75.2390178573_mmdo.jpg?version=0","url_170x135":"https:\/\/i.etsystatic.com\/6768871\/d\/il\/89b18e\/2390178573\/il_170x135.2390178573_mmdo.jpg?version=0","url_570xN":"https:\/\/i.etsystatic.com\/6768871\/r\/il\/89b18e\/2390178573\/il_570xN.2390178573_mmdo.jpg","url_fullxfull":"https:\/\/i.etsystatic.com\/6768871\/r\/il\/89b18e\/2390178573\/il_fullxfull.2390178573_mmdo.jpg","full_height":2915,"full_width":2000}],"params":{"listing_id":"806011008"},"type":"ListingImage","pagination":{}}