{"count":4,"results":[{"listing_image_id":2619054021,"hex_code":"848384","red":132,"green":131,"blue":132,"hue":300,"saturation":0,"brightness":51,"is_black_and_white":false,"creation_tsz":1601935450,"listing_id":868181476,"rank":1,"url_75x75":"https:\/\/i.etsystatic.com\/19643335\/d\/il\/263649\/2619054021\/il_75x75.2619054021_pra6.jpg?version=0","url_170x135":"https:\/\/i.etsystatic.com\/19643335\/d\/il\/263649\/2619054021\/il_170x135.2619054021_pra6.jpg?version=0","url_570xN":"https:\/\/i.etsystatic.com\/19643335\/r\/il\/263649\/2619054021\/il_570xN.2619054021_pra6.jpg","url_fullxfull":"https:\/\/i.etsystatic.com\/19643335\/r\/il\/263649\/2619054021\/il_fullxfull.2619054021_pra6.jpg","full_height":2250,"full_width":3000},{"listing_image_id":2619054377,"hex_code":"848285","red":132,"green":130,"blue":133,"hue":280,"saturation":2,"brightness":52,"is_black_and_white":false,"creation_tsz":1601935450,"listing_id":868181476,"rank":2,"url_75x75":"https:\/\/i.etsystatic.com\/19643335\/d\/il\/1159a2\/2619054377\/il_75x75.2619054377_mssn.jpg?version=0","url_170x135":"https:\/\/i.etsystatic.com\/19643335\/d\/il\/1159a2\/2619054377\/il_170x135.2619054377_mssn.jpg?version=0","url_570xN":"https:\/\/i.etsystatic.com\/19643335\/r\/il\/1159a2\/2619054377\/il_570xN.2619054377_mssn.jpg","url_fullxfull":"https:\/\/i.etsystatic.com\/19643335\/r\/il\/1159a2\/2619054377\/il_fullxfull.2619054377_mssn.jpg","full_height":2250,"full_width":3000},{"listing_image_id":2619054747,"hex_code":"7B7A7B","red":123,"green":122,"blue":123,"hue":300,"saturation":0,"brightness":48,"is_black_and_white":false,"creation_tsz":1601935450,"listing_id":868181476,"rank":3,"url_75x75":"https:\/\/i.etsystatic.com\/19643335\/d\/il\/f8c082\/2619054747\/il_75x75.2619054747_3z7i.jpg?version=0","url_170x135":"https:\/\/i.etsystatic.com\/19643335\/d\/il\/f8c082\/2619054747\/il_170x135.2619054747_3z7i.jpg?version=0","url_570xN":"https:\/\/i.etsystatic.com\/19643335\/r\/il\/f8c082\/2619054747\/il_570xN.2619054747_3z7i.jpg","url_fullxfull":"https:\/\/i.etsystatic.com\/19643335\/r\/il\/f8c082\/2619054747\/il_fullxfull.2619054747_3z7i.jpg","full_height":2250,"full_width":3000},{"listing_image_id":2619055165,"hex_code":"8E8C8B","red":142,"green":140,"blue":139,"hue":20,"saturation":2,"brightness":55,"is_black_and_white":false,"creation_tsz":1601935450,"listing_id":868181476,"rank":4,"url_75x75":"https:\/\/i.etsystatic.com\/19643335\/d\/il\/cb9dad\/2619055165\/il_75x75.2619055165_oaia.jpg?version=0","url_170x135":"https:\/\/i.etsystatic.com\/19643335\/d\/il\/cb9dad\/2619055165\/il_170x135.2619055165_oaia.jpg?version=0","url_570xN":"https:\/\/i.etsystatic.com\/19643335\/r\/il\/cb9dad\/2619055165\/il_570xN.2619055165_oaia.jpg","url_fullxfull":"https:\/\/i.etsystatic.com\/19643335\/r\/il\/cb9dad\/2619055165\/il_fullxfull.2619055165_oaia.jpg","full_height":2250,"full_width":3000}],"params":{"listing_id":"868181476"},"type":"ListingImage","pagination":{}}