{"count":5,"results":[{"listing_image_id":2642869539,"hex_code":"788D71","red":120,"green":141,"blue":113,"hue":105,"saturation":19,"brightness":55,"is_black_and_white":false,"creation_tsz":1602893877,"listing_id":874266622,"rank":1,"url_75x75":"https:\/\/i.etsystatic.com\/22895099\/d\/il\/d91f4a\/2642869539\/il_75x75.2642869539_inqy.jpg?version=0","url_170x135":"https:\/\/i.etsystatic.com\/22895099\/d\/il\/d91f4a\/2642869539\/il_170x135.2642869539_inqy.jpg?version=0","url_570xN":"https:\/\/i.etsystatic.com\/22895099\/r\/il\/d91f4a\/2642869539\/il_570xN.2642869539_inqy.jpg","url_fullxfull":"https:\/\/i.etsystatic.com\/22895099\/r\/il\/d91f4a\/2642869539\/il_fullxfull.2642869539_inqy.jpg","full_height":1280,"full_width":1920},{"listing_image_id":2642867757,"hex_code":"6B6B6B","red":107,"green":107,"blue":107,"hue":0,"saturation":0,"brightness":41,"is_black_and_white":null,"creation_tsz":1602893789,"listing_id":874266622,"rank":2,"url_75x75":"https:\/\/i.etsystatic.com\/22895099\/d\/il\/811127\/2642867757\/il_75x75.2642867757_2r6r.jpg?version=0","url_170x135":"https:\/\/i.etsystatic.com\/22895099\/d\/il\/811127\/2642867757\/il_170x135.2642867757_2r6r.jpg?version=0","url_570xN":"https:\/\/i.etsystatic.com\/22895099\/r\/il\/811127\/2642867757\/il_570xN.2642867757_2r6r.jpg","url_fullxfull":"https:\/\/i.etsystatic.com\/22895099\/r\/il\/811127\/2642867757\/il_fullxfull.2642867757_2r6r.jpg","full_height":1024,"full_width":1024},{"listing_image_id":2642867797,"hex_code":"282828","red":40,"green":40,"blue":40,"hue":0,"saturation":0,"brightness":15,"is_black_and_white":null,"creation_tsz":1602893791,"listing_id":874266622,"rank":3,"url_75x75":"https:\/\/i.etsystatic.com\/22895099\/d\/il\/3c6798\/2642867797\/il_75x75.2642867797_40ut.jpg?version=0","url_170x135":"https:\/\/i.etsystatic.com\/22895099\/d\/il\/3c6798\/2642867797\/il_170x135.2642867797_40ut.jpg?version=0","url_570xN":"https:\/\/i.etsystatic.com\/22895099\/r\/il\/3c6798\/2642867797\/il_570xN.2642867797_40ut.jpg","url_fullxfull":"https:\/\/i.etsystatic.com\/22895099\/r\/il\/3c6798\/2642867797\/il_fullxfull.2642867797_40ut.jpg","full_height":1024,"full_width":1024},{"listing_image_id":2642867827,"hex_code":"6C6C6C","red":108,"green":108,"blue":108,"hue":0,"saturation":0,"brightness":42,"is_black_and_white":null,"creation_tsz":1602893793,"listing_id":874266622,"rank":4,"url_75x75":"https:\/\/i.etsystatic.com\/22895099\/d\/il\/ebbeab\/2642867827\/il_75x75.2642867827_n176.jpg?version=0","url_170x135":"https:\/\/i.etsystatic.com\/22895099\/d\/il\/ebbeab\/2642867827\/il_170x135.2642867827_n176.jpg?version=0","url_570xN":"https:\/\/i.etsystatic.com\/22895099\/r\/il\/ebbeab\/2642867827\/il_570xN.2642867827_n176.jpg","url_fullxfull":"https:\/\/i.etsystatic.com\/22895099\/r\/il\/ebbeab\/2642867827\/il_fullxfull.2642867827_n176.jpg","full_height":1024,"full_width":1024},{"listing_image_id":2642867877,"hex_code":"66635F","red":102,"green":99,"blue":95,"hue":34,"saturation":6,"brightness":40,"is_black_and_white":false,"creation_tsz":1602893795,"listing_id":874266622,"rank":5,"url_75x75":"https:\/\/i.etsystatic.com\/22895099\/d\/il\/d63163\/2642867877\/il_75x75.2642867877_r13b.jpg?version=0","url_170x135":"https:\/\/i.etsystatic.com\/22895099\/d\/il\/d63163\/2642867877\/il_170x135.2642867877_r13b.jpg?version=0","url_570xN":"https:\/\/i.etsystatic.com\/22895099\/r\/il\/d63163\/2642867877\/il_570xN.2642867877_r13b.jpg","url_fullxfull":"https:\/\/i.etsystatic.com\/22895099\/r\/il\/d63163\/2642867877\/il_fullxfull.2642867877_r13b.jpg","full_height":1024,"full_width":1024}],"params":{"listing_id":"874266622"},"type":"ListingImage","pagination":{}}