{"count":2,"results":[{"listing_image_id":2440896873,"hex_code":"C4B0A5","red":196,"green":176,"blue":165,"hue":21,"saturation":15,"brightness":76,"is_black_and_white":false,"creation_tsz":1593786714,"listing_id":833508205,"rank":1,"url_75x75":"https:\/\/i.etsystatic.com\/5345377\/d\/il\/33b49b\/2440896873\/il_75x75.2440896873_c27h.jpg?version=0","url_170x135":"https:\/\/i.etsystatic.com\/5345377\/d\/il\/33b49b\/2440896873\/il_170x135.2440896873_c27h.jpg?version=0","url_570xN":"https:\/\/i.etsystatic.com\/5345377\/r\/il\/33b49b\/2440896873\/il_570xN.2440896873_c27h.jpg","url_fullxfull":"https:\/\/i.etsystatic.com\/5345377\/r\/il\/33b49b\/2440896873\/il_fullxfull.2440896873_c27h.jpg","full_height":700,"full_width":700},{"listing_image_id":2310729852,"hex_code":"D1A369","red":209,"green":163,"blue":105,"hue":33,"saturation":49,"brightness":81,"is_black_and_white":false,"creation_tsz":1593786714,"listing_id":833508205,"rank":2,"url_75x75":"https:\/\/i.etsystatic.com\/5345377\/d\/il\/56cbae\/2310729852\/il_75x75.2310729852_3yad.jpg?version=0","url_170x135":"https:\/\/i.etsystatic.com\/5345377\/d\/il\/56cbae\/2310729852\/il_170x135.2310729852_3yad.jpg?version=0","url_570xN":"https:\/\/i.etsystatic.com\/5345377\/r\/il\/56cbae\/2310729852\/il_570xN.2310729852_3yad.jpg","url_fullxfull":"https:\/\/i.etsystatic.com\/5345377\/r\/il\/56cbae\/2310729852\/il_fullxfull.2310729852_3yad.jpg","full_height":563,"full_width":1000}],"params":{"listing_id":"833508205"},"type":"ListingImage","pagination":{}}