{"count":10,"results":[{"listing_image_id":2657661611,"hex_code":"504F50","red":80,"green":79,"blue":80,"hue":300,"saturation":1,"brightness":31,"is_black_and_white":false,"creation_tsz":1603477442,"listing_id":891884293,"rank":1,"url_75x75":"https:\/\/i.etsystatic.com\/17055724\/d\/il\/62bf80\/2657661611\/il_75x75.2657661611_h8cj.jpg?version=0","url_170x135":"https:\/\/i.etsystatic.com\/17055724\/d\/il\/62bf80\/2657661611\/il_170x135.2657661611_h8cj.jpg?version=0","url_570xN":"https:\/\/i.etsystatic.com\/17055724\/r\/il\/62bf80\/2657661611\/il_570xN.2657661611_h8cj.jpg","url_fullxfull":"https:\/\/i.etsystatic.com\/17055724\/r\/il\/62bf80\/2657661611\/il_fullxfull.2657661611_h8cj.jpg","full_height":1200,"full_width":1000},{"listing_image_id":2610005836,"hex_code":"514E4E","red":81,"green":78,"blue":78,"hue":0,"saturation":3,"brightness":31,"is_black_and_white":false,"creation_tsz":1603477619,"listing_id":891884293,"rank":2,"url_75x75":"https:\/\/i.etsystatic.com\/17055724\/d\/il\/760cf1\/2610005836\/il_75x75.2610005836_cfj0.jpg?version=0","url_170x135":"https:\/\/i.etsystatic.com\/17055724\/d\/il\/760cf1\/2610005836\/il_170x135.2610005836_cfj0.jpg?version=0","url_570xN":"https:\/\/i.etsystatic.com\/17055724\/r\/il\/760cf1\/2610005836\/il_570xN.2610005836_cfj0.jpg","url_fullxfull":"https:\/\/i.etsystatic.com\/17055724\/r\/il\/760cf1\/2610005836\/il_fullxfull.2610005836_cfj0.jpg","full_height":1200,"full_width":1000},{"listing_image_id":2657662861,"hex_code":"D0A5CD","red":208,"green":165,"blue":205,"hue":304,"saturation":20,"brightness":81,"is_black_and_white":false,"creation_tsz":1603477476,"listing_id":891884293,"rank":3,"url_75x75":"https:\/\/i.etsystatic.com\/17055724\/d\/il\/43e293\/2657662861\/il_75x75.2657662861_29bx.jpg?version=0","url_170x135":"https:\/\/i.etsystatic.com\/17055724\/d\/il\/43e293\/2657662861\/il_170x135.2657662861_29bx.jpg?version=0","url_570xN":"https:\/\/i.etsystatic.com\/17055724\/r\/il\/43e293\/2657662861\/il_570xN.2657662861_29bx.jpg","url_fullxfull":"https:\/\/i.etsystatic.com\/17055724\/r\/il\/43e293\/2657662861\/il_fullxfull.2657662861_29bx.jpg","full_height":1200,"full_width":1000},{"listing_image_id":2610007068,"hex_code":"D09FBD","red":208,"green":159,"blue":189,"hue":323,"saturation":23,"brightness":81,"is_black_and_white":false,"creation_tsz":1603477649,"listing_id":891884293,"rank":4,"url_75x75":"https:\/\/i.etsystatic.com\/17055724\/d\/il\/806a99\/2610007068\/il_75x75.2610007068_com9.jpg?version=0","url_170x135":"https:\/\/i.etsystatic.com\/17055724\/d\/il\/806a99\/2610007068\/il_170x135.2610007068_com9.jpg?version=0","url_570xN":"https:\/\/i.etsystatic.com\/17055724\/r\/il\/806a99\/2610007068\/il_570xN.2610007068_com9.jpg","url_fullxfull":"https:\/\/i.etsystatic.com\/17055724\/r\/il\/806a99\/2610007068\/il_fullxfull.2610007068_com9.jpg","full_height":1200,"full_width":1000},{"listing_image_id":2610003310,"hex_code":"C09DC8","red":192,"green":157,"blue":200,"hue":289,"saturation":21,"brightness":78,"is_black_and_white":false,"creation_tsz":1603477540,"listing_id":891884293,"rank":5,"url_75x75":"https:\/\/i.etsystatic.com\/17055724\/d\/il\/7c2d67\/2610003310\/il_75x75.2610003310_mrpv.jpg?version=0","url_170x135":"https:\/\/i.etsystatic.com\/17055724\/d\/il\/7c2d67\/2610003310\/il_170x135.2610003310_mrpv.jpg?version=0","url_570xN":"https:\/\/i.etsystatic.com\/17055724\/r\/il\/7c2d67\/2610003310\/il_570xN.2610003310_mrpv.jpg","url_fullxfull":"https:\/\/i.etsystatic.com\/17055724\/r\/il\/7c2d67\/2610003310\/il_fullxfull.2610003310_mrpv.jpg","full_height":1200,"full_width":1000},{"listing_image_id":2610009606,"hex_code":"C8B2C8","red":200,"green":178,"blue":200,"hue":300,"saturation":11,"brightness":78,"is_black_and_white":false,"creation_tsz":1603477721,"listing_id":891884293,"rank":6,"url_75x75":"https:\/\/i.etsystatic.com\/17055724\/d\/il\/6204e2\/2610009606\/il_75x75.2610009606_s15a.jpg?version=0","url_170x135":"https:\/\/i.etsystatic.com\/17055724\/d\/il\/6204e2\/2610009606\/il_170x135.2610009606_s15a.jpg?version=0","url_570xN":"https:\/\/i.etsystatic.com\/17055724\/r\/il\/6204e2\/2610009606\/il_570xN.2610009606_s15a.jpg","url_fullxfull":"https:\/\/i.etsystatic.com\/17055724\/r\/il\/6204e2\/2610009606\/il_fullxfull.2610009606_s15a.jpg","full_height":1200,"full_width":1000},{"listing_image_id":2657664125,"hex_code":"A1B2C4","red":161,"green":178,"blue":196,"hue":211,"saturation":17,"brightness":76,"is_black_and_white":false,"creation_tsz":1603477513,"listing_id":891884293,"rank":7,"url_75x75":"https:\/\/i.etsystatic.com\/17055724\/d\/il\/d88b4d\/2657664125\/il_75x75.2657664125_h5ue.jpg?version=0","url_170x135":"https:\/\/i.etsystatic.com\/17055724\/d\/il\/d88b4d\/2657664125\/il_170x135.2657664125_h5ue.jpg?version=0","url_570xN":"https:\/\/i.etsystatic.com\/17055724\/r\/il\/d88b4d\/2657664125\/il_570xN.2657664125_h5ue.jpg","url_fullxfull":"https:\/\/i.etsystatic.com\/17055724\/r\/il\/d88b4d\/2657664125\/il_fullxfull.2657664125_h5ue.jpg","full_height":1200,"full_width":1000},{"listing_image_id":2610005232,"hex_code":"A0B6B4","red":160,"green":182,"blue":180,"hue":175,"saturation":12,"brightness":71,"is_black_and_white":false,"creation_tsz":1603477599,"listing_id":891884293,"rank":8,"url_75x75":"https:\/\/i.etsystatic.com\/17055724\/d\/il\/63c32c\/2610005232\/il_75x75.2610005232_jg5m.jpg?version=0","url_170x135":"https:\/\/i.etsystatic.com\/17055724\/d\/il\/63c32c\/2610005232\/il_170x135.2610005232_jg5m.jpg?version=0","url_570xN":"https:\/\/i.etsystatic.com\/17055724\/r\/il\/63c32c\/2610005232\/il_570xN.2610005232_jg5m.jpg","url_fullxfull":"https:\/\/i.etsystatic.com\/17055724\/r\/il\/63c32c\/2610005232\/il_fullxfull.2610005232_jg5m.jpg","full_height":1200,"full_width":1000},{"listing_image_id":2610004368,"hex_code":"AD6662","red":173,"green":102,"blue":98,"hue":3,"saturation":43,"brightness":67,"is_black_and_white":false,"creation_tsz":1603477573,"listing_id":891884293,"rank":9,"url_75x75":"https:\/\/i.etsystatic.com\/17055724\/d\/il\/b98fc5\/2610004368\/il_75x75.2610004368_r9g3.jpg?version=0","url_170x135":"https:\/\/i.etsystatic.com\/17055724\/d\/il\/b98fc5\/2610004368\/il_170x135.2610004368_r9g3.jpg?version=0","url_570xN":"https:\/\/i.etsystatic.com\/17055724\/r\/il\/b98fc5\/2610004368\/il_570xN.2610004368_r9g3.jpg","url_fullxfull":"https:\/\/i.etsystatic.com\/17055724\/r\/il\/b98fc5\/2610004368\/il_fullxfull.2610004368_r9g3.jpg","full_height":1200,"full_width":1000},{"listing_image_id":2657773411,"hex_code":"DEDEE0","red":222,"green":222,"blue":224,"hue":240,"saturation":0,"brightness":87,"is_black_and_white":false,"creation_tsz":1603480809,"listing_id":891884293,"rank":10,"url_75x75":"https:\/\/i.etsystatic.com\/17055724\/d\/il\/4317be\/2657773411\/il_75x75.2657773411_f43j.jpg?version=0","url_170x135":"https:\/\/i.etsystatic.com\/17055724\/d\/il\/4317be\/2657773411\/il_170x135.2657773411_f43j.jpg?version=0","url_570xN":"https:\/\/i.etsystatic.com\/17055724\/r\/il\/4317be\/2657773411\/il_570xN.2657773411_f43j.jpg","url_fullxfull":"https:\/\/i.etsystatic.com\/17055724\/r\/il\/4317be\/2657773411\/il_fullxfull.2657773411_f43j.jpg","full_height":900,"full_width":900}],"params":{"listing_id":"891884293"},"type":"ListingImage","pagination":{}}