{"count":10,"results":[{"listing_image_id":2347385460,"hex_code":"A5AB9D","red":165,"green":171,"blue":157,"hue":86,"saturation":8,"brightness":67,"is_black_and_white":false,"creation_tsz":1591379213,"listing_id":806194522,"rank":1,"url_75x75":"https:\/\/i.etsystatic.com\/21722246\/c\/1680\/1335\/258\/330\/il\/6b39ce\/2347385460\/il_75x75.2347385460_ph7u.jpg","url_170x135":"https:\/\/i.etsystatic.com\/21722246\/c\/1680\/1335\/258\/330\/il\/6b39ce\/2347385460\/il_170x135.2347385460_ph7u.jpg","url_570xN":"https:\/\/i.etsystatic.com\/21722246\/r\/il\/6b39ce\/2347385460\/il_570xN.2347385460_ph7u.jpg","url_fullxfull":"https:\/\/i.etsystatic.com\/21722246\/r\/il\/6b39ce\/2347385460\/il_fullxfull.2347385460_ph7u.jpg","full_height":2000,"full_width":2000},{"listing_image_id":2347381972,"hex_code":"D5D4D2","red":213,"green":212,"blue":210,"hue":40,"saturation":1,"brightness":83,"is_black_and_white":false,"creation_tsz":1591379213,"listing_id":806194522,"rank":2,"url_75x75":"https:\/\/i.etsystatic.com\/21722246\/d\/il\/a4f77f\/2347381972\/il_75x75.2347381972_gxut.jpg?version=0","url_170x135":"https:\/\/i.etsystatic.com\/21722246\/d\/il\/a4f77f\/2347381972\/il_170x135.2347381972_gxut.jpg?version=0","url_570xN":"https:\/\/i.etsystatic.com\/21722246\/r\/il\/a4f77f\/2347381972\/il_570xN.2347381972_gxut.jpg","url_fullxfull":"https:\/\/i.etsystatic.com\/21722246\/r\/il\/a4f77f\/2347381972\/il_fullxfull.2347381972_gxut.jpg","full_height":2000,"full_width":2000},{"listing_image_id":2347382244,"hex_code":"D2D2CE","red":210,"green":210,"blue":206,"hue":60,"saturation":1,"brightness":82,"is_black_and_white":false,"creation_tsz":1591379213,"listing_id":806194522,"rank":3,"url_75x75":"https:\/\/i.etsystatic.com\/21722246\/d\/il\/32644b\/2347382244\/il_75x75.2347382244_cued.jpg?version=0","url_170x135":"https:\/\/i.etsystatic.com\/21722246\/d\/il\/32644b\/2347382244\/il_170x135.2347382244_cued.jpg?version=0","url_570xN":"https:\/\/i.etsystatic.com\/21722246\/r\/il\/32644b\/2347382244\/il_570xN.2347382244_cued.jpg","url_fullxfull":"https:\/\/i.etsystatic.com\/21722246\/r\/il\/32644b\/2347382244\/il_fullxfull.2347382244_cued.jpg","full_height":2000,"full_width":2000},{"listing_image_id":2347382134,"hex_code":"A6AFAE","red":166,"green":175,"blue":174,"hue":173,"saturation":5,"brightness":68,"is_black_and_white":false,"creation_tsz":1591379213,"listing_id":806194522,"rank":4,"url_75x75":"https:\/\/i.etsystatic.com\/21722246\/d\/il\/c8d0b2\/2347382134\/il_75x75.2347382134_ht5r.jpg?version=0","url_170x135":"https:\/\/i.etsystatic.com\/21722246\/d\/il\/c8d0b2\/2347382134\/il_170x135.2347382134_ht5r.jpg?version=0","url_570xN":"https:\/\/i.etsystatic.com\/21722246\/r\/il\/c8d0b2\/2347382134\/il_570xN.2347382134_ht5r.jpg","url_fullxfull":"https:\/\/i.etsystatic.com\/21722246\/r\/il\/c8d0b2\/2347382134\/il_fullxfull.2347382134_ht5r.jpg","full_height":2000,"full_width":2000},{"listing_image_id":2394972141,"hex_code":"DFDCDB","red":223,"green":220,"blue":219,"hue":15,"saturation":1,"brightness":87,"is_black_and_white":false,"creation_tsz":1591379213,"listing_id":806194522,"rank":5,"url_75x75":"https:\/\/i.etsystatic.com\/21722246\/d\/il\/89b52f\/2394972141\/il_75x75.2394972141_qjer.jpg?version=0","url_170x135":"https:\/\/i.etsystatic.com\/21722246\/d\/il\/89b52f\/2394972141\/il_170x135.2394972141_qjer.jpg?version=0","url_570xN":"https:\/\/i.etsystatic.com\/21722246\/r\/il\/89b52f\/2394972141\/il_570xN.2394972141_qjer.jpg","url_fullxfull":"https:\/\/i.etsystatic.com\/21722246\/r\/il\/89b52f\/2394972141\/il_fullxfull.2394972141_qjer.jpg","full_height":2000,"full_width":2000},{"listing_image_id":2394972099,"hex_code":"EDEDED","red":237,"green":237,"blue":237,"hue":0,"saturation":0,"brightness":92,"is_black_and_white":null,"creation_tsz":1591379213,"listing_id":806194522,"rank":6,"url_75x75":"https:\/\/i.etsystatic.com\/21722246\/d\/il\/cbb928\/2394972099\/il_75x75.2394972099_d6js.jpg?version=0","url_170x135":"https:\/\/i.etsystatic.com\/21722246\/d\/il\/cbb928\/2394972099\/il_170x135.2394972099_d6js.jpg?version=0","url_570xN":"https:\/\/i.etsystatic.com\/21722246\/r\/il\/cbb928\/2394972099\/il_570xN.2394972099_d6js.jpg","url_fullxfull":"https:\/\/i.etsystatic.com\/21722246\/r\/il\/cbb928\/2394972099\/il_fullxfull.2394972099_d6js.jpg","full_height":2000,"full_width":2000},{"listing_image_id":2216621989,"hex_code":"E6E6E6","red":230,"green":230,"blue":230,"hue":0,"saturation":0,"brightness":90,"is_black_and_white":null,"creation_tsz":1591379213,"listing_id":806194522,"rank":7,"url_75x75":"https:\/\/i.etsystatic.com\/21722246\/d\/il\/ddbad3\/2216621989\/il_75x75.2216621989_1pa6.jpg?version=0","url_170x135":"https:\/\/i.etsystatic.com\/21722246\/d\/il\/ddbad3\/2216621989\/il_170x135.2216621989_1pa6.jpg?version=0","url_570xN":"https:\/\/i.etsystatic.com\/21722246\/r\/il\/ddbad3\/2216621989\/il_570xN.2216621989_1pa6.jpg","url_fullxfull":"https:\/\/i.etsystatic.com\/21722246\/r\/il\/ddbad3\/2216621989\/il_fullxfull.2216621989_1pa6.jpg","full_height":2000,"full_width":2000},{"listing_image_id":2217677003,"hex_code":"E7E6E6","red":231,"green":230,"blue":230,"hue":0,"saturation":0,"brightness":90,"is_black_and_white":null,"creation_tsz":1591379213,"listing_id":806194522,"rank":8,"url_75x75":"https:\/\/i.etsystatic.com\/21722246\/d\/il\/1314be\/2217677003\/il_75x75.2217677003_2ku5.jpg?version=0","url_170x135":"https:\/\/i.etsystatic.com\/21722246\/d\/il\/1314be\/2217677003\/il_170x135.2217677003_2ku5.jpg?version=0","url_570xN":"https:\/\/i.etsystatic.com\/21722246\/r\/il\/1314be\/2217677003\/il_570xN.2217677003_2ku5.jpg","url_fullxfull":"https:\/\/i.etsystatic.com\/21722246\/r\/il\/1314be\/2217677003\/il_fullxfull.2217677003_2ku5.jpg","full_height":2000,"full_width":2000},{"listing_image_id":2347381942,"hex_code":"A6AFAE","red":166,"green":175,"blue":174,"hue":173,"saturation":5,"brightness":68,"is_black_and_white":false,"creation_tsz":1591379213,"listing_id":806194522,"rank":9,"url_75x75":"https:\/\/i.etsystatic.com\/21722246\/d\/il\/a1e359\/2347381942\/il_75x75.2347381942_1ts7.jpg?version=0","url_170x135":"https:\/\/i.etsystatic.com\/21722246\/d\/il\/a1e359\/2347381942\/il_170x135.2347381942_1ts7.jpg?version=0","url_570xN":"https:\/\/i.etsystatic.com\/21722246\/r\/il\/a1e359\/2347381942\/il_570xN.2347381942_1ts7.jpg","url_fullxfull":"https:\/\/i.etsystatic.com\/21722246\/r\/il\/a1e359\/2347381942\/il_fullxfull.2347381942_1ts7.jpg","full_height":2000,"full_width":2000},{"listing_image_id":2347381954,"hex_code":"D2D2CE","red":210,"green":210,"blue":206,"hue":60,"saturation":1,"brightness":82,"is_black_and_white":false,"creation_tsz":1591379213,"listing_id":806194522,"rank":10,"url_75x75":"https:\/\/i.etsystatic.com\/21722246\/d\/il\/fb57f0\/2347381954\/il_75x75.2347381954_kxin.jpg?version=0","url_170x135":"https:\/\/i.etsystatic.com\/21722246\/d\/il\/fb57f0\/2347381954\/il_170x135.2347381954_kxin.jpg?version=0","url_570xN":"https:\/\/i.etsystatic.com\/21722246\/r\/il\/fb57f0\/2347381954\/il_570xN.2347381954_kxin.jpg","url_fullxfull":"https:\/\/i.etsystatic.com\/21722246\/r\/il\/fb57f0\/2347381954\/il_fullxfull.2347381954_kxin.jpg","full_height":2000,"full_width":2000}],"params":{"listing_id":"806194522"},"type":"ListingImage","pagination":{}}