{"count":2,"results":[{"listing_image_id":2393962873,"hex_code":"C0B6AE","red":192,"green":182,"blue":174,"hue":27,"saturation":9,"brightness":75,"is_black_and_white":false,"creation_tsz":1591320004,"listing_id":805897176,"rank":1,"url_75x75":"https:\/\/i.etsystatic.com\/12582451\/d\/il\/f02c21\/2393962873\/il_75x75.2393962873_fzvi.jpg?version=0","url_170x135":"https:\/\/i.etsystatic.com\/12582451\/d\/il\/f02c21\/2393962873\/il_170x135.2393962873_fzvi.jpg?version=0","url_570xN":"https:\/\/i.etsystatic.com\/12582451\/r\/il\/f02c21\/2393962873\/il_570xN.2393962873_fzvi.jpg","url_fullxfull":"https:\/\/i.etsystatic.com\/12582451\/r\/il\/f02c21\/2393962873\/il_fullxfull.2393962873_fzvi.jpg","full_height":1879,"full_width":2000},{"listing_image_id":2346374232,"hex_code":"7FB265","red":127,"green":178,"blue":101,"hue":100,"saturation":43,"brightness":69,"is_black_and_white":false,"creation_tsz":1591320004,"listing_id":805897176,"rank":2,"url_75x75":"https:\/\/i.etsystatic.com\/12582451\/d\/il\/1fa6be\/2346374232\/il_75x75.2346374232_294m.jpg?version=0","url_170x135":"https:\/\/i.etsystatic.com\/12582451\/d\/il\/1fa6be\/2346374232\/il_170x135.2346374232_294m.jpg?version=0","url_570xN":"https:\/\/i.etsystatic.com\/12582451\/r\/il\/1fa6be\/2346374232\/il_570xN.2346374232_294m.jpg","url_fullxfull":"https:\/\/i.etsystatic.com\/12582451\/r\/il\/1fa6be\/2346374232\/il_fullxfull.2346374232_294m.jpg","full_height":1592,"full_width":2000}],"params":{"listing_id":"805897176"},"type":"ListingImage","pagination":{}}