{"count":3,"results":[{"listing_image_id":2411154403,"hex_code":"B9B3B0","red":185,"green":179,"blue":176,"hue":20,"saturation":4,"brightness":72,"is_black_and_white":false,"creation_tsz":1592242931,"listing_id":810890540,"rank":1,"url_75x75":"https:\/\/i.etsystatic.com\/5669233\/c\/3000\/2384\/0\/141\/il\/46113c\/2411154403\/il_75x75.2411154403_2f0s.jpg","url_170x135":"https:\/\/i.etsystatic.com\/5669233\/c\/3000\/2384\/0\/141\/il\/46113c\/2411154403\/il_170x135.2411154403_2f0s.jpg","url_570xN":"https:\/\/i.etsystatic.com\/5669233\/r\/il\/46113c\/2411154403\/il_570xN.2411154403_2f0s.jpg","url_fullxfull":"https:\/\/i.etsystatic.com\/5669233\/r\/il\/46113c\/2411154403\/il_fullxfull.2411154403_2f0s.jpg","full_height":3000,"full_width":3000},{"listing_image_id":2363553072,"hex_code":"D7D7D7","red":215,"green":215,"blue":215,"hue":0,"saturation":0,"brightness":84,"is_black_and_white":null,"creation_tsz":1592242931,"listing_id":810890540,"rank":2,"url_75x75":"https:\/\/i.etsystatic.com\/5669233\/d\/il\/ed6d00\/2363553072\/il_75x75.2363553072_4vw7.jpg?version=0","url_170x135":"https:\/\/i.etsystatic.com\/5669233\/d\/il\/ed6d00\/2363553072\/il_170x135.2363553072_4vw7.jpg?version=0","url_570xN":"https:\/\/i.etsystatic.com\/5669233\/r\/il\/ed6d00\/2363553072\/il_570xN.2363553072_4vw7.jpg","url_fullxfull":"https:\/\/i.etsystatic.com\/5669233\/r\/il\/ed6d00\/2363553072\/il_fullxfull.2363553072_4vw7.jpg","full_height":1710,"full_width":3000},{"listing_image_id":1653019188,"hex_code":"958584","red":149,"green":133,"blue":132,"hue":4,"saturation":11,"brightness":58,"is_black_and_white":false,"creation_tsz":1592242931,"listing_id":810890540,"rank":3,"url_75x75":"https:\/\/i.etsystatic.com\/5669233\/d\/il\/58eeeb\/1653019188\/il_75x75.1653019188_1sso.jpg?version=0","url_170x135":"https:\/\/i.etsystatic.com\/5669233\/d\/il\/58eeeb\/1653019188\/il_170x135.1653019188_1sso.jpg?version=0","url_570xN":"https:\/\/i.etsystatic.com\/5669233\/r\/il\/58eeeb\/1653019188\/il_570xN.1653019188_1sso.jpg","url_fullxfull":"https:\/\/i.etsystatic.com\/5669233\/r\/il\/58eeeb\/1653019188\/il_fullxfull.1653019188_1sso.jpg","full_height":756,"full_width":1065}],"params":{"listing_id":"810890540"},"type":"ListingImage","pagination":{}}