{"count":2,"results":[{"listing_image_id":2659466650,"hex_code":"B3936B","red":179,"green":147,"blue":107,"hue":33,"saturation":40,"brightness":70,"is_black_and_white":false,"creation_tsz":1605328869,"listing_id":890320244,"rank":1,"url_75x75":"https:\/\/i.etsystatic.com\/8439297\/d\/il\/e148c2\/2659466650\/il_75x75.2659466650_g6t8.jpg?version=0","url_170x135":"https:\/\/i.etsystatic.com\/8439297\/d\/il\/e148c2\/2659466650\/il_170x135.2659466650_g6t8.jpg?version=0","url_570xN":"https:\/\/i.etsystatic.com\/8439297\/r\/il\/e148c2\/2659466650\/il_570xN.2659466650_g6t8.jpg","url_fullxfull":"https:\/\/i.etsystatic.com\/8439297\/r\/il\/e148c2\/2659466650\/il_fullxfull.2659466650_g6t8.jpg","full_height":2004,"full_width":1173},{"listing_image_id":2659466616,"hex_code":"A98E69","red":169,"green":142,"blue":105,"hue":35,"saturation":37,"brightness":66,"is_black_and_white":false,"creation_tsz":1605328869,"listing_id":890320244,"rank":2,"url_75x75":"https:\/\/i.etsystatic.com\/8439297\/d\/il\/647111\/2659466616\/il_75x75.2659466616_hjh8.jpg?version=0","url_170x135":"https:\/\/i.etsystatic.com\/8439297\/d\/il\/647111\/2659466616\/il_170x135.2659466616_hjh8.jpg?version=0","url_570xN":"https:\/\/i.etsystatic.com\/8439297\/r\/il\/647111\/2659466616\/il_570xN.2659466616_hjh8.jpg","url_fullxfull":"https:\/\/i.etsystatic.com\/8439297\/r\/il\/647111\/2659466616\/il_fullxfull.2659466616_hjh8.jpg","full_height":1973,"full_width":981}],"params":{"listing_id":"890320244"},"type":"ListingImage","pagination":{}}