{"count":10,"results":[{"listing_image_id":2669652833,"hex_code":"C5787A","red":197,"green":120,"blue":122,"hue":358,"saturation":39,"brightness":77,"is_black_and_white":false,"creation_tsz":1603951804,"listing_id":880965236,"rank":1,"url_75x75":"https:\/\/i.etsystatic.com\/25667001\/d\/il\/83fbdd\/2669652833\/il_75x75.2669652833_dyox.jpg?version=0","url_170x135":"https:\/\/i.etsystatic.com\/25667001\/d\/il\/83fbdd\/2669652833\/il_170x135.2669652833_dyox.jpg?version=0","url_570xN":"https:\/\/i.etsystatic.com\/25667001\/r\/il\/83fbdd\/2669652833\/il_570xN.2669652833_dyox.jpg","url_fullxfull":"https:\/\/i.etsystatic.com\/25667001\/r\/il\/83fbdd\/2669652833\/il_fullxfull.2669652833_dyox.jpg","full_height":2200,"full_width":2200},{"listing_image_id":2599560270,"hex_code":"777792","red":119,"green":119,"blue":146,"hue":240,"saturation":18,"brightness":57,"is_black_and_white":false,"creation_tsz":1603951359,"listing_id":880965236,"rank":2,"url_75x75":"https:\/\/i.etsystatic.com\/25667001\/d\/il\/c6aa1d\/2599560270\/il_75x75.2599560270_1o4t.jpg?version=0","url_170x135":"https:\/\/i.etsystatic.com\/25667001\/d\/il\/c6aa1d\/2599560270\/il_170x135.2599560270_1o4t.jpg?version=0","url_570xN":"https:\/\/i.etsystatic.com\/25667001\/r\/il\/c6aa1d\/2599560270\/il_570xN.2599560270_1o4t.jpg","url_fullxfull":"https:\/\/i.etsystatic.com\/25667001\/r\/il\/c6aa1d\/2599560270\/il_fullxfull.2599560270_1o4t.jpg","full_height":2800,"full_width":2800},{"listing_image_id":2669653001,"hex_code":"C5787A","red":197,"green":120,"blue":122,"hue":358,"saturation":39,"brightness":77,"is_black_and_white":false,"creation_tsz":1603951804,"listing_id":880965236,"rank":3,"url_75x75":"https:\/\/i.etsystatic.com\/25667001\/d\/il\/513e5d\/2669653001\/il_75x75.2669653001_aj47.jpg?version=0","url_170x135":"https:\/\/i.etsystatic.com\/25667001\/d\/il\/513e5d\/2669653001\/il_170x135.2669653001_aj47.jpg?version=0","url_570xN":"https:\/\/i.etsystatic.com\/25667001\/r\/il\/513e5d\/2669653001\/il_570xN.2669653001_aj47.jpg","url_fullxfull":"https:\/\/i.etsystatic.com\/25667001\/r\/il\/513e5d\/2669653001\/il_fullxfull.2669653001_aj47.jpg","full_height":2200,"full_width":2200},{"listing_image_id":2669653133,"hex_code":"C5787A","red":197,"green":120,"blue":122,"hue":358,"saturation":39,"brightness":77,"is_black_and_white":false,"creation_tsz":1603951804,"listing_id":880965236,"rank":4,"url_75x75":"https:\/\/i.etsystatic.com\/25667001\/d\/il\/66b8a7\/2669653133\/il_75x75.2669653133_q9df.jpg?version=0","url_170x135":"https:\/\/i.etsystatic.com\/25667001\/d\/il\/66b8a7\/2669653133\/il_170x135.2669653133_q9df.jpg?version=0","url_570xN":"https:\/\/i.etsystatic.com\/25667001\/r\/il\/66b8a7\/2669653133\/il_570xN.2669653133_q9df.jpg","url_fullxfull":"https:\/\/i.etsystatic.com\/25667001\/r\/il\/66b8a7\/2669653133\/il_fullxfull.2669653133_q9df.jpg","full_height":2200,"full_width":2200},{"listing_image_id":2647242115,"hex_code":"777792","red":119,"green":119,"blue":146,"hue":240,"saturation":18,"brightness":57,"is_black_and_white":false,"creation_tsz":1603951359,"listing_id":880965236,"rank":5,"url_75x75":"https:\/\/i.etsystatic.com\/25667001\/d\/il\/3a9971\/2647242115\/il_75x75.2647242115_5fk5.jpg?version=0","url_170x135":"https:\/\/i.etsystatic.com\/25667001\/d\/il\/3a9971\/2647242115\/il_170x135.2647242115_5fk5.jpg?version=0","url_570xN":"https:\/\/i.etsystatic.com\/25667001\/r\/il\/3a9971\/2647242115\/il_570xN.2647242115_5fk5.jpg","url_fullxfull":"https:\/\/i.etsystatic.com\/25667001\/r\/il\/3a9971\/2647242115\/il_fullxfull.2647242115_5fk5.jpg","full_height":2800,"full_width":2800},{"listing_image_id":2669653633,"hex_code":"C5787A","red":197,"green":120,"blue":122,"hue":358,"saturation":39,"brightness":77,"is_black_and_white":false,"creation_tsz":1603951804,"listing_id":880965236,"rank":6,"url_75x75":"https:\/\/i.etsystatic.com\/25667001\/d\/il\/1bac54\/2669653633\/il_75x75.2669653633_3by0.jpg?version=0","url_170x135":"https:\/\/i.etsystatic.com\/25667001\/d\/il\/1bac54\/2669653633\/il_170x135.2669653633_3by0.jpg?version=0","url_570xN":"https:\/\/i.etsystatic.com\/25667001\/r\/il\/1bac54\/2669653633\/il_570xN.2669653633_3by0.jpg","url_fullxfull":"https:\/\/i.etsystatic.com\/25667001\/r\/il\/1bac54\/2669653633\/il_fullxfull.2669653633_3by0.jpg","full_height":2200,"full_width":2200},{"listing_image_id":2669653759,"hex_code":"C5787A","red":197,"green":120,"blue":122,"hue":358,"saturation":39,"brightness":77,"is_black_and_white":false,"creation_tsz":1603951804,"listing_id":880965236,"rank":7,"url_75x75":"https:\/\/i.etsystatic.com\/25667001\/d\/il\/5d650b\/2669653759\/il_75x75.2669653759_j5of.jpg?version=0","url_170x135":"https:\/\/i.etsystatic.com\/25667001\/d\/il\/5d650b\/2669653759\/il_170x135.2669653759_j5of.jpg?version=0","url_570xN":"https:\/\/i.etsystatic.com\/25667001\/r\/il\/5d650b\/2669653759\/il_570xN.2669653759_j5of.jpg","url_fullxfull":"https:\/\/i.etsystatic.com\/25667001\/r\/il\/5d650b\/2669653759\/il_fullxfull.2669653759_j5of.jpg","full_height":2200,"full_width":2200},{"listing_image_id":2669653943,"hex_code":"C5787A","red":197,"green":120,"blue":122,"hue":358,"saturation":39,"brightness":77,"is_black_and_white":false,"creation_tsz":1603951804,"listing_id":880965236,"rank":8,"url_75x75":"https:\/\/i.etsystatic.com\/25667001\/d\/il\/7795ba\/2669653943\/il_75x75.2669653943_qca7.jpg?version=0","url_170x135":"https:\/\/i.etsystatic.com\/25667001\/d\/il\/7795ba\/2669653943\/il_170x135.2669653943_qca7.jpg?version=0","url_570xN":"https:\/\/i.etsystatic.com\/25667001\/r\/il\/7795ba\/2669653943\/il_570xN.2669653943_qca7.jpg","url_fullxfull":"https:\/\/i.etsystatic.com\/25667001\/r\/il\/7795ba\/2669653943\/il_fullxfull.2669653943_qca7.jpg","full_height":2200,"full_width":2200},{"listing_image_id":2622002868,"hex_code":"C5787A","red":197,"green":120,"blue":122,"hue":358,"saturation":39,"brightness":77,"is_black_and_white":false,"creation_tsz":1603951804,"listing_id":880965236,"rank":9,"url_75x75":"https:\/\/i.etsystatic.com\/25667001\/d\/il\/b84098\/2622002868\/il_75x75.2622002868_dmga.jpg?version=0","url_170x135":"https:\/\/i.etsystatic.com\/25667001\/d\/il\/b84098\/2622002868\/il_170x135.2622002868_dmga.jpg?version=0","url_570xN":"https:\/\/i.etsystatic.com\/25667001\/r\/il\/b84098\/2622002868\/il_570xN.2622002868_dmga.jpg","url_fullxfull":"https:\/\/i.etsystatic.com\/25667001\/r\/il\/b84098\/2622002868\/il_fullxfull.2622002868_dmga.jpg","full_height":2200,"full_width":2200},{"listing_image_id":2622003006,"hex_code":"C5787A","red":197,"green":120,"blue":122,"hue":358,"saturation":39,"brightness":77,"is_black_and_white":false,"creation_tsz":1603951804,"listing_id":880965236,"rank":10,"url_75x75":"https:\/\/i.etsystatic.com\/25667001\/d\/il\/d6e071\/2622003006\/il_75x75.2622003006_kgx9.jpg?version=0","url_170x135":"https:\/\/i.etsystatic.com\/25667001\/d\/il\/d6e071\/2622003006\/il_170x135.2622003006_kgx9.jpg?version=0","url_570xN":"https:\/\/i.etsystatic.com\/25667001\/r\/il\/d6e071\/2622003006\/il_570xN.2622003006_kgx9.jpg","url_fullxfull":"https:\/\/i.etsystatic.com\/25667001\/r\/il\/d6e071\/2622003006\/il_fullxfull.2622003006_kgx9.jpg","full_height":2200,"full_width":2200}],"params":{"listing_id":"880965236"},"type":"ListingImage","pagination":{}}