{"count":6,"results":[{"listing_image_id":2654629537,"hex_code":"8FAAA4","red":143,"green":170,"blue":164,"hue":167,"saturation":15,"brightness":66,"is_black_and_white":false,"creation_tsz":1603366293,"listing_id":891113321,"rank":1,"url_75x75":"https:\/\/i.etsystatic.com\/18708451\/d\/il\/556bac\/2654629537\/il_75x75.2654629537_8omh.jpg?version=0","url_170x135":"https:\/\/i.etsystatic.com\/18708451\/d\/il\/556bac\/2654629537\/il_170x135.2654629537_8omh.jpg?version=0","url_570xN":"https:\/\/i.etsystatic.com\/18708451\/r\/il\/556bac\/2654629537\/il_570xN.2654629537_8omh.jpg","url_fullxfull":"https:\/\/i.etsystatic.com\/18708451\/r\/il\/556bac\/2654629537\/il_fullxfull.2654629537_8omh.jpg","full_height":867,"full_width":1156},{"listing_image_id":2654629441,"hex_code":"89ACA5","red":137,"green":172,"blue":165,"hue":168,"saturation":20,"brightness":67,"is_black_and_white":false,"creation_tsz":1603366293,"listing_id":891113321,"rank":2,"url_75x75":"https:\/\/i.etsystatic.com\/18708451\/d\/il\/5b5fb9\/2654629441\/il_75x75.2654629441_2afo.jpg?version=0","url_170x135":"https:\/\/i.etsystatic.com\/18708451\/d\/il\/5b5fb9\/2654629441\/il_170x135.2654629441_2afo.jpg?version=0","url_570xN":"https:\/\/i.etsystatic.com\/18708451\/r\/il\/5b5fb9\/2654629441\/il_570xN.2654629441_2afo.jpg","url_fullxfull":"https:\/\/i.etsystatic.com\/18708451\/r\/il\/5b5fb9\/2654629441\/il_fullxfull.2654629441_2afo.jpg","full_height":867,"full_width":1156},{"listing_image_id":2606968112,"hex_code":"90ADA8","red":144,"green":173,"blue":168,"hue":170,"saturation":16,"brightness":67,"is_black_and_white":false,"creation_tsz":1603366293,"listing_id":891113321,"rank":3,"url_75x75":"https:\/\/i.etsystatic.com\/18708451\/d\/il\/53b3d9\/2606968112\/il_75x75.2606968112_cqxr.jpg?version=0","url_170x135":"https:\/\/i.etsystatic.com\/18708451\/d\/il\/53b3d9\/2606968112\/il_170x135.2606968112_cqxr.jpg?version=0","url_570xN":"https:\/\/i.etsystatic.com\/18708451\/r\/il\/53b3d9\/2606968112\/il_570xN.2606968112_cqxr.jpg","url_fullxfull":"https:\/\/i.etsystatic.com\/18708451\/r\/il\/53b3d9\/2606968112\/il_fullxfull.2606968112_cqxr.jpg","full_height":867,"full_width":1156},{"listing_image_id":2606968202,"hex_code":"96A096","red":150,"green":160,"blue":150,"hue":120,"saturation":6,"brightness":62,"is_black_and_white":false,"creation_tsz":1603366293,"listing_id":891113321,"rank":4,"url_75x75":"https:\/\/i.etsystatic.com\/18708451\/d\/il\/5496b9\/2606968202\/il_75x75.2606968202_ptpe.jpg?version=0","url_170x135":"https:\/\/i.etsystatic.com\/18708451\/d\/il\/5496b9\/2606968202\/il_170x135.2606968202_ptpe.jpg?version=0","url_570xN":"https:\/\/i.etsystatic.com\/18708451\/r\/il\/5496b9\/2606968202\/il_570xN.2606968202_ptpe.jpg","url_fullxfull":"https:\/\/i.etsystatic.com\/18708451\/r\/il\/5496b9\/2606968202\/il_fullxfull.2606968202_ptpe.jpg","full_height":867,"full_width":1156},{"listing_image_id":2606968284,"hex_code":"87BABB","red":135,"green":186,"blue":187,"hue":181,"saturation":27,"brightness":73,"is_black_and_white":false,"creation_tsz":1603366293,"listing_id":891113321,"rank":5,"url_75x75":"https:\/\/i.etsystatic.com\/18708451\/d\/il\/edc9bc\/2606968284\/il_75x75.2606968284_nb5b.jpg?version=0","url_170x135":"https:\/\/i.etsystatic.com\/18708451\/d\/il\/edc9bc\/2606968284\/il_170x135.2606968284_nb5b.jpg?version=0","url_570xN":"https:\/\/i.etsystatic.com\/18708451\/r\/il\/edc9bc\/2606968284\/il_570xN.2606968284_nb5b.jpg","url_fullxfull":"https:\/\/i.etsystatic.com\/18708451\/r\/il\/edc9bc\/2606968284\/il_fullxfull.2606968284_nb5b.jpg","full_height":867,"full_width":1156},{"listing_image_id":2606968332,"hex_code":"83B8B8","red":131,"green":184,"blue":184,"hue":180,"saturation":28,"brightness":72,"is_black_and_white":false,"creation_tsz":1603366293,"listing_id":891113321,"rank":6,"url_75x75":"https:\/\/i.etsystatic.com\/18708451\/d\/il\/df66b5\/2606968332\/il_75x75.2606968332_tkw9.jpg?version=0","url_170x135":"https:\/\/i.etsystatic.com\/18708451\/d\/il\/df66b5\/2606968332\/il_170x135.2606968332_tkw9.jpg?version=0","url_570xN":"https:\/\/i.etsystatic.com\/18708451\/r\/il\/df66b5\/2606968332\/il_570xN.2606968332_tkw9.jpg","url_fullxfull":"https:\/\/i.etsystatic.com\/18708451\/r\/il\/df66b5\/2606968332\/il_fullxfull.2606968332_tkw9.jpg","full_height":867,"full_width":1156}],"params":{"listing_id":"891113321"},"type":"ListingImage","pagination":{}}