{"count":7,"results":[{"listing_image_id":2620867109,"hex_code":"D4D5D5","red":212,"green":213,"blue":213,"hue":180,"saturation":0,"brightness":83,"is_black_and_white":false,"creation_tsz":1602010268,"listing_id":868611526,"rank":1,"url_75x75":"https:\/\/i.etsystatic.com\/24006135\/c\/2777\/2207\/106\/0\/il\/97e5da\/2620867109\/il_75x75.2620867109_i11p.jpg","url_170x135":"https:\/\/i.etsystatic.com\/24006135\/c\/2777\/2207\/106\/0\/il\/97e5da\/2620867109\/il_170x135.2620867109_i11p.jpg","url_570xN":"https:\/\/i.etsystatic.com\/24006135\/r\/il\/97e5da\/2620867109\/il_570xN.2620867109_i11p.jpg","url_fullxfull":"https:\/\/i.etsystatic.com\/24006135\/r\/il\/97e5da\/2620867109\/il_fullxfull.2620867109_i11p.jpg","full_height":2400,"full_width":3000},{"listing_image_id":2620860633,"hex_code":"BBBEB4","red":187,"green":190,"blue":180,"hue":78,"saturation":5,"brightness":74,"is_black_and_white":false,"creation_tsz":1602010089,"listing_id":868611526,"rank":2,"url_75x75":"https:\/\/i.etsystatic.com\/24006135\/d\/il\/f8d5e0\/2620860633\/il_75x75.2620860633_q4kx.jpg?version=0","url_170x135":"https:\/\/i.etsystatic.com\/24006135\/d\/il\/f8d5e0\/2620860633\/il_170x135.2620860633_q4kx.jpg?version=0","url_570xN":"https:\/\/i.etsystatic.com\/24006135\/r\/il\/f8d5e0\/2620860633\/il_570xN.2620860633_q4kx.jpg","url_fullxfull":"https:\/\/i.etsystatic.com\/24006135\/r\/il\/f8d5e0\/2620860633\/il_fullxfull.2620860633_q4kx.jpg","full_height":2400,"full_width":3000},{"listing_image_id":2573209360,"hex_code":"D4D5D2","red":212,"green":213,"blue":210,"hue":80,"saturation":1,"brightness":83,"is_black_and_white":false,"creation_tsz":1602010268,"listing_id":868611526,"rank":3,"url_75x75":"https:\/\/i.etsystatic.com\/24006135\/d\/il\/09de97\/2573209360\/il_75x75.2573209360_ea8b.jpg?version=0","url_170x135":"https:\/\/i.etsystatic.com\/24006135\/d\/il\/09de97\/2573209360\/il_170x135.2573209360_ea8b.jpg?version=0","url_570xN":"https:\/\/i.etsystatic.com\/24006135\/r\/il\/09de97\/2573209360\/il_570xN.2573209360_ea8b.jpg","url_fullxfull":"https:\/\/i.etsystatic.com\/24006135\/r\/il\/09de97\/2573209360\/il_fullxfull.2573209360_ea8b.jpg","full_height":2400,"full_width":3000},{"listing_image_id":2572982692,"hex_code":"C2B7B8","red":194,"green":183,"blue":184,"hue":355,"saturation":5,"brightness":76,"is_black_and_white":false,"creation_tsz":1602004254,"listing_id":868611526,"rank":4,"url_75x75":"https:\/\/i.etsystatic.com\/24006135\/d\/il\/638505\/2572982692\/il_75x75.2572982692_ct6e.jpg?version=0","url_170x135":"https:\/\/i.etsystatic.com\/24006135\/d\/il\/638505\/2572982692\/il_170x135.2572982692_ct6e.jpg?version=0","url_570xN":"https:\/\/i.etsystatic.com\/24006135\/r\/il\/638505\/2572982692\/il_570xN.2572982692_ct6e.jpg","url_fullxfull":"https:\/\/i.etsystatic.com\/24006135\/r\/il\/638505\/2572982692\/il_fullxfull.2572982692_ct6e.jpg","full_height":2400,"full_width":3000},{"listing_image_id":2620638937,"hex_code":"C4BCB7","red":196,"green":188,"blue":183,"hue":23,"saturation":6,"brightness":76,"is_black_and_white":false,"creation_tsz":1602004254,"listing_id":868611526,"rank":5,"url_75x75":"https:\/\/i.etsystatic.com\/24006135\/d\/il\/693e1a\/2620638937\/il_75x75.2620638937_8131.jpg?version=0","url_170x135":"https:\/\/i.etsystatic.com\/24006135\/d\/il\/693e1a\/2620638937\/il_170x135.2620638937_8131.jpg?version=0","url_570xN":"https:\/\/i.etsystatic.com\/24006135\/r\/il\/693e1a\/2620638937\/il_570xN.2620638937_8131.jpg","url_fullxfull":"https:\/\/i.etsystatic.com\/24006135\/r\/il\/693e1a\/2620638937\/il_fullxfull.2620638937_8131.jpg","full_height":2400,"full_width":3000},{"listing_image_id":2556723008,"hex_code":"C4C4C4","red":196,"green":196,"blue":196,"hue":0,"saturation":0,"brightness":76,"is_black_and_white":null,"creation_tsz":1602004254,"listing_id":868611526,"rank":6,"url_75x75":"https:\/\/i.etsystatic.com\/24006135\/d\/il\/cd4839\/2556723008\/il_75x75.2556723008_n8d4.jpg?version=0","url_170x135":"https:\/\/i.etsystatic.com\/24006135\/d\/il\/cd4839\/2556723008\/il_170x135.2556723008_n8d4.jpg?version=0","url_570xN":"https:\/\/i.etsystatic.com\/24006135\/r\/il\/cd4839\/2556723008\/il_570xN.2556723008_n8d4.jpg","url_fullxfull":"https:\/\/i.etsystatic.com\/24006135\/r\/il\/cd4839\/2556723008\/il_fullxfull.2556723008_n8d4.jpg","full_height":2400,"full_width":3000},{"listing_image_id":2604367427,"hex_code":"BFC4C4","red":191,"green":196,"blue":196,"hue":180,"saturation":2,"brightness":76,"is_black_and_white":false,"creation_tsz":1602004254,"listing_id":868611526,"rank":7,"url_75x75":"https:\/\/i.etsystatic.com\/24006135\/d\/il\/fa2641\/2604367427\/il_75x75.2604367427_7z10.jpg?version=0","url_170x135":"https:\/\/i.etsystatic.com\/24006135\/d\/il\/fa2641\/2604367427\/il_170x135.2604367427_7z10.jpg?version=0","url_570xN":"https:\/\/i.etsystatic.com\/24006135\/r\/il\/fa2641\/2604367427\/il_570xN.2604367427_7z10.jpg","url_fullxfull":"https:\/\/i.etsystatic.com\/24006135\/r\/il\/fa2641\/2604367427\/il_fullxfull.2604367427_7z10.jpg","full_height":2400,"full_width":3000}],"params":{"listing_id":"868611526"},"type":"ListingImage","pagination":{}}