{"count":4,"results":[{"listing_image_id":2673326277,"hex_code":"725A50","red":114,"green":90,"blue":80,"hue":18,"saturation":29,"brightness":44,"is_black_and_white":false,"creation_tsz":1604090518,"listing_id":865191144,"rank":1,"url_75x75":"https:\/\/i.etsystatic.com\/22895099\/d\/il\/a6f8c7\/2673326277\/il_75x75.2673326277_10it.jpg?version=0","url_170x135":"https:\/\/i.etsystatic.com\/22895099\/d\/il\/a6f8c7\/2673326277\/il_170x135.2673326277_10it.jpg?version=0","url_570xN":"https:\/\/i.etsystatic.com\/22895099\/r\/il\/a6f8c7\/2673326277\/il_570xN.2673326277_10it.jpg","url_fullxfull":"https:\/\/i.etsystatic.com\/22895099\/r\/il\/a6f8c7\/2673326277\/il_fullxfull.2673326277_10it.jpg","full_height":2160,"full_width":1440},{"listing_image_id":2607275409,"hex_code":"CDB2AE","red":205,"green":178,"blue":174,"hue":8,"saturation":15,"brightness":80,"is_black_and_white":false,"creation_tsz":1601439929,"listing_id":865191144,"rank":2,"url_75x75":"https:\/\/i.etsystatic.com\/22895099\/d\/il\/7accb1\/2607275409\/il_75x75.2607275409_i02v.jpg?version=0","url_170x135":"https:\/\/i.etsystatic.com\/22895099\/d\/il\/7accb1\/2607275409\/il_170x135.2607275409_i02v.jpg?version=0","url_570xN":"https:\/\/i.etsystatic.com\/22895099\/r\/il\/7accb1\/2607275409\/il_570xN.2607275409_i02v.jpg","url_fullxfull":"https:\/\/i.etsystatic.com\/22895099\/r\/il\/7accb1\/2607275409\/il_fullxfull.2607275409_i02v.jpg","full_height":1024,"full_width":1024},{"listing_image_id":2559633910,"hex_code":"D8C3C1","red":216,"green":195,"blue":193,"hue":5,"saturation":10,"brightness":84,"is_black_and_white":false,"creation_tsz":1601439925,"listing_id":865191144,"rank":3,"url_75x75":"https:\/\/i.etsystatic.com\/22895099\/d\/il\/f2636f\/2559633910\/il_75x75.2559633910_cwvg.jpg?version=0","url_170x135":"https:\/\/i.etsystatic.com\/22895099\/d\/il\/f2636f\/2559633910\/il_170x135.2559633910_cwvg.jpg?version=0","url_570xN":"https:\/\/i.etsystatic.com\/22895099\/r\/il\/f2636f\/2559633910\/il_570xN.2559633910_cwvg.jpg","url_fullxfull":"https:\/\/i.etsystatic.com\/22895099\/r\/il\/f2636f\/2559633910\/il_fullxfull.2559633910_cwvg.jpg","full_height":1024,"full_width":1024},{"listing_image_id":2607275363,"hex_code":"CDB1AC","red":205,"green":177,"blue":172,"hue":9,"saturation":16,"brightness":80,"is_black_and_white":false,"creation_tsz":1601439927,"listing_id":865191144,"rank":4,"url_75x75":"https:\/\/i.etsystatic.com\/22895099\/d\/il\/b4d2be\/2607275363\/il_75x75.2607275363_h922.jpg?version=0","url_170x135":"https:\/\/i.etsystatic.com\/22895099\/d\/il\/b4d2be\/2607275363\/il_170x135.2607275363_h922.jpg?version=0","url_570xN":"https:\/\/i.etsystatic.com\/22895099\/r\/il\/b4d2be\/2607275363\/il_570xN.2607275363_h922.jpg","url_fullxfull":"https:\/\/i.etsystatic.com\/22895099\/r\/il\/b4d2be\/2607275363\/il_fullxfull.2607275363_h922.jpg","full_height":1024,"full_width":1024}],"params":{"listing_id":"865191144"},"type":"ListingImage","pagination":{}}