{"count":8,"results":[{"listing_image_id":2933217318,"hex_code":"DBD1C8","red":219,"green":209,"blue":200,"hue":28,"saturation":8,"brightness":85,"is_black_and_white":false,"creation_tsz":1615448955,"listing_id":944242628,"rank":1,"url_75x75":"https:\/\/i.etsystatic.com\/16269939\/c\/2000\/1589\/0\/68\/il\/75041a\/2933217318\/il_75x75.2933217318_ab0e.jpg","url_170x135":"https:\/\/i.etsystatic.com\/16269939\/c\/2000\/1589\/0\/68\/il\/75041a\/2933217318\/il_170x135.2933217318_ab0e.jpg","url_570xN":"https:\/\/i.etsystatic.com\/16269939\/r\/il\/75041a\/2933217318\/il_570xN.2933217318_ab0e.jpg","url_fullxfull":"https:\/\/i.etsystatic.com\/16269939\/r\/il\/75041a\/2933217318\/il_fullxfull.2933217318_ab0e.jpg","full_height":2000,"full_width":2000},{"listing_image_id":2901280051,"hex_code":"CFD4C5","red":207,"green":212,"blue":197,"hue":80,"saturation":7,"brightness":83,"is_black_and_white":false,"creation_tsz":1612669117,"listing_id":944242628,"rank":2,"url_75x75":"https:\/\/i.etsystatic.com\/16269939\/c\/1600\/1271\/218\/464\/il\/11425e\/2901280051\/il_75x75.2901280051_j4ec.jpg","url_170x135":"https:\/\/i.etsystatic.com\/16269939\/c\/1600\/1271\/218\/464\/il\/11425e\/2901280051\/il_170x135.2901280051_j4ec.jpg","url_570xN":"https:\/\/i.etsystatic.com\/16269939\/r\/il\/11425e\/2901280051\/il_570xN.2901280051_j4ec.jpg","url_fullxfull":"https:\/\/i.etsystatic.com\/16269939\/r\/il\/11425e\/2901280051\/il_fullxfull.2901280051_j4ec.jpg","full_height":2000,"full_width":2000},{"listing_image_id":2853616134,"hex_code":"B4AC87","red":180,"green":172,"blue":135,"hue":49,"saturation":25,"brightness":70,"is_black_and_white":false,"creation_tsz":1612669117,"listing_id":944242628,"rank":3,"url_75x75":"https:\/\/i.etsystatic.com\/16269939\/d\/il\/e7cc77\/2853616134\/il_75x75.2853616134_1es9.jpg?version=0","url_170x135":"https:\/\/i.etsystatic.com\/16269939\/d\/il\/e7cc77\/2853616134\/il_170x135.2853616134_1es9.jpg?version=0","url_570xN":"https:\/\/i.etsystatic.com\/16269939\/r\/il\/e7cc77\/2853616134\/il_570xN.2853616134_1es9.jpg","url_fullxfull":"https:\/\/i.etsystatic.com\/16269939\/r\/il\/e7cc77\/2853616134\/il_fullxfull.2853616134_1es9.jpg","full_height":2000,"full_width":2000},{"listing_image_id":2853616266,"hex_code":"B3B5B5","red":179,"green":181,"blue":181,"hue":180,"saturation":1,"brightness":70,"is_black_and_white":false,"creation_tsz":1612669117,"listing_id":944242628,"rank":4,"url_75x75":"https:\/\/i.etsystatic.com\/16269939\/d\/il\/e4ca80\/2853616266\/il_75x75.2853616266_jxx9.jpg?version=0","url_170x135":"https:\/\/i.etsystatic.com\/16269939\/d\/il\/e4ca80\/2853616266\/il_170x135.2853616266_jxx9.jpg?version=0","url_570xN":"https:\/\/i.etsystatic.com\/16269939\/r\/il\/e4ca80\/2853616266\/il_570xN.2853616266_jxx9.jpg","url_fullxfull":"https:\/\/i.etsystatic.com\/16269939\/r\/il\/e4ca80\/2853616266\/il_fullxfull.2853616266_jxx9.jpg","full_height":2000,"full_width":2000},{"listing_image_id":2853616360,"hex_code":"C5BDB1","red":197,"green":189,"blue":177,"hue":36,"saturation":10,"brightness":77,"is_black_and_white":false,"creation_tsz":1612669117,"listing_id":944242628,"rank":5,"url_75x75":"https:\/\/i.etsystatic.com\/16269939\/d\/il\/48cfa9\/2853616360\/il_75x75.2853616360_lcn9.jpg?version=0","url_170x135":"https:\/\/i.etsystatic.com\/16269939\/d\/il\/48cfa9\/2853616360\/il_170x135.2853616360_lcn9.jpg?version=0","url_570xN":"https:\/\/i.etsystatic.com\/16269939\/r\/il\/48cfa9\/2853616360\/il_570xN.2853616360_lcn9.jpg","url_fullxfull":"https:\/\/i.etsystatic.com\/16269939\/r\/il\/48cfa9\/2853616360\/il_fullxfull.2853616360_lcn9.jpg","full_height":2000,"full_width":2000},{"listing_image_id":2853616420,"hex_code":"D4D4D4","red":212,"green":212,"blue":212,"hue":0,"saturation":0,"brightness":83,"is_black_and_white":false,"creation_tsz":1612669117,"listing_id":944242628,"rank":6,"url_75x75":"https:\/\/i.etsystatic.com\/16269939\/d\/il\/cbcd1e\/2853616420\/il_75x75.2853616420_3p2y.jpg?version=0","url_170x135":"https:\/\/i.etsystatic.com\/16269939\/d\/il\/cbcd1e\/2853616420\/il_170x135.2853616420_3p2y.jpg?version=0","url_570xN":"https:\/\/i.etsystatic.com\/16269939\/r\/il\/cbcd1e\/2853616420\/il_570xN.2853616420_3p2y.jpg","url_fullxfull":"https:\/\/i.etsystatic.com\/16269939\/r\/il\/cbcd1e\/2853616420\/il_fullxfull.2853616420_3p2y.jpg","full_height":2000,"full_width":2000},{"listing_image_id":2901183173,"hex_code":"CBBDA3","red":203,"green":189,"blue":163,"hue":39,"saturation":19,"brightness":79,"is_black_and_white":false,"creation_tsz":1612669117,"listing_id":944242628,"rank":7,"url_75x75":"https:\/\/i.etsystatic.com\/16269939\/d\/il\/8749f9\/2901183173\/il_75x75.2901183173_byr4.jpg?version=0","url_170x135":"https:\/\/i.etsystatic.com\/16269939\/d\/il\/8749f9\/2901183173\/il_170x135.2901183173_byr4.jpg?version=0","url_570xN":"https:\/\/i.etsystatic.com\/16269939\/r\/il\/8749f9\/2901183173\/il_570xN.2901183173_byr4.jpg","url_fullxfull":"https:\/\/i.etsystatic.com\/16269939\/r\/il\/8749f9\/2901183173\/il_fullxfull.2901183173_byr4.jpg","full_height":2000,"full_width":2000},{"listing_image_id":2853520882,"hex_code":"CFC0B9","red":207,"green":192,"blue":185,"hue":19,"saturation":10,"brightness":81,"is_black_and_white":false,"creation_tsz":1612669117,"listing_id":944242628,"rank":8,"url_75x75":"https:\/\/i.etsystatic.com\/16269939\/d\/il\/f13165\/2853520882\/il_75x75.2853520882_row8.jpg?version=0","url_170x135":"https:\/\/i.etsystatic.com\/16269939\/d\/il\/f13165\/2853520882\/il_170x135.2853520882_row8.jpg?version=0","url_570xN":"https:\/\/i.etsystatic.com\/16269939\/r\/il\/f13165\/2853520882\/il_570xN.2853520882_row8.jpg","url_fullxfull":"https:\/\/i.etsystatic.com\/16269939\/r\/il\/f13165\/2853520882\/il_fullxfull.2853520882_row8.jpg","full_height":2000,"full_width":2000}],"params":{"listing_id":"944242628"},"type":"ListingImage","pagination":{}}