{"count":3,"results":[{"listing_image_id":2903431254,"hex_code":"A39987","red":163,"green":153,"blue":135,"hue":39,"saturation":17,"brightness":63,"is_black_and_white":false,"creation_tsz":1614392193,"listing_id":956832128,"rank":1,"url_75x75":"https:\/\/i.etsystatic.com\/5337924\/d\/il\/c269fa\/2903431254\/il_75x75.2903431254_t15z.jpg?version=0","url_170x135":"https:\/\/i.etsystatic.com\/5337924\/d\/il\/c269fa\/2903431254\/il_170x135.2903431254_t15z.jpg?version=0","url_570xN":"https:\/\/i.etsystatic.com\/5337924\/r\/il\/c269fa\/2903431254\/il_570xN.2903431254_t15z.jpg","url_fullxfull":"https:\/\/i.etsystatic.com\/5337924\/r\/il\/c269fa\/2903431254\/il_fullxfull.2903431254_t15z.jpg","full_height":3000,"full_width":2250},{"listing_image_id":2951114991,"hex_code":"89816C","red":137,"green":129,"blue":108,"hue":43,"saturation":21,"brightness":53,"is_black_and_white":false,"creation_tsz":1614392193,"listing_id":956832128,"rank":2,"url_75x75":"https:\/\/i.etsystatic.com\/5337924\/d\/il\/91a9e3\/2951114991\/il_75x75.2951114991_4shh.jpg?version=0","url_170x135":"https:\/\/i.etsystatic.com\/5337924\/d\/il\/91a9e3\/2951114991\/il_170x135.2951114991_4shh.jpg?version=0","url_570xN":"https:\/\/i.etsystatic.com\/5337924\/r\/il\/91a9e3\/2951114991\/il_570xN.2951114991_4shh.jpg","url_fullxfull":"https:\/\/i.etsystatic.com\/5337924\/r\/il\/91a9e3\/2951114991\/il_fullxfull.2951114991_4shh.jpg","full_height":3000,"full_width":2250},{"listing_image_id":2951115021,"hex_code":"A79187","red":167,"green":145,"blue":135,"hue":19,"saturation":19,"brightness":65,"is_black_and_white":false,"creation_tsz":1614392193,"listing_id":956832128,"rank":3,"url_75x75":"https:\/\/i.etsystatic.com\/5337924\/d\/il\/be009c\/2951115021\/il_75x75.2951115021_i9ve.jpg?version=0","url_170x135":"https:\/\/i.etsystatic.com\/5337924\/d\/il\/be009c\/2951115021\/il_170x135.2951115021_i9ve.jpg?version=0","url_570xN":"https:\/\/i.etsystatic.com\/5337924\/r\/il\/be009c\/2951115021\/il_570xN.2951115021_i9ve.jpg","url_fullxfull":"https:\/\/i.etsystatic.com\/5337924\/r\/il\/be009c\/2951115021\/il_fullxfull.2951115021_i9ve.jpg","full_height":3000,"full_width":2250}],"params":{"listing_id":"956832128"},"type":"ListingImage","pagination":{}}