{"count":10,"results":[{"listing_image_id":2908760241,"hex_code":"9C8266","red":156,"green":130,"blue":102,"hue":31,"saturation":34,"brightness":61,"is_black_and_white":false,"creation_tsz":1612914571,"listing_id":946090160,"rank":1,"url_75x75":"https:\/\/i.etsystatic.com\/26376581\/c\/2623\/2085\/0\/67\/il\/f8bfa6\/2908760241\/il_75x75.2908760241_j49r.jpg","url_170x135":"https:\/\/i.etsystatic.com\/26376581\/c\/2623\/2085\/0\/67\/il\/f8bfa6\/2908760241\/il_170x135.2908760241_j49r.jpg","url_570xN":"https:\/\/i.etsystatic.com\/26376581\/r\/il\/f8bfa6\/2908760241\/il_570xN.2908760241_j49r.jpg","url_fullxfull":"https:\/\/i.etsystatic.com\/26376581\/r\/il\/f8bfa6\/2908760241\/il_fullxfull.2908760241_j49r.jpg","full_height":2250,"full_width":3000},{"listing_image_id":2908741087,"hex_code":"797165","red":121,"green":113,"blue":101,"hue":36,"saturation":16,"brightness":47,"is_black_and_white":false,"creation_tsz":1612914522,"listing_id":946090160,"rank":2,"url_75x75":"https:\/\/i.etsystatic.com\/26376581\/c\/1923\/1528\/82\/706\/il\/25c5a6\/2908741087\/il_75x75.2908741087_pq4a.jpg","url_170x135":"https:\/\/i.etsystatic.com\/26376581\/c\/1923\/1528\/82\/706\/il\/25c5a6\/2908741087\/il_170x135.2908741087_pq4a.jpg","url_570xN":"https:\/\/i.etsystatic.com\/26376581\/r\/il\/25c5a6\/2908741087\/il_570xN.2908741087_pq4a.jpg","url_fullxfull":"https:\/\/i.etsystatic.com\/26376581\/r\/il\/25c5a6\/2908741087\/il_fullxfull.2908741087_pq4a.jpg","full_height":3000,"full_width":2250},{"listing_image_id":2858164658,"hex_code":"797165","red":121,"green":113,"blue":101,"hue":36,"saturation":16,"brightness":47,"is_black_and_white":false,"creation_tsz":1612914522,"listing_id":946090160,"rank":3,"url_75x75":"https:\/\/i.etsystatic.com\/26376581\/d\/il\/722ef2\/2858164658\/il_75x75.2858164658_npwh.jpg?version=0","url_170x135":"https:\/\/i.etsystatic.com\/26376581\/d\/il\/722ef2\/2858164658\/il_170x135.2858164658_npwh.jpg?version=0","url_570xN":"https:\/\/i.etsystatic.com\/26376581\/r\/il\/722ef2\/2858164658\/il_570xN.2858164658_npwh.jpg","url_fullxfull":"https:\/\/i.etsystatic.com\/26376581\/r\/il\/722ef2\/2858164658\/il_fullxfull.2858164658_npwh.jpg","full_height":3000,"full_width":2250},{"listing_image_id":2861061714,"hex_code":"8B977C","red":139,"green":151,"blue":124,"hue":87,"saturation":17,"brightness":59,"is_black_and_white":false,"creation_tsz":1612914522,"listing_id":946090160,"rank":4,"url_75x75":"https:\/\/i.etsystatic.com\/26376581\/d\/il\/fba926\/2861061714\/il_75x75.2861061714_8hor.jpg?version=0","url_170x135":"https:\/\/i.etsystatic.com\/26376581\/d\/il\/fba926\/2861061714\/il_170x135.2861061714_8hor.jpg?version=0","url_570xN":"https:\/\/i.etsystatic.com\/26376581\/r\/il\/fba926\/2861061714\/il_570xN.2861061714_8hor.jpg","url_fullxfull":"https:\/\/i.etsystatic.com\/26376581\/r\/il\/fba926\/2861061714\/il_fullxfull.2861061714_8hor.jpg","full_height":2250,"full_width":3000},{"listing_image_id":2908739507,"hex_code":"92785F","red":146,"green":120,"blue":95,"hue":29,"saturation":34,"brightness":57,"is_black_and_white":false,"creation_tsz":1612914522,"listing_id":946090160,"rank":5,"url_75x75":"https:\/\/i.etsystatic.com\/26376581\/d\/il\/aa5205\/2908739507\/il_75x75.2908739507_9c0c.jpg?version=0","url_170x135":"https:\/\/i.etsystatic.com\/26376581\/d\/il\/aa5205\/2908739507\/il_170x135.2908739507_9c0c.jpg?version=0","url_570xN":"https:\/\/i.etsystatic.com\/26376581\/r\/il\/aa5205\/2908739507\/il_570xN.2908739507_9c0c.jpg","url_fullxfull":"https:\/\/i.etsystatic.com\/26376581\/r\/il\/aa5205\/2908739507\/il_fullxfull.2908739507_9c0c.jpg","full_height":2250,"full_width":3000},{"listing_image_id":2908739641,"hex_code":"867361","red":134,"green":115,"blue":97,"hue":29,"saturation":27,"brightness":52,"is_black_and_white":false,"creation_tsz":1612914522,"listing_id":946090160,"rank":6,"url_75x75":"https:\/\/i.etsystatic.com\/26376581\/d\/il\/28f472\/2908739641\/il_75x75.2908739641_hwc8.jpg?version=0","url_170x135":"https:\/\/i.etsystatic.com\/26376581\/d\/il\/28f472\/2908739641\/il_170x135.2908739641_hwc8.jpg?version=0","url_570xN":"https:\/\/i.etsystatic.com\/26376581\/r\/il\/28f472\/2908739641\/il_570xN.2908739641_hwc8.jpg","url_fullxfull":"https:\/\/i.etsystatic.com\/26376581\/r\/il\/28f472\/2908739641\/il_fullxfull.2908739641_hwc8.jpg","full_height":3000,"full_width":2250},{"listing_image_id":2861062438,"hex_code":"797165","red":121,"green":113,"blue":101,"hue":36,"saturation":16,"brightness":47,"is_black_and_white":false,"creation_tsz":1612914522,"listing_id":946090160,"rank":7,"url_75x75":"https:\/\/i.etsystatic.com\/26376581\/d\/il\/55e19b\/2861062438\/il_75x75.2861062438_mzlv.jpg?version=0","url_170x135":"https:\/\/i.etsystatic.com\/26376581\/d\/il\/55e19b\/2861062438\/il_170x135.2861062438_mzlv.jpg?version=0","url_570xN":"https:\/\/i.etsystatic.com\/26376581\/r\/il\/55e19b\/2861062438\/il_570xN.2861062438_mzlv.jpg","url_fullxfull":"https:\/\/i.etsystatic.com\/26376581\/r\/il\/55e19b\/2861062438\/il_fullxfull.2861062438_mzlv.jpg","full_height":3000,"full_width":2250},{"listing_image_id":2908739977,"hex_code":"9B7F60","red":155,"green":127,"blue":96,"hue":32,"saturation":38,"brightness":60,"is_black_and_white":false,"creation_tsz":1612914522,"listing_id":946090160,"rank":8,"url_75x75":"https:\/\/i.etsystatic.com\/26376581\/d\/il\/7c0bc7\/2908739977\/il_75x75.2908739977_21nz.jpg?version=0","url_170x135":"https:\/\/i.etsystatic.com\/26376581\/d\/il\/7c0bc7\/2908739977\/il_170x135.2908739977_21nz.jpg?version=0","url_570xN":"https:\/\/i.etsystatic.com\/26376581\/r\/il\/7c0bc7\/2908739977\/il_570xN.2908739977_21nz.jpg","url_fullxfull":"https:\/\/i.etsystatic.com\/26376581\/r\/il\/7c0bc7\/2908739977\/il_fullxfull.2908739977_21nz.jpg","full_height":2250,"full_width":3000},{"listing_image_id":2861062770,"hex_code":"8B977C","red":139,"green":151,"blue":124,"hue":87,"saturation":17,"brightness":59,"is_black_and_white":false,"creation_tsz":1612914522,"listing_id":946090160,"rank":9,"url_75x75":"https:\/\/i.etsystatic.com\/26376581\/d\/il\/d7c52d\/2861062770\/il_75x75.2861062770_4m2x.jpg?version=0","url_170x135":"https:\/\/i.etsystatic.com\/26376581\/d\/il\/d7c52d\/2861062770\/il_170x135.2861062770_4m2x.jpg?version=0","url_570xN":"https:\/\/i.etsystatic.com\/26376581\/r\/il\/d7c52d\/2861062770\/il_570xN.2861062770_4m2x.jpg","url_fullxfull":"https:\/\/i.etsystatic.com\/26376581\/r\/il\/d7c52d\/2861062770\/il_fullxfull.2861062770_4m2x.jpg","full_height":2250,"full_width":3000},{"listing_image_id":2908740403,"hex_code":"9B7F60","red":155,"green":127,"blue":96,"hue":32,"saturation":38,"brightness":60,"is_black_and_white":false,"creation_tsz":1612914522,"listing_id":946090160,"rank":10,"url_75x75":"https:\/\/i.etsystatic.com\/26376581\/d\/il\/aa9252\/2908740403\/il_75x75.2908740403_bc54.jpg?version=0","url_170x135":"https:\/\/i.etsystatic.com\/26376581\/d\/il\/aa9252\/2908740403\/il_170x135.2908740403_bc54.jpg?version=0","url_570xN":"https:\/\/i.etsystatic.com\/26376581\/r\/il\/aa9252\/2908740403\/il_570xN.2908740403_bc54.jpg","url_fullxfull":"https:\/\/i.etsystatic.com\/26376581\/r\/il\/aa9252\/2908740403\/il_fullxfull.2908740403_bc54.jpg","full_height":2250,"full_width":3000}],"params":{"listing_id":"946090160"},"type":"ListingImage","pagination":{}}