{"count":2,"results":[{"listing_image_id":2995766769,"hex_code":"6C676A","red":108,"green":103,"blue":106,"hue":324,"saturation":4,"brightness":42,"is_black_and_white":false,"creation_tsz":1615985025,"listing_id":982728365,"rank":1,"url_75x75":"https:\/\/i.etsystatic.com\/28381914\/d\/il\/0f18b5\/2995766769\/il_75x75.2995766769_rq2d.jpg?version=0","url_170x135":"https:\/\/i.etsystatic.com\/28381914\/d\/il\/0f18b5\/2995766769\/il_170x135.2995766769_rq2d.jpg?version=0","url_570xN":"https:\/\/i.etsystatic.com\/28381914\/r\/il\/0f18b5\/2995766769\/il_570xN.2995766769_rq2d.jpg","url_fullxfull":"https:\/\/i.etsystatic.com\/28381914\/r\/il\/0f18b5\/2995766769\/il_fullxfull.2995766769_rq2d.jpg","full_height":3000,"full_width":2250},{"listing_image_id":2948066368,"hex_code":"9F9B9A","red":159,"green":155,"blue":154,"hue":12,"saturation":3,"brightness":62,"is_black_and_white":false,"creation_tsz":1615985025,"listing_id":982728365,"rank":2,"url_75x75":"https:\/\/i.etsystatic.com\/28381914\/d\/il\/a2f9d2\/2948066368\/il_75x75.2948066368_dfm2.jpg?version=0","url_170x135":"https:\/\/i.etsystatic.com\/28381914\/d\/il\/a2f9d2\/2948066368\/il_170x135.2948066368_dfm2.jpg?version=0","url_570xN":"https:\/\/i.etsystatic.com\/28381914\/r\/il\/a2f9d2\/2948066368\/il_570xN.2948066368_dfm2.jpg","url_fullxfull":"https:\/\/i.etsystatic.com\/28381914\/r\/il\/a2f9d2\/2948066368\/il_fullxfull.2948066368_dfm2.jpg","full_height":3000,"full_width":2250}],"params":{"listing_id":"982728365"},"type":"ListingImage","pagination":{}}