{"count":6,"results":[{"listing_image_id":2733871267,"hex_code":"85747C","red":133,"green":116,"blue":124,"hue":332,"saturation":12,"brightness":52,"is_black_and_white":false,"creation_tsz":1606227255,"listing_id":910985255,"rank":1,"url_75x75":"https:\/\/i.etsystatic.com\/17418677\/c\/937\/744\/488\/132\/il\/193a48\/2733871267\/il_75x75.2733871267_8kdr.jpg","url_170x135":"https:\/\/i.etsystatic.com\/17418677\/c\/937\/744\/488\/132\/il\/193a48\/2733871267\/il_170x135.2733871267_8kdr.jpg","url_570xN":"https:\/\/i.etsystatic.com\/17418677\/r\/il\/193a48\/2733871267\/il_570xN.2733871267_8kdr.jpg","url_fullxfull":"https:\/\/i.etsystatic.com\/17418677\/r\/il\/193a48\/2733871267\/il_fullxfull.2733871267_8kdr.jpg","full_height":1280,"full_width":1920},{"listing_image_id":2686187788,"hex_code":"998D5E","red":153,"green":141,"blue":94,"hue":48,"saturation":38,"brightness":60,"is_black_and_white":false,"creation_tsz":1606227255,"listing_id":910985255,"rank":2,"url_75x75":"https:\/\/i.etsystatic.com\/17418677\/d\/il\/9a5cfd\/2686187788\/il_75x75.2686187788_6v4e.jpg?version=0","url_170x135":"https:\/\/i.etsystatic.com\/17418677\/d\/il\/9a5cfd\/2686187788\/il_170x135.2686187788_6v4e.jpg?version=0","url_570xN":"https:\/\/i.etsystatic.com\/17418677\/r\/il\/9a5cfd\/2686187788\/il_570xN.2686187788_6v4e.jpg","url_fullxfull":"https:\/\/i.etsystatic.com\/17418677\/r\/il\/9a5cfd\/2686187788\/il_fullxfull.2686187788_6v4e.jpg","full_height":1280,"full_width":1920},{"listing_image_id":2686188174,"hex_code":"877F79","red":135,"green":127,"blue":121,"hue":26,"saturation":10,"brightness":52,"is_black_and_white":false,"creation_tsz":1606227255,"listing_id":910985255,"rank":3,"url_75x75":"https:\/\/i.etsystatic.com\/17418677\/d\/il\/30e65a\/2686188174\/il_75x75.2686188174_2za7.jpg?version=0","url_170x135":"https:\/\/i.etsystatic.com\/17418677\/d\/il\/30e65a\/2686188174\/il_170x135.2686188174_2za7.jpg?version=0","url_570xN":"https:\/\/i.etsystatic.com\/17418677\/r\/il\/30e65a\/2686188174\/il_570xN.2686188174_2za7.jpg","url_fullxfull":"https:\/\/i.etsystatic.com\/17418677\/r\/il\/30e65a\/2686188174\/il_fullxfull.2686188174_2za7.jpg","full_height":2160,"full_width":1440},{"listing_image_id":2733870609,"hex_code":"8C7E78","red":140,"green":126,"blue":120,"hue":18,"saturation":14,"brightness":54,"is_black_and_white":false,"creation_tsz":1606227255,"listing_id":910985255,"rank":4,"url_75x75":"https:\/\/i.etsystatic.com\/17418677\/d\/il\/e6dec1\/2733870609\/il_75x75.2733870609_72gw.jpg?version=0","url_170x135":"https:\/\/i.etsystatic.com\/17418677\/d\/il\/e6dec1\/2733870609\/il_170x135.2733870609_72gw.jpg?version=0","url_570xN":"https:\/\/i.etsystatic.com\/17418677\/r\/il\/e6dec1\/2733870609\/il_570xN.2733870609_72gw.jpg","url_fullxfull":"https:\/\/i.etsystatic.com\/17418677\/r\/il\/e6dec1\/2733870609\/il_fullxfull.2733870609_72gw.jpg","full_height":2160,"full_width":1440},{"listing_image_id":2686188180,"hex_code":"756C66","red":117,"green":108,"blue":102,"hue":24,"saturation":12,"brightness":45,"is_black_and_white":false,"creation_tsz":1606227255,"listing_id":910985255,"rank":5,"url_75x75":"https:\/\/i.etsystatic.com\/17418677\/d\/il\/eb4d01\/2686188180\/il_75x75.2686188180_58m6.jpg?version=0","url_170x135":"https:\/\/i.etsystatic.com\/17418677\/d\/il\/eb4d01\/2686188180\/il_170x135.2686188180_58m6.jpg?version=0","url_570xN":"https:\/\/i.etsystatic.com\/17418677\/r\/il\/eb4d01\/2686188180\/il_570xN.2686188180_58m6.jpg","url_fullxfull":"https:\/\/i.etsystatic.com\/17418677\/r\/il\/eb4d01\/2686188180\/il_fullxfull.2686188180_58m6.jpg","full_height":2160,"full_width":1440},{"listing_image_id":2686188192,"hex_code":"755B5F","red":117,"green":91,"blue":95,"hue":351,"saturation":22,"brightness":45,"is_black_and_white":false,"creation_tsz":1606227255,"listing_id":910985255,"rank":6,"url_75x75":"https:\/\/i.etsystatic.com\/17418677\/d\/il\/694b61\/2686188192\/il_75x75.2686188192_asr6.jpg?version=0","url_170x135":"https:\/\/i.etsystatic.com\/17418677\/d\/il\/694b61\/2686188192\/il_170x135.2686188192_asr6.jpg?version=0","url_570xN":"https:\/\/i.etsystatic.com\/17418677\/r\/il\/694b61\/2686188192\/il_570xN.2686188192_asr6.jpg","url_fullxfull":"https:\/\/i.etsystatic.com\/17418677\/r\/il\/694b61\/2686188192\/il_fullxfull.2686188192_asr6.jpg","full_height":2160,"full_width":1440}],"params":{"listing_id":"910985255"},"type":"ListingImage","pagination":{}}