{"count":8,"results":[{"listing_image_id":2873118958,"hex_code":"945095","red":148,"green":80,"blue":149,"hue":299,"saturation":46,"brightness":58,"is_black_and_white":false,"creation_tsz":1613356121,"listing_id":949206064,"rank":1,"url_75x75":"https:\/\/i.etsystatic.com\/10774621\/d\/il\/1cb1f4\/2873118958\/il_75x75.2873118958_natk.jpg?version=0","url_170x135":"https:\/\/i.etsystatic.com\/10774621\/d\/il\/1cb1f4\/2873118958\/il_170x135.2873118958_natk.jpg?version=0","url_570xN":"https:\/\/i.etsystatic.com\/10774621\/r\/il\/1cb1f4\/2873118958\/il_570xN.2873118958_natk.jpg","url_fullxfull":"https:\/\/i.etsystatic.com\/10774621\/r\/il\/1cb1f4\/2873118958\/il_fullxfull.2873118958_natk.jpg","full_height":3000,"full_width":2250},{"listing_image_id":2873119768,"hex_code":"9842A8","red":152,"green":66,"blue":168,"hue":291,"saturation":60,"brightness":65,"is_black_and_white":false,"creation_tsz":1613356121,"listing_id":949206064,"rank":2,"url_75x75":"https:\/\/i.etsystatic.com\/10774621\/d\/il\/03d3b5\/2873119768\/il_75x75.2873119768_2zw0.jpg?version=0","url_170x135":"https:\/\/i.etsystatic.com\/10774621\/d\/il\/03d3b5\/2873119768\/il_170x135.2873119768_2zw0.jpg?version=0","url_570xN":"https:\/\/i.etsystatic.com\/10774621\/r\/il\/03d3b5\/2873119768\/il_570xN.2873119768_2zw0.jpg","url_fullxfull":"https:\/\/i.etsystatic.com\/10774621\/r\/il\/03d3b5\/2873119768\/il_fullxfull.2873119768_2zw0.jpg","full_height":3000,"full_width":2250},{"listing_image_id":2873119216,"hex_code":"944893","red":148,"green":72,"blue":147,"hue":301,"saturation":51,"brightness":58,"is_black_and_white":false,"creation_tsz":1613356121,"listing_id":949206064,"rank":3,"url_75x75":"https:\/\/i.etsystatic.com\/10774621\/d\/il\/a28c6a\/2873119216\/il_75x75.2873119216_p4fd.jpg?version=0","url_170x135":"https:\/\/i.etsystatic.com\/10774621\/d\/il\/a28c6a\/2873119216\/il_170x135.2873119216_p4fd.jpg?version=0","url_570xN":"https:\/\/i.etsystatic.com\/10774621\/r\/il\/a28c6a\/2873119216\/il_570xN.2873119216_p4fd.jpg","url_fullxfull":"https:\/\/i.etsystatic.com\/10774621\/r\/il\/a28c6a\/2873119216\/il_fullxfull.2873119216_p4fd.jpg","full_height":3000,"full_width":2800},{"listing_image_id":2873119352,"hex_code":"935196","red":147,"green":81,"blue":150,"hue":297,"saturation":46,"brightness":58,"is_black_and_white":false,"creation_tsz":1613356121,"listing_id":949206064,"rank":4,"url_75x75":"https:\/\/i.etsystatic.com\/10774621\/d\/il\/89bf04\/2873119352\/il_75x75.2873119352_5vni.jpg?version=0","url_170x135":"https:\/\/i.etsystatic.com\/10774621\/d\/il\/89bf04\/2873119352\/il_170x135.2873119352_5vni.jpg?version=0","url_570xN":"https:\/\/i.etsystatic.com\/10774621\/r\/il\/89bf04\/2873119352\/il_570xN.2873119352_5vni.jpg","url_fullxfull":"https:\/\/i.etsystatic.com\/10774621\/r\/il\/89bf04\/2873119352\/il_fullxfull.2873119352_5vni.jpg","full_height":3000,"full_width":2250},{"listing_image_id":2873119456,"hex_code":"954CA8","red":149,"green":76,"blue":168,"hue":288,"saturation":54,"brightness":65,"is_black_and_white":false,"creation_tsz":1613356121,"listing_id":949206064,"rank":5,"url_75x75":"https:\/\/i.etsystatic.com\/10774621\/d\/il\/6a3ef5\/2873119456\/il_75x75.2873119456_lu19.jpg?version=0","url_170x135":"https:\/\/i.etsystatic.com\/10774621\/d\/il\/6a3ef5\/2873119456\/il_170x135.2873119456_lu19.jpg?version=0","url_570xN":"https:\/\/i.etsystatic.com\/10774621\/r\/il\/6a3ef5\/2873119456\/il_570xN.2873119456_lu19.jpg","url_fullxfull":"https:\/\/i.etsystatic.com\/10774621\/r\/il\/6a3ef5\/2873119456\/il_fullxfull.2873119456_lu19.jpg","full_height":3000,"full_width":2250},{"listing_image_id":2873119604,"hex_code":"985993","red":152,"green":89,"blue":147,"hue":305,"saturation":41,"brightness":59,"is_black_and_white":false,"creation_tsz":1613356121,"listing_id":949206064,"rank":6,"url_75x75":"https:\/\/i.etsystatic.com\/10774621\/d\/il\/04ffbe\/2873119604\/il_75x75.2873119604_7don.jpg?version=0","url_170x135":"https:\/\/i.etsystatic.com\/10774621\/d\/il\/04ffbe\/2873119604\/il_170x135.2873119604_7don.jpg?version=0","url_570xN":"https:\/\/i.etsystatic.com\/10774621\/r\/il\/04ffbe\/2873119604\/il_570xN.2873119604_7don.jpg","url_fullxfull":"https:\/\/i.etsystatic.com\/10774621\/r\/il\/04ffbe\/2873119604\/il_fullxfull.2873119604_7don.jpg","full_height":3000,"full_width":2997},{"listing_image_id":2920803317,"hex_code":"98509D","red":152,"green":80,"blue":157,"hue":296,"saturation":49,"brightness":61,"is_black_and_white":false,"creation_tsz":1613356121,"listing_id":949206064,"rank":7,"url_75x75":"https:\/\/i.etsystatic.com\/10774621\/d\/il\/3838e7\/2920803317\/il_75x75.2920803317_kvrw.jpg?version=0","url_170x135":"https:\/\/i.etsystatic.com\/10774621\/d\/il\/3838e7\/2920803317\/il_170x135.2920803317_kvrw.jpg?version=0","url_570xN":"https:\/\/i.etsystatic.com\/10774621\/r\/il\/3838e7\/2920803317\/il_570xN.2920803317_kvrw.jpg","url_fullxfull":"https:\/\/i.etsystatic.com\/10774621\/r\/il\/3838e7\/2920803317\/il_fullxfull.2920803317_kvrw.jpg","full_height":3000,"full_width":2546},{"listing_image_id":2873119660,"hex_code":"9B5297","red":155,"green":82,"blue":151,"hue":303,"saturation":47,"brightness":60,"is_black_and_white":false,"creation_tsz":1613356121,"listing_id":949206064,"rank":8,"url_75x75":"https:\/\/i.etsystatic.com\/10774621\/d\/il\/3154ae\/2873119660\/il_75x75.2873119660_hvh1.jpg?version=0","url_170x135":"https:\/\/i.etsystatic.com\/10774621\/d\/il\/3154ae\/2873119660\/il_170x135.2873119660_hvh1.jpg?version=0","url_570xN":"https:\/\/i.etsystatic.com\/10774621\/r\/il\/3154ae\/2873119660\/il_570xN.2873119660_hvh1.jpg","url_fullxfull":"https:\/\/i.etsystatic.com\/10774621\/r\/il\/3154ae\/2873119660\/il_fullxfull.2873119660_hvh1.jpg","full_height":3000,"full_width":2611}],"params":{"listing_id":"949206064"},"type":"ListingImage","pagination":{}}