{"count":10,"results":[{"listing_image_id":2905000668,"hex_code":"8E8D83","red":142,"green":141,"blue":131,"hue":55,"saturation":7,"brightness":55,"is_black_and_white":false,"creation_tsz":1614455464,"listing_id":957136664,"rank":1,"url_75x75":"https:\/\/i.etsystatic.com\/7861181\/d\/il\/915364\/2905000668\/il_75x75.2905000668_rn0s.jpg?version=1","url_170x135":"https:\/\/i.etsystatic.com\/7861181\/d\/il\/915364\/2905000668\/il_170x135.2905000668_rn0s.jpg?version=1","url_570xN":"https:\/\/i.etsystatic.com\/7861181\/r\/il\/915364\/2905000668\/il_570xN.2905000668_rn0s.jpg","url_fullxfull":"https:\/\/i.etsystatic.com\/7861181\/r\/il\/915364\/2905000668\/il_fullxfull.2905000668_rn0s.jpg","full_height":2248,"full_width":2996},{"listing_image_id":2905001596,"hex_code":"94817C","red":148,"green":129,"blue":124,"hue":12,"saturation":16,"brightness":58,"is_black_and_white":false,"creation_tsz":1614455464,"listing_id":957136664,"rank":2,"url_75x75":"https:\/\/i.etsystatic.com\/7861181\/d\/il\/926c99\/2905001596\/il_75x75.2905001596_hp1m.jpg?version=1","url_170x135":"https:\/\/i.etsystatic.com\/7861181\/d\/il\/926c99\/2905001596\/il_170x135.2905001596_hp1m.jpg?version=1","url_570xN":"https:\/\/i.etsystatic.com\/7861181\/r\/il\/926c99\/2905001596\/il_570xN.2905001596_hp1m.jpg","url_fullxfull":"https:\/\/i.etsystatic.com\/7861181\/r\/il\/926c99\/2905001596\/il_fullxfull.2905001596_hp1m.jpg","full_height":2248,"full_width":2247},{"listing_image_id":2904606554,"hex_code":"908F86","red":144,"green":143,"blue":134,"hue":54,"saturation":6,"brightness":56,"is_black_and_white":false,"creation_tsz":1614444094,"listing_id":957136664,"rank":3,"url_75x75":"https:\/\/i.etsystatic.com\/7861181\/d\/il\/c4aea0\/2904606554\/il_75x75.2904606554_45w5.jpg?version=0","url_170x135":"https:\/\/i.etsystatic.com\/7861181\/d\/il\/c4aea0\/2904606554\/il_170x135.2904606554_45w5.jpg?version=0","url_570xN":"https:\/\/i.etsystatic.com\/7861181\/r\/il\/c4aea0\/2904606554\/il_570xN.2904606554_45w5.jpg","url_fullxfull":"https:\/\/i.etsystatic.com\/7861181\/r\/il\/c4aea0\/2904606554\/il_fullxfull.2904606554_45w5.jpg","full_height":2248,"full_width":2996},{"listing_image_id":2952689039,"hex_code":"878382","red":135,"green":131,"blue":130,"hue":12,"saturation":3,"brightness":52,"is_black_and_white":false,"creation_tsz":1614455464,"listing_id":957136664,"rank":4,"url_75x75":"https:\/\/i.etsystatic.com\/7861181\/d\/il\/a1c374\/2952689039\/il_75x75.2952689039_9104.jpg?version=1","url_170x135":"https:\/\/i.etsystatic.com\/7861181\/d\/il\/a1c374\/2952689039\/il_170x135.2952689039_9104.jpg?version=1","url_570xN":"https:\/\/i.etsystatic.com\/7861181\/r\/il\/a1c374\/2952689039\/il_570xN.2952689039_9104.jpg","url_fullxfull":"https:\/\/i.etsystatic.com\/7861181\/r\/il\/a1c374\/2952689039\/il_fullxfull.2952689039_9104.jpg","full_height":2248,"full_width":2247},{"listing_image_id":2952689659,"hex_code":"897E7F","red":137,"green":126,"blue":127,"hue":355,"saturation":8,"brightness":53,"is_black_and_white":false,"creation_tsz":1614455464,"listing_id":957136664,"rank":5,"url_75x75":"https:\/\/i.etsystatic.com\/7861181\/d\/il\/2091c0\/2952689659\/il_75x75.2952689659_qqcc.jpg?version=1","url_170x135":"https:\/\/i.etsystatic.com\/7861181\/d\/il\/2091c0\/2952689659\/il_170x135.2952689659_qqcc.jpg?version=1","url_570xN":"https:\/\/i.etsystatic.com\/7861181\/r\/il\/2091c0\/2952689659\/il_570xN.2952689659_qqcc.jpg","url_fullxfull":"https:\/\/i.etsystatic.com\/7861181\/r\/il\/2091c0\/2952689659\/il_fullxfull.2952689659_qqcc.jpg","full_height":2248,"full_width":2247},{"listing_image_id":2905003716,"hex_code":"898B87","red":137,"green":139,"blue":135,"hue":90,"saturation":2,"brightness":54,"is_black_and_white":false,"creation_tsz":1614455464,"listing_id":957136664,"rank":6,"url_75x75":"https:\/\/i.etsystatic.com\/7861181\/d\/il\/c21d77\/2905003716\/il_75x75.2905003716_tuk7.jpg?version=1","url_170x135":"https:\/\/i.etsystatic.com\/7861181\/d\/il\/c21d77\/2905003716\/il_170x135.2905003716_tuk7.jpg?version=1","url_570xN":"https:\/\/i.etsystatic.com\/7861181\/r\/il\/c21d77\/2905003716\/il_570xN.2905003716_tuk7.jpg","url_fullxfull":"https:\/\/i.etsystatic.com\/7861181\/r\/il\/c21d77\/2905003716\/il_fullxfull.2905003716_tuk7.jpg","full_height":1998,"full_width":2996},{"listing_image_id":2904606366,"hex_code":"928F8C","red":146,"green":143,"blue":140,"hue":30,"saturation":4,"brightness":57,"is_black_and_white":false,"creation_tsz":1614444094,"listing_id":957136664,"rank":7,"url_75x75":"https:\/\/i.etsystatic.com\/7861181\/d\/il\/01f724\/2904606366\/il_75x75.2904606366_s52t.jpg?version=0","url_170x135":"https:\/\/i.etsystatic.com\/7861181\/d\/il\/01f724\/2904606366\/il_170x135.2904606366_s52t.jpg?version=0","url_570xN":"https:\/\/i.etsystatic.com\/7861181\/r\/il\/01f724\/2904606366\/il_570xN.2904606366_s52t.jpg","url_fullxfull":"https:\/\/i.etsystatic.com\/7861181\/r\/il\/01f724\/2904606366\/il_fullxfull.2904606366_s52t.jpg","full_height":2248,"full_width":2996},{"listing_image_id":2952293725,"hex_code":"9B8278","red":155,"green":130,"blue":120,"hue":17,"saturation":22,"brightness":60,"is_black_and_white":false,"creation_tsz":1614444094,"listing_id":957136664,"rank":8,"url_75x75":"https:\/\/i.etsystatic.com\/7861181\/d\/il\/0e3dd8\/2952293725\/il_75x75.2952293725_c130.jpg?version=0","url_170x135":"https:\/\/i.etsystatic.com\/7861181\/d\/il\/0e3dd8\/2952293725\/il_170x135.2952293725_c130.jpg?version=0","url_570xN":"https:\/\/i.etsystatic.com\/7861181\/r\/il\/0e3dd8\/2952293725\/il_570xN.2952293725_c130.jpg","url_fullxfull":"https:\/\/i.etsystatic.com\/7861181\/r\/il\/0e3dd8\/2952293725\/il_fullxfull.2952293725_c130.jpg","full_height":2248,"full_width":2996},{"listing_image_id":2952691213,"hex_code":"9A9991","red":154,"green":153,"blue":145,"hue":53,"saturation":5,"brightness":60,"is_black_and_white":false,"creation_tsz":1614455464,"listing_id":957136664,"rank":9,"url_75x75":"https:\/\/i.etsystatic.com\/7861181\/d\/il\/388f8e\/2952691213\/il_75x75.2952691213_dxqv.jpg?version=1","url_170x135":"https:\/\/i.etsystatic.com\/7861181\/d\/il\/388f8e\/2952691213\/il_170x135.2952691213_dxqv.jpg?version=1","url_570xN":"https:\/\/i.etsystatic.com\/7861181\/r\/il\/388f8e\/2952691213\/il_570xN.2952691213_dxqv.jpg","url_fullxfull":"https:\/\/i.etsystatic.com\/7861181\/r\/il\/388f8e\/2952691213\/il_fullxfull.2952691213_dxqv.jpg","full_height":2248,"full_width":2996},{"listing_image_id":2905005302,"hex_code":"807C79","red":128,"green":124,"blue":121,"hue":26,"saturation":5,"brightness":50,"is_black_and_white":false,"creation_tsz":1614455464,"listing_id":957136664,"rank":10,"url_75x75":"https:\/\/i.etsystatic.com\/7861181\/d\/il\/b28c67\/2905005302\/il_75x75.2905005302_o11d.jpg?version=1","url_170x135":"https:\/\/i.etsystatic.com\/7861181\/d\/il\/b28c67\/2905005302\/il_170x135.2905005302_o11d.jpg?version=1","url_570xN":"https:\/\/i.etsystatic.com\/7861181\/r\/il\/b28c67\/2905005302\/il_570xN.2905005302_o11d.jpg","url_fullxfull":"https:\/\/i.etsystatic.com\/7861181\/r\/il\/b28c67\/2905005302\/il_fullxfull.2905005302_o11d.jpg","full_height":2248,"full_width":2247}],"params":{"listing_id":"957136664"},"type":"ListingImage","pagination":{}}