{"count":5,"results":[{"listing_image_id":2903356809,"hex_code":"B5AA94","red":181,"green":170,"blue":148,"hue":40,"saturation":18,"brightness":70,"is_black_and_white":false,"creation_tsz":1612735492,"listing_id":944693102,"rank":1,"url_75x75":"https:\/\/i.etsystatic.com\/25541713\/d\/il\/6262fb\/2903356809\/il_75x75.2903356809_i41o.jpg?version=0","url_170x135":"https:\/\/i.etsystatic.com\/25541713\/d\/il\/6262fb\/2903356809\/il_170x135.2903356809_i41o.jpg?version=0","url_570xN":"https:\/\/i.etsystatic.com\/25541713\/r\/il\/6262fb\/2903356809\/il_570xN.2903356809_i41o.jpg","url_fullxfull":"https:\/\/i.etsystatic.com\/25541713\/r\/il\/6262fb\/2903356809\/il_fullxfull.2903356809_i41o.jpg","full_height":2992,"full_width":2244},{"listing_image_id":2855689988,"hex_code":"A59780","red":165,"green":151,"blue":128,"hue":37,"saturation":22,"brightness":64,"is_black_and_white":false,"creation_tsz":1612735492,"listing_id":944693102,"rank":2,"url_75x75":"https:\/\/i.etsystatic.com\/25541713\/d\/il\/69c9d4\/2855689988\/il_75x75.2855689988_ei7a.jpg?version=0","url_170x135":"https:\/\/i.etsystatic.com\/25541713\/d\/il\/69c9d4\/2855689988\/il_170x135.2855689988_ei7a.jpg?version=0","url_570xN":"https:\/\/i.etsystatic.com\/25541713\/r\/il\/69c9d4\/2855689988\/il_570xN.2855689988_ei7a.jpg","url_fullxfull":"https:\/\/i.etsystatic.com\/25541713\/r\/il\/69c9d4\/2855689988\/il_fullxfull.2855689988_ei7a.jpg","full_height":2992,"full_width":2244},{"listing_image_id":2903356827,"hex_code":"978A76","red":151,"green":138,"blue":118,"hue":36,"saturation":21,"brightness":59,"is_black_and_white":false,"creation_tsz":1612735492,"listing_id":944693102,"rank":3,"url_75x75":"https:\/\/i.etsystatic.com\/25541713\/d\/il\/3449d9\/2903356827\/il_75x75.2903356827_qrkd.jpg?version=0","url_170x135":"https:\/\/i.etsystatic.com\/25541713\/d\/il\/3449d9\/2903356827\/il_170x135.2903356827_qrkd.jpg?version=0","url_570xN":"https:\/\/i.etsystatic.com\/25541713\/r\/il\/3449d9\/2903356827\/il_570xN.2903356827_qrkd.jpg","url_fullxfull":"https:\/\/i.etsystatic.com\/25541713\/r\/il\/3449d9\/2903356827\/il_fullxfull.2903356827_qrkd.jpg","full_height":2992,"full_width":2244},{"listing_image_id":2903357031,"hex_code":"8D8775","red":141,"green":135,"blue":117,"hue":45,"saturation":17,"brightness":55,"is_black_and_white":false,"creation_tsz":1612735492,"listing_id":944693102,"rank":4,"url_75x75":"https:\/\/i.etsystatic.com\/25541713\/d\/il\/ae3184\/2903357031\/il_75x75.2903357031_dwur.jpg?version=0","url_170x135":"https:\/\/i.etsystatic.com\/25541713\/d\/il\/ae3184\/2903357031\/il_170x135.2903357031_dwur.jpg?version=0","url_570xN":"https:\/\/i.etsystatic.com\/25541713\/r\/il\/ae3184\/2903357031\/il_570xN.2903357031_dwur.jpg","url_fullxfull":"https:\/\/i.etsystatic.com\/25541713\/r\/il\/ae3184\/2903357031\/il_fullxfull.2903357031_dwur.jpg","full_height":2992,"full_width":2244},{"listing_image_id":2855690194,"hex_code":"A29884","red":162,"green":152,"blue":132,"hue":40,"saturation":18,"brightness":63,"is_black_and_white":false,"creation_tsz":1612735492,"listing_id":944693102,"rank":5,"url_75x75":"https:\/\/i.etsystatic.com\/25541713\/d\/il\/921518\/2855690194\/il_75x75.2855690194_49ee.jpg?version=0","url_170x135":"https:\/\/i.etsystatic.com\/25541713\/d\/il\/921518\/2855690194\/il_170x135.2855690194_49ee.jpg?version=0","url_570xN":"https:\/\/i.etsystatic.com\/25541713\/r\/il\/921518\/2855690194\/il_570xN.2855690194_49ee.jpg","url_fullxfull":"https:\/\/i.etsystatic.com\/25541713\/r\/il\/921518\/2855690194\/il_fullxfull.2855690194_49ee.jpg","full_height":2992,"full_width":2244}],"params":{"listing_id":"944693102"},"type":"ListingImage","pagination":{}}