{"count":2,"results":[{"listing_image_id":2954419441,"hex_code":"ADABA4","red":173,"green":171,"blue":164,"hue":47,"saturation":5,"brightness":67,"is_black_and_white":false,"creation_tsz":1614527790,"listing_id":957683238,"rank":1,"url_75x75":"https:\/\/i.etsystatic.com\/5397854\/d\/il\/22d895\/2954419441\/il_75x75.2954419441_dmyi.jpg?version=0","url_170x135":"https:\/\/i.etsystatic.com\/5397854\/d\/il\/22d895\/2954419441\/il_170x135.2954419441_dmyi.jpg?version=0","url_570xN":"https:\/\/i.etsystatic.com\/5397854\/r\/il\/22d895\/2954419441\/il_570xN.2954419441_dmyi.jpg","url_fullxfull":"https:\/\/i.etsystatic.com\/5397854\/r\/il\/22d895\/2954419441\/il_fullxfull.2954419441_dmyi.jpg","full_height":600,"full_width":800},{"listing_image_id":2902755636,"hex_code":"C9D6D6","red":201,"green":214,"blue":214,"hue":180,"saturation":6,"brightness":83,"is_black_and_white":false,"creation_tsz":1614527790,"listing_id":957683238,"rank":2,"url_75x75":"https:\/\/i.etsystatic.com\/5397854\/d\/il\/9878fa\/2902755636\/il_75x75.2902755636_4cd8.jpg?version=0","url_170x135":"https:\/\/i.etsystatic.com\/5397854\/d\/il\/9878fa\/2902755636\/il_170x135.2902755636_4cd8.jpg?version=0","url_570xN":"https:\/\/i.etsystatic.com\/5397854\/r\/il\/9878fa\/2902755636\/il_570xN.2902755636_4cd8.jpg","url_fullxfull":"https:\/\/i.etsystatic.com\/5397854\/r\/il\/9878fa\/2902755636\/il_fullxfull.2902755636_4cd8.jpg","full_height":3000,"full_width":3000}],"params":{"listing_id":"957683238"},"type":"ListingImage","pagination":{}}