{"count":5,"results":[{"listing_image_id":2947945406,"hex_code":"9E9588","red":158,"green":149,"blue":136,"hue":35,"saturation":13,"brightness":61,"is_black_and_white":false,"creation_tsz":1615981084,"listing_id":982701241,"rank":1,"url_75x75":"https:\/\/i.etsystatic.com\/26830775\/d\/il\/bea588\/2947945406\/il_75x75.2947945406_o3dg.jpg?version=0","url_170x135":"https:\/\/i.etsystatic.com\/26830775\/d\/il\/bea588\/2947945406\/il_170x135.2947945406_o3dg.jpg?version=0","url_570xN":"https:\/\/i.etsystatic.com\/26830775\/r\/il\/bea588\/2947945406\/il_570xN.2947945406_o3dg.jpg","url_fullxfull":"https:\/\/i.etsystatic.com\/26830775\/r\/il\/bea588\/2947945406\/il_fullxfull.2947945406_o3dg.jpg","full_height":2832,"full_width":2176},{"listing_image_id":2947945882,"hex_code":"A59885","red":165,"green":152,"blue":133,"hue":36,"saturation":19,"brightness":64,"is_black_and_white":false,"creation_tsz":1615981084,"listing_id":982701241,"rank":2,"url_75x75":"https:\/\/i.etsystatic.com\/26830775\/d\/il\/490b5c\/2947945882\/il_75x75.2947945882_mri2.jpg?version=0","url_170x135":"https:\/\/i.etsystatic.com\/26830775\/d\/il\/490b5c\/2947945882\/il_170x135.2947945882_mri2.jpg?version=0","url_570xN":"https:\/\/i.etsystatic.com\/26830775\/r\/il\/490b5c\/2947945882\/il_570xN.2947945882_mri2.jpg","url_fullxfull":"https:\/\/i.etsystatic.com\/26830775\/r\/il\/490b5c\/2947945882\/il_fullxfull.2947945882_mri2.jpg","full_height":2310,"full_width":3000},{"listing_image_id":2947946206,"hex_code":"BEB69C","red":190,"green":182,"blue":156,"hue":46,"saturation":17,"brightness":74,"is_black_and_white":false,"creation_tsz":1615981084,"listing_id":982701241,"rank":3,"url_75x75":"https:\/\/i.etsystatic.com\/26830775\/d\/il\/cf62f0\/2947946206\/il_75x75.2947946206_4al6.jpg?version=0","url_170x135":"https:\/\/i.etsystatic.com\/26830775\/d\/il\/cf62f0\/2947946206\/il_170x135.2947946206_4al6.jpg?version=0","url_570xN":"https:\/\/i.etsystatic.com\/26830775\/r\/il\/cf62f0\/2947946206\/il_570xN.2947946206_4al6.jpg","url_fullxfull":"https:\/\/i.etsystatic.com\/26830775\/r\/il\/cf62f0\/2947946206\/il_fullxfull.2947946206_4al6.jpg","full_height":2063,"full_width":3000},{"listing_image_id":2942547664,"hex_code":"915C7B","red":145,"green":92,"blue":123,"hue":325,"saturation":36,"brightness":56,"is_black_and_white":false,"creation_tsz":1615981084,"listing_id":982701241,"rank":4,"url_75x75":"https:\/\/i.etsystatic.com\/26830775\/d\/il\/2f1d8d\/2942547664\/il_75x75.2942547664_c6zg.jpg?version=0","url_170x135":"https:\/\/i.etsystatic.com\/26830775\/d\/il\/2f1d8d\/2942547664\/il_170x135.2942547664_c6zg.jpg?version=0","url_570xN":"https:\/\/i.etsystatic.com\/26830775\/r\/il\/2f1d8d\/2942547664\/il_570xN.2942547664_c6zg.jpg","url_fullxfull":"https:\/\/i.etsystatic.com\/26830775\/r\/il\/2f1d8d\/2942547664\/il_fullxfull.2942547664_c6zg.jpg","full_height":2230,"full_width":3000},{"listing_image_id":2995645927,"hex_code":"B5A68E","red":181,"green":166,"blue":142,"hue":37,"saturation":21,"brightness":70,"is_black_and_white":false,"creation_tsz":1615981084,"listing_id":982701241,"rank":5,"url_75x75":"https:\/\/i.etsystatic.com\/26830775\/d\/il\/25e896\/2995645927\/il_75x75.2995645927_1kvh.jpg?version=0","url_170x135":"https:\/\/i.etsystatic.com\/26830775\/d\/il\/25e896\/2995645927\/il_170x135.2995645927_1kvh.jpg?version=0","url_570xN":"https:\/\/i.etsystatic.com\/26830775\/r\/il\/25e896\/2995645927\/il_570xN.2995645927_1kvh.jpg","url_fullxfull":"https:\/\/i.etsystatic.com\/26830775\/r\/il\/25e896\/2995645927\/il_fullxfull.2995645927_1kvh.jpg","full_height":2220,"full_width":3000}],"params":{"listing_id":"982701241"},"type":"ListingImage","pagination":{}}