{"count":7,"results":[{"listing_image_id":2942306948,"hex_code":"261D1A","red":38,"green":29,"blue":26,"hue":15,"saturation":31,"brightness":14,"is_black_and_white":false,"creation_tsz":1615786415,"listing_id":967227932,"rank":1,"url_75x75":"https:\/\/i.etsystatic.com\/24697285\/c\/2433\/1933\/0\/519\/il\/17b524\/2942306948\/il_75x75.2942306948_mslc.jpg","url_170x135":"https:\/\/i.etsystatic.com\/24697285\/c\/2433\/1933\/0\/519\/il\/17b524\/2942306948\/il_170x135.2942306948_mslc.jpg","url_570xN":"https:\/\/i.etsystatic.com\/24697285\/r\/il\/17b524\/2942306948\/il_570xN.2942306948_mslc.jpg","url_fullxfull":"https:\/\/i.etsystatic.com\/24697285\/r\/il\/17b524\/2942306948\/il_fullxfull.2942306948_mslc.jpg","full_height":3000,"full_width":2433},{"listing_image_id":2942328484,"hex_code":"3F3224","red":63,"green":50,"blue":36,"hue":31,"saturation":42,"brightness":24,"is_black_and_white":false,"creation_tsz":1615786415,"listing_id":967227932,"rank":2,"url_75x75":"https:\/\/i.etsystatic.com\/24697285\/d\/il\/249128\/2942328484\/il_75x75.2942328484_jl1s.jpg?version=0","url_170x135":"https:\/\/i.etsystatic.com\/24697285\/d\/il\/249128\/2942328484\/il_170x135.2942328484_jl1s.jpg?version=0","url_570xN":"https:\/\/i.etsystatic.com\/24697285\/r\/il\/249128\/2942328484\/il_570xN.2942328484_jl1s.jpg","url_fullxfull":"https:\/\/i.etsystatic.com\/24697285\/r\/il\/249128\/2942328484\/il_fullxfull.2942328484_jl1s.jpg","full_height":2250,"full_width":3000},{"listing_image_id":2990016861,"hex_code":"251F1B","red":37,"green":31,"blue":27,"hue":24,"saturation":27,"brightness":14,"is_black_and_white":false,"creation_tsz":1615786415,"listing_id":967227932,"rank":3,"url_75x75":"https:\/\/i.etsystatic.com\/24697285\/d\/il\/84c3ce\/2990016861\/il_75x75.2990016861_jc9y.jpg?version=0","url_170x135":"https:\/\/i.etsystatic.com\/24697285\/d\/il\/84c3ce\/2990016861\/il_170x135.2990016861_jc9y.jpg?version=0","url_570xN":"https:\/\/i.etsystatic.com\/24697285\/r\/il\/84c3ce\/2990016861\/il_570xN.2990016861_jc9y.jpg","url_fullxfull":"https:\/\/i.etsystatic.com\/24697285\/r\/il\/84c3ce\/2990016861\/il_fullxfull.2990016861_jc9y.jpg","full_height":3000,"full_width":2370},{"listing_image_id":2990020021,"hex_code":"443733","red":68,"green":55,"blue":51,"hue":14,"saturation":25,"brightness":26,"is_black_and_white":false,"creation_tsz":1615786415,"listing_id":967227932,"rank":4,"url_75x75":"https:\/\/i.etsystatic.com\/24697285\/d\/il\/f51935\/2990020021\/il_75x75.2990020021_nguf.jpg?version=0","url_170x135":"https:\/\/i.etsystatic.com\/24697285\/d\/il\/f51935\/2990020021\/il_170x135.2990020021_nguf.jpg?version=0","url_570xN":"https:\/\/i.etsystatic.com\/24697285\/r\/il\/f51935\/2990020021\/il_570xN.2990020021_nguf.jpg","url_fullxfull":"https:\/\/i.etsystatic.com\/24697285\/r\/il\/f51935\/2990020021\/il_fullxfull.2990020021_nguf.jpg","full_height":3000,"full_width":2362},{"listing_image_id":2990068271,"hex_code":"857F76","red":133,"green":127,"blue":118,"hue":36,"saturation":11,"brightness":52,"is_black_and_white":false,"creation_tsz":1615786415,"listing_id":967227932,"rank":5,"url_75x75":"https:\/\/i.etsystatic.com\/24697285\/d\/il\/ee5fa1\/2990068271\/il_75x75.2990068271_91zc.jpg?version=0","url_170x135":"https:\/\/i.etsystatic.com\/24697285\/d\/il\/ee5fa1\/2990068271\/il_170x135.2990068271_91zc.jpg?version=0","url_570xN":"https:\/\/i.etsystatic.com\/24697285\/r\/il\/ee5fa1\/2990068271\/il_570xN.2990068271_91zc.jpg","url_fullxfull":"https:\/\/i.etsystatic.com\/24697285\/r\/il\/ee5fa1\/2990068271\/il_fullxfull.2990068271_91zc.jpg","full_height":1242,"full_width":2208},{"listing_image_id":2942326676,"hex_code":"644433","red":100,"green":68,"blue":51,"hue":21,"saturation":49,"brightness":39,"is_black_and_white":false,"creation_tsz":1615786415,"listing_id":967227932,"rank":6,"url_75x75":"https:\/\/i.etsystatic.com\/24697285\/d\/il\/9b27d6\/2942326676\/il_75x75.2942326676_8lo7.jpg?version=0","url_170x135":"https:\/\/i.etsystatic.com\/24697285\/d\/il\/9b27d6\/2942326676\/il_170x135.2942326676_8lo7.jpg?version=0","url_570xN":"https:\/\/i.etsystatic.com\/24697285\/r\/il\/9b27d6\/2942326676\/il_570xN.2942326676_8lo7.jpg","url_fullxfull":"https:\/\/i.etsystatic.com\/24697285\/r\/il\/9b27d6\/2942326676\/il_fullxfull.2942326676_8lo7.jpg","full_height":3000,"full_width":2250},{"listing_image_id":2942327416,"hex_code":"9A8B76","red":154,"green":139,"blue":118,"hue":35,"saturation":23,"brightness":60,"is_black_and_white":false,"creation_tsz":1615786415,"listing_id":967227932,"rank":7,"url_75x75":"https:\/\/i.etsystatic.com\/24697285\/d\/il\/dad61b\/2942327416\/il_75x75.2942327416_snjo.jpg?version=0","url_170x135":"https:\/\/i.etsystatic.com\/24697285\/d\/il\/dad61b\/2942327416\/il_170x135.2942327416_snjo.jpg?version=0","url_570xN":"https:\/\/i.etsystatic.com\/24697285\/r\/il\/dad61b\/2942327416\/il_570xN.2942327416_snjo.jpg","url_fullxfull":"https:\/\/i.etsystatic.com\/24697285\/r\/il\/dad61b\/2942327416\/il_fullxfull.2942327416_snjo.jpg","full_height":3000,"full_width":2250}],"params":{"listing_id":"967227932"},"type":"ListingImage","pagination":{}}