{"count":3,"results":[{"listing_image_id":2993515679,"hex_code":"888985","red":136,"green":137,"blue":133,"hue":75,"saturation":2,"brightness":53,"is_black_and_white":false,"creation_tsz":1615908147,"listing_id":982105587,"rank":1,"url_75x75":"https:\/\/i.etsystatic.com\/16089479\/d\/il\/1e2abf\/2993515679\/il_75x75.2993515679_5q8l.jpg?version=0","url_170x135":"https:\/\/i.etsystatic.com\/16089479\/d\/il\/1e2abf\/2993515679\/il_170x135.2993515679_5q8l.jpg?version=0","url_570xN":"https:\/\/i.etsystatic.com\/16089479\/r\/il\/1e2abf\/2993515679\/il_570xN.2993515679_5q8l.jpg","url_fullxfull":"https:\/\/i.etsystatic.com\/16089479\/r\/il\/1e2abf\/2993515679\/il_fullxfull.2993515679_5q8l.jpg","full_height":1936,"full_width":1936},{"listing_image_id":2993568321,"hex_code":"D0B8C7","red":208,"green":184,"blue":199,"hue":322,"saturation":11,"brightness":81,"is_black_and_white":false,"creation_tsz":1615909550,"listing_id":982105587,"rank":2,"url_75x75":"https:\/\/i.etsystatic.com\/16089479\/d\/il\/a9a266\/2993568321\/il_75x75.2993568321_48fu.jpg?version=0","url_170x135":"https:\/\/i.etsystatic.com\/16089479\/d\/il\/a9a266\/2993568321\/il_170x135.2993568321_48fu.jpg?version=0","url_570xN":"https:\/\/i.etsystatic.com\/16089479\/r\/il\/a9a266\/2993568321\/il_570xN.2993568321_48fu.jpg","url_fullxfull":"https:\/\/i.etsystatic.com\/16089479\/r\/il\/a9a266\/2993568321\/il_fullxfull.2993568321_48fu.jpg","full_height":2000,"full_width":3000},{"listing_image_id":2780554447,"hex_code":"987173","red":152,"green":113,"blue":115,"hue":357,"saturation":25,"brightness":59,"is_black_and_white":false,"creation_tsz":1615908020,"listing_id":982105587,"rank":3,"url_75x75":"https:\/\/i.etsystatic.com\/16089479\/d\/il\/ebefb1\/2780554447\/il_75x75.2780554447_fva7.jpg?version=0","url_170x135":"https:\/\/i.etsystatic.com\/16089479\/d\/il\/ebefb1\/2780554447\/il_170x135.2780554447_fva7.jpg?version=0","url_570xN":"https:\/\/i.etsystatic.com\/16089479\/r\/il\/ebefb1\/2780554447\/il_570xN.2780554447_fva7.jpg","url_fullxfull":"https:\/\/i.etsystatic.com\/16089479\/r\/il\/ebefb1\/2780554447\/il_fullxfull.2780554447_fva7.jpg","full_height":1102,"full_width":1096}],"params":{"listing_id":"982105587"},"type":"ListingImage","pagination":{}}