{"count":2,"results":[{"listing_image_id":2789344546,"hex_code":"888378","red":136,"green":131,"blue":120,"hue":41,"saturation":11,"brightness":53,"is_black_and_white":false,"creation_tsz":1610479937,"listing_id":941168655,"rank":1,"url_75x75":"https:\/\/i.etsystatic.com\/24400003\/d\/il\/b43af4\/2789344546\/il_75x75.2789344546_1iuq.jpg?version=0","url_170x135":"https:\/\/i.etsystatic.com\/24400003\/d\/il\/b43af4\/2789344546\/il_170x135.2789344546_1iuq.jpg?version=0","url_570xN":"https:\/\/i.etsystatic.com\/24400003\/r\/il\/b43af4\/2789344546\/il_570xN.2789344546_1iuq.jpg","url_fullxfull":"https:\/\/i.etsystatic.com\/24400003\/r\/il\/b43af4\/2789344546\/il_fullxfull.2789344546_1iuq.jpg","full_height":1833,"full_width":3000},{"listing_image_id":2837018275,"hex_code":"92887A","red":146,"green":136,"blue":122,"hue":35,"saturation":16,"brightness":57,"is_black_and_white":false,"creation_tsz":1610479937,"listing_id":941168655,"rank":2,"url_75x75":"https:\/\/i.etsystatic.com\/24400003\/d\/il\/c37ab3\/2837018275\/il_75x75.2837018275_6eax.jpg?version=0","url_170x135":"https:\/\/i.etsystatic.com\/24400003\/d\/il\/c37ab3\/2837018275\/il_170x135.2837018275_6eax.jpg?version=0","url_570xN":"https:\/\/i.etsystatic.com\/24400003\/r\/il\/c37ab3\/2837018275\/il_570xN.2837018275_6eax.jpg","url_fullxfull":"https:\/\/i.etsystatic.com\/24400003\/r\/il\/c37ab3\/2837018275\/il_fullxfull.2837018275_6eax.jpg","full_height":2250,"full_width":3000}],"params":{"listing_id":"941168655"},"type":"ListingImage","pagination":{}}