{"count":7,"results":[{"listing_image_id":2905384867,"hex_code":"D0C0CC","red":208,"green":192,"blue":204,"hue":315,"saturation":7,"brightness":81,"is_black_and_white":false,"creation_tsz":1612809455,"listing_id":959151129,"rank":1,"url_75x75":"https:\/\/i.etsystatic.com\/21012964\/d\/il\/17a85f\/2905384867\/il_75x75.2905384867_kbzk.jpg?version=0","url_170x135":"https:\/\/i.etsystatic.com\/21012964\/d\/il\/17a85f\/2905384867\/il_170x135.2905384867_kbzk.jpg?version=0","url_570xN":"https:\/\/i.etsystatic.com\/21012964\/r\/il\/17a85f\/2905384867\/il_570xN.2905384867_kbzk.jpg","url_fullxfull":"https:\/\/i.etsystatic.com\/21012964\/r\/il\/17a85f\/2905384867\/il_fullxfull.2905384867_kbzk.jpg","full_height":1000,"full_width":1000},{"listing_image_id":2857715216,"hex_code":"9A8880","red":154,"green":136,"blue":128,"hue":18,"saturation":16,"brightness":60,"is_black_and_white":false,"creation_tsz":1612809453,"listing_id":959151129,"rank":2,"url_75x75":"https:\/\/i.etsystatic.com\/21012964\/d\/il\/d761d8\/2857715216\/il_75x75.2857715216_qq26.jpg?version=0","url_170x135":"https:\/\/i.etsystatic.com\/21012964\/d\/il\/d761d8\/2857715216\/il_170x135.2857715216_qq26.jpg?version=0","url_570xN":"https:\/\/i.etsystatic.com\/21012964\/r\/il\/d761d8\/2857715216\/il_570xN.2857715216_qq26.jpg","url_fullxfull":"https:\/\/i.etsystatic.com\/21012964\/r\/il\/d761d8\/2857715216\/il_fullxfull.2857715216_qq26.jpg","full_height":1000,"full_width":1000},{"listing_image_id":2857715118,"hex_code":"CB9998","red":203,"green":153,"blue":152,"hue":1,"saturation":25,"brightness":79,"is_black_and_white":false,"creation_tsz":1612809451,"listing_id":959151129,"rank":3,"url_75x75":"https:\/\/i.etsystatic.com\/21012964\/d\/il\/2f19cc\/2857715118\/il_75x75.2857715118_1pj4.jpg?version=0","url_170x135":"https:\/\/i.etsystatic.com\/21012964\/d\/il\/2f19cc\/2857715118\/il_170x135.2857715118_1pj4.jpg?version=0","url_570xN":"https:\/\/i.etsystatic.com\/21012964\/r\/il\/2f19cc\/2857715118\/il_570xN.2857715118_1pj4.jpg","url_fullxfull":"https:\/\/i.etsystatic.com\/21012964\/r\/il\/2f19cc\/2857715118\/il_fullxfull.2857715118_1pj4.jpg","full_height":1000,"full_width":1000},{"listing_image_id":2905384591,"hex_code":"9FA986","red":159,"green":169,"blue":134,"hue":77,"saturation":20,"brightness":66,"is_black_and_white":false,"creation_tsz":1612809449,"listing_id":959151129,"rank":4,"url_75x75":"https:\/\/i.etsystatic.com\/21012964\/d\/il\/c9e2be\/2905384591\/il_75x75.2905384591_21mh.jpg?version=0","url_170x135":"https:\/\/i.etsystatic.com\/21012964\/d\/il\/c9e2be\/2905384591\/il_170x135.2905384591_21mh.jpg?version=0","url_570xN":"https:\/\/i.etsystatic.com\/21012964\/r\/il\/c9e2be\/2905384591\/il_570xN.2905384591_21mh.jpg","url_fullxfull":"https:\/\/i.etsystatic.com\/21012964\/r\/il\/c9e2be\/2905384591\/il_fullxfull.2905384591_21mh.jpg","full_height":1000,"full_width":1000},{"listing_image_id":2905384467,"hex_code":"E6D0D0","red":230,"green":208,"blue":208,"hue":0,"saturation":9,"brightness":90,"is_black_and_white":false,"creation_tsz":1612809446,"listing_id":959151129,"rank":5,"url_75x75":"https:\/\/i.etsystatic.com\/21012964\/d\/il\/858682\/2905384467\/il_75x75.2905384467_s87g.jpg?version=0","url_170x135":"https:\/\/i.etsystatic.com\/21012964\/d\/il\/858682\/2905384467\/il_170x135.2905384467_s87g.jpg?version=0","url_570xN":"https:\/\/i.etsystatic.com\/21012964\/r\/il\/858682\/2905384467\/il_570xN.2905384467_s87g.jpg","url_fullxfull":"https:\/\/i.etsystatic.com\/21012964\/r\/il\/858682\/2905384467\/il_fullxfull.2905384467_s87g.jpg","full_height":1000,"full_width":1000},{"listing_image_id":2905386287,"hex_code":"A2A0A0","red":162,"green":160,"blue":160,"hue":0,"saturation":1,"brightness":63,"is_black_and_white":false,"creation_tsz":1612809783,"listing_id":959151129,"rank":6,"url_75x75":"https:\/\/i.etsystatic.com\/21012964\/d\/il\/7dbe51\/2905386287\/il_75x75.2905386287_errz.jpg?version=0","url_170x135":"https:\/\/i.etsystatic.com\/21012964\/d\/il\/7dbe51\/2905386287\/il_170x135.2905386287_errz.jpg?version=0","url_570xN":"https:\/\/i.etsystatic.com\/21012964\/r\/il\/7dbe51\/2905386287\/il_570xN.2905386287_errz.jpg","url_fullxfull":"https:\/\/i.etsystatic.com\/21012964\/r\/il\/7dbe51\/2905386287\/il_fullxfull.2905386287_errz.jpg","full_height":1100,"full_width":2200},{"listing_image_id":2857714784,"hex_code":"979797","red":151,"green":151,"blue":151,"hue":0,"saturation":0,"brightness":59,"is_black_and_white":null,"creation_tsz":1612809444,"listing_id":959151129,"rank":7,"url_75x75":"https:\/\/i.etsystatic.com\/21012964\/d\/il\/5a19c5\/2857714784\/il_75x75.2857714784_fj7w.jpg?version=0","url_170x135":"https:\/\/i.etsystatic.com\/21012964\/d\/il\/5a19c5\/2857714784\/il_170x135.2857714784_fj7w.jpg?version=0","url_570xN":"https:\/\/i.etsystatic.com\/21012964\/r\/il\/5a19c5\/2857714784\/il_570xN.2857714784_fj7w.jpg","url_fullxfull":"https:\/\/i.etsystatic.com\/21012964\/r\/il\/5a19c5\/2857714784\/il_fullxfull.2857714784_fj7w.jpg","full_height":1000,"full_width":1000}],"params":{"listing_id":"959151129"},"type":"ListingImage","pagination":{}}