{"count":6,"results":[{"listing_image_id":2899578898,"hex_code":"B7988B","red":183,"green":152,"blue":139,"hue":18,"saturation":24,"brightness":71,"is_black_and_white":false,"creation_tsz":1614270033,"listing_id":969818575,"rank":1,"url_75x75":"https:\/\/i.etsystatic.com\/20626571\/c\/2000\/1589\/0\/94\/il\/38c7a4\/2899578898\/il_75x75.2899578898_shhe.jpg","url_170x135":"https:\/\/i.etsystatic.com\/20626571\/c\/2000\/1589\/0\/94\/il\/38c7a4\/2899578898\/il_170x135.2899578898_shhe.jpg","url_570xN":"https:\/\/i.etsystatic.com\/20626571\/r\/il\/38c7a4\/2899578898\/il_570xN.2899578898_shhe.jpg","url_fullxfull":"https:\/\/i.etsystatic.com\/20626571\/r\/il\/38c7a4\/2899578898\/il_fullxfull.2899578898_shhe.jpg","full_height":2000,"full_width":2000},{"listing_image_id":2899578628,"hex_code":"B49B8D","red":180,"green":155,"blue":141,"hue":22,"saturation":21,"brightness":70,"is_black_and_white":false,"creation_tsz":1614270033,"listing_id":969818575,"rank":2,"url_75x75":"https:\/\/i.etsystatic.com\/20626571\/d\/il\/46c361\/2899578628\/il_75x75.2899578628_jg0l.jpg?version=0","url_170x135":"https:\/\/i.etsystatic.com\/20626571\/d\/il\/46c361\/2899578628\/il_170x135.2899578628_jg0l.jpg?version=0","url_570xN":"https:\/\/i.etsystatic.com\/20626571\/r\/il\/46c361\/2899578628\/il_570xN.2899578628_jg0l.jpg","url_fullxfull":"https:\/\/i.etsystatic.com\/20626571\/r\/il\/46c361\/2899578628\/il_fullxfull.2899578628_jg0l.jpg","full_height":2000,"full_width":2000},{"listing_image_id":2899578666,"hex_code":"B49080","red":180,"green":144,"blue":128,"hue":18,"saturation":28,"brightness":70,"is_black_and_white":false,"creation_tsz":1614270033,"listing_id":969818575,"rank":3,"url_75x75":"https:\/\/i.etsystatic.com\/20626571\/d\/il\/60c7d0\/2899578666\/il_75x75.2899578666_fms7.jpg?version=0","url_170x135":"https:\/\/i.etsystatic.com\/20626571\/d\/il\/60c7d0\/2899578666\/il_170x135.2899578666_fms7.jpg?version=0","url_570xN":"https:\/\/i.etsystatic.com\/20626571\/r\/il\/60c7d0\/2899578666\/il_570xN.2899578666_fms7.jpg","url_fullxfull":"https:\/\/i.etsystatic.com\/20626571\/r\/il\/60c7d0\/2899578666\/il_fullxfull.2899578666_fms7.jpg","full_height":2000,"full_width":2000},{"listing_image_id":2899578670,"hex_code":"C2A599","red":194,"green":165,"blue":153,"hue":18,"saturation":21,"brightness":76,"is_black_and_white":false,"creation_tsz":1614270033,"listing_id":969818575,"rank":4,"url_75x75":"https:\/\/i.etsystatic.com\/20626571\/d\/il\/1167d7\/2899578670\/il_75x75.2899578670_14ox.jpg?version=0","url_170x135":"https:\/\/i.etsystatic.com\/20626571\/d\/il\/1167d7\/2899578670\/il_170x135.2899578670_14ox.jpg?version=0","url_570xN":"https:\/\/i.etsystatic.com\/20626571\/r\/il\/1167d7\/2899578670\/il_570xN.2899578670_14ox.jpg","url_fullxfull":"https:\/\/i.etsystatic.com\/20626571\/r\/il\/1167d7\/2899578670\/il_fullxfull.2899578670_14ox.jpg","full_height":2000,"full_width":2000},{"listing_image_id":2899578778,"hex_code":"C8ACA0","red":200,"green":172,"blue":160,"hue":18,"saturation":20,"brightness":78,"is_black_and_white":false,"creation_tsz":1614270033,"listing_id":969818575,"rank":5,"url_75x75":"https:\/\/i.etsystatic.com\/20626571\/d\/il\/ffed81\/2899578778\/il_75x75.2899578778_76ee.jpg?version=0","url_170x135":"https:\/\/i.etsystatic.com\/20626571\/d\/il\/ffed81\/2899578778\/il_170x135.2899578778_76ee.jpg?version=0","url_570xN":"https:\/\/i.etsystatic.com\/20626571\/r\/il\/ffed81\/2899578778\/il_570xN.2899578778_76ee.jpg","url_fullxfull":"https:\/\/i.etsystatic.com\/20626571\/r\/il\/ffed81\/2899578778\/il_fullxfull.2899578778_76ee.jpg","full_height":2000,"full_width":2000},{"listing_image_id":2899578824,"hex_code":"C0AEA0","red":192,"green":174,"blue":160,"hue":26,"saturation":16,"brightness":75,"is_black_and_white":false,"creation_tsz":1614270033,"listing_id":969818575,"rank":6,"url_75x75":"https:\/\/i.etsystatic.com\/20626571\/d\/il\/da1288\/2899578824\/il_75x75.2899578824_b0i1.jpg?version=0","url_170x135":"https:\/\/i.etsystatic.com\/20626571\/d\/il\/da1288\/2899578824\/il_170x135.2899578824_b0i1.jpg?version=0","url_570xN":"https:\/\/i.etsystatic.com\/20626571\/r\/il\/da1288\/2899578824\/il_570xN.2899578824_b0i1.jpg","url_fullxfull":"https:\/\/i.etsystatic.com\/20626571\/r\/il\/da1288\/2899578824\/il_fullxfull.2899578824_b0i1.jpg","full_height":2000,"full_width":2000}],"params":{"listing_id":"969818575"},"type":"ListingImage","pagination":{}}