{"count":3,"results":[{"listing_image_id":2840086900,"hex_code":"D2CFCF","red":210,"green":207,"blue":207,"hue":0,"saturation":1,"brightness":82,"is_black_and_white":false,"creation_tsz":1612216549,"listing_id":917940097,"rank":1,"url_75x75":"https:\/\/i.etsystatic.com\/19020484\/c\/1941\/1543\/8\/240\/il\/842911\/2840086900\/il_75x75.2840086900_gtig.jpg","url_170x135":"https:\/\/i.etsystatic.com\/19020484\/c\/1941\/1543\/8\/240\/il\/842911\/2840086900\/il_170x135.2840086900_gtig.jpg","url_570xN":"https:\/\/i.etsystatic.com\/19020484\/r\/il\/842911\/2840086900\/il_570xN.2840086900_gtig.jpg","url_fullxfull":"https:\/\/i.etsystatic.com\/19020484\/r\/il\/842911\/2840086900\/il_fullxfull.2840086900_gtig.jpg","full_height":2000,"full_width":2000},{"listing_image_id":2887752423,"hex_code":"A997A8","red":169,"green":151,"blue":168,"hue":303,"saturation":10,"brightness":66,"is_black_and_white":false,"creation_tsz":1612216549,"listing_id":917940097,"rank":2,"url_75x75":"https:\/\/i.etsystatic.com\/19020484\/d\/il\/d8eb67\/2887752423\/il_75x75.2887752423_tdyi.jpg?version=0","url_170x135":"https:\/\/i.etsystatic.com\/19020484\/d\/il\/d8eb67\/2887752423\/il_170x135.2887752423_tdyi.jpg?version=0","url_570xN":"https:\/\/i.etsystatic.com\/19020484\/r\/il\/d8eb67\/2887752423\/il_570xN.2887752423_tdyi.jpg","url_fullxfull":"https:\/\/i.etsystatic.com\/19020484\/r\/il\/d8eb67\/2887752423\/il_fullxfull.2887752423_tdyi.jpg","full_height":2000,"full_width":2000},{"listing_image_id":2759705787,"hex_code":"BFBEBD","red":191,"green":190,"blue":189,"hue":30,"saturation":1,"brightness":74,"is_black_and_white":false,"creation_tsz":1607107575,"listing_id":917940097,"rank":3,"url_75x75":"https:\/\/i.etsystatic.com\/19020484\/d\/il\/8f17c7\/2759705787\/il_75x75.2759705787_hv4x.jpg?version=0","url_170x135":"https:\/\/i.etsystatic.com\/19020484\/d\/il\/8f17c7\/2759705787\/il_170x135.2759705787_hv4x.jpg?version=0","url_570xN":"https:\/\/i.etsystatic.com\/19020484\/r\/il\/8f17c7\/2759705787\/il_570xN.2759705787_hv4x.jpg","url_fullxfull":"https:\/\/i.etsystatic.com\/19020484\/r\/il\/8f17c7\/2759705787\/il_fullxfull.2759705787_hv4x.jpg","full_height":540,"full_width":540}],"params":{"listing_id":"917940097"},"type":"ListingImage","pagination":{}}