{"count":10,"results":[{"listing_image_id":2902739626,"hex_code":"000000","red":0,"green":0,"blue":0,"hue":0,"saturation":0,"brightness":0,"is_black_and_white":null,"creation_tsz":1614369814,"listing_id":955392338,"rank":1,"url_75x75":"https:\/\/i.etsystatic.com\/20694446\/d\/il\/bdbcaf\/2902739626\/il_75x75.2902739626_4gao.jpg?version=0","url_170x135":"https:\/\/i.etsystatic.com\/20694446\/d\/il\/bdbcaf\/2902739626\/il_170x135.2902739626_4gao.jpg?version=0","url_570xN":"https:\/\/i.etsystatic.com\/20694446\/r\/il\/bdbcaf\/2902739626\/il_570xN.2902739626_4gao.jpg","url_fullxfull":"https:\/\/i.etsystatic.com\/20694446\/r\/il\/bdbcaf\/2902739626\/il_fullxfull.2902739626_4gao.jpg","full_height":3000,"full_width":2250},{"listing_image_id":2902740066,"hex_code":"A6A293","red":166,"green":162,"blue":147,"hue":47,"saturation":11,"brightness":65,"is_black_and_white":false,"creation_tsz":1614369814,"listing_id":955392338,"rank":2,"url_75x75":"https:\/\/i.etsystatic.com\/20694446\/d\/il\/4f7034\/2902740066\/il_75x75.2902740066_94pf.jpg?version=0","url_170x135":"https:\/\/i.etsystatic.com\/20694446\/d\/il\/4f7034\/2902740066\/il_170x135.2902740066_94pf.jpg?version=0","url_570xN":"https:\/\/i.etsystatic.com\/20694446\/r\/il\/4f7034\/2902740066\/il_570xN.2902740066_94pf.jpg","url_fullxfull":"https:\/\/i.etsystatic.com\/20694446\/r\/il\/4f7034\/2902740066\/il_fullxfull.2902740066_94pf.jpg","full_height":3000,"full_width":2250},{"listing_image_id":2902741960,"hex_code":"000000","red":0,"green":0,"blue":0,"hue":0,"saturation":0,"brightness":0,"is_black_and_white":null,"creation_tsz":1614369814,"listing_id":955392338,"rank":3,"url_75x75":"https:\/\/i.etsystatic.com\/20694446\/d\/il\/969c52\/2902741960\/il_75x75.2902741960_cnlq.jpg?version=0","url_170x135":"https:\/\/i.etsystatic.com\/20694446\/d\/il\/969c52\/2902741960\/il_170x135.2902741960_cnlq.jpg?version=0","url_570xN":"https:\/\/i.etsystatic.com\/20694446\/r\/il\/969c52\/2902741960\/il_570xN.2902741960_cnlq.jpg","url_fullxfull":"https:\/\/i.etsystatic.com\/20694446\/r\/il\/969c52\/2902741960\/il_fullxfull.2902741960_cnlq.jpg","full_height":3000,"full_width":2250},{"listing_image_id":2902742494,"hex_code":"8D8878","red":141,"green":136,"blue":120,"hue":46,"saturation":14,"brightness":55,"is_black_and_white":false,"creation_tsz":1614369814,"listing_id":955392338,"rank":4,"url_75x75":"https:\/\/i.etsystatic.com\/20694446\/d\/il\/3e7e0c\/2902742494\/il_75x75.2902742494_9cwq.jpg?version=0","url_170x135":"https:\/\/i.etsystatic.com\/20694446\/d\/il\/3e7e0c\/2902742494\/il_170x135.2902742494_9cwq.jpg?version=0","url_570xN":"https:\/\/i.etsystatic.com\/20694446\/r\/il\/3e7e0c\/2902742494\/il_570xN.2902742494_9cwq.jpg","url_fullxfull":"https:\/\/i.etsystatic.com\/20694446\/r\/il\/3e7e0c\/2902742494\/il_fullxfull.2902742494_9cwq.jpg","full_height":3000,"full_width":2250},{"listing_image_id":2950424489,"hex_code":"000000","red":0,"green":0,"blue":0,"hue":0,"saturation":0,"brightness":0,"is_black_and_white":null,"creation_tsz":1614369814,"listing_id":955392338,"rank":5,"url_75x75":"https:\/\/i.etsystatic.com\/20694446\/d\/il\/052759\/2950424489\/il_75x75.2950424489_t5ls.jpg?version=0","url_170x135":"https:\/\/i.etsystatic.com\/20694446\/d\/il\/052759\/2950424489\/il_170x135.2950424489_t5ls.jpg?version=0","url_570xN":"https:\/\/i.etsystatic.com\/20694446\/r\/il\/052759\/2950424489\/il_570xN.2950424489_t5ls.jpg","url_fullxfull":"https:\/\/i.etsystatic.com\/20694446\/r\/il\/052759\/2950424489\/il_fullxfull.2950424489_t5ls.jpg","full_height":3000,"full_width":2250},{"listing_image_id":2950423289,"hex_code":"B5B2A7","red":181,"green":178,"blue":167,"hue":47,"saturation":7,"brightness":70,"is_black_and_white":false,"creation_tsz":1614369814,"listing_id":955392338,"rank":6,"url_75x75":"https:\/\/i.etsystatic.com\/20694446\/d\/il\/c65e51\/2950423289\/il_75x75.2950423289_6ckz.jpg?version=0","url_170x135":"https:\/\/i.etsystatic.com\/20694446\/d\/il\/c65e51\/2950423289\/il_170x135.2950423289_6ckz.jpg?version=0","url_570xN":"https:\/\/i.etsystatic.com\/20694446\/r\/il\/c65e51\/2950423289\/il_570xN.2950423289_6ckz.jpg","url_fullxfull":"https:\/\/i.etsystatic.com\/20694446\/r\/il\/c65e51\/2950423289\/il_fullxfull.2950423289_6ckz.jpg","full_height":3000,"full_width":2250},{"listing_image_id":2902738744,"hex_code":"000000","red":0,"green":0,"blue":0,"hue":0,"saturation":0,"brightness":0,"is_black_and_white":null,"creation_tsz":1614369814,"listing_id":955392338,"rank":7,"url_75x75":"https:\/\/i.etsystatic.com\/20694446\/d\/il\/894301\/2902738744\/il_75x75.2902738744_hh2d.jpg?version=0","url_170x135":"https:\/\/i.etsystatic.com\/20694446\/d\/il\/894301\/2902738744\/il_170x135.2902738744_hh2d.jpg?version=0","url_570xN":"https:\/\/i.etsystatic.com\/20694446\/r\/il\/894301\/2902738744\/il_570xN.2902738744_hh2d.jpg","url_fullxfull":"https:\/\/i.etsystatic.com\/20694446\/r\/il\/894301\/2902738744\/il_fullxfull.2902738744_hh2d.jpg","full_height":3000,"full_width":2250},{"listing_image_id":2902739052,"hex_code":"A6A18F","red":166,"green":161,"blue":143,"hue":47,"saturation":13,"brightness":65,"is_black_and_white":false,"creation_tsz":1614369814,"listing_id":955392338,"rank":8,"url_75x75":"https:\/\/i.etsystatic.com\/20694446\/d\/il\/dfddd5\/2902739052\/il_75x75.2902739052_n97x.jpg?version=0","url_170x135":"https:\/\/i.etsystatic.com\/20694446\/d\/il\/dfddd5\/2902739052\/il_170x135.2902739052_n97x.jpg?version=0","url_570xN":"https:\/\/i.etsystatic.com\/20694446\/r\/il\/dfddd5\/2902739052\/il_570xN.2902739052_n97x.jpg","url_fullxfull":"https:\/\/i.etsystatic.com\/20694446\/r\/il\/dfddd5\/2902739052\/il_fullxfull.2902739052_n97x.jpg","full_height":3000,"full_width":2250},{"listing_image_id":2950425115,"hex_code":"000000","red":0,"green":0,"blue":0,"hue":0,"saturation":0,"brightness":0,"is_black_and_white":null,"creation_tsz":1614369814,"listing_id":955392338,"rank":9,"url_75x75":"https:\/\/i.etsystatic.com\/20694446\/d\/il\/25d2c9\/2950425115\/il_75x75.2950425115_jh3u.jpg?version=0","url_170x135":"https:\/\/i.etsystatic.com\/20694446\/d\/il\/25d2c9\/2950425115\/il_170x135.2950425115_jh3u.jpg?version=0","url_570xN":"https:\/\/i.etsystatic.com\/20694446\/r\/il\/25d2c9\/2950425115\/il_570xN.2950425115_jh3u.jpg","url_fullxfull":"https:\/\/i.etsystatic.com\/20694446\/r\/il\/25d2c9\/2950425115\/il_fullxfull.2950425115_jh3u.jpg","full_height":3000,"full_width":2250},{"listing_image_id":2950425641,"hex_code":"928D6F","red":146,"green":141,"blue":111,"hue":51,"saturation":23,"brightness":57,"is_black_and_white":false,"creation_tsz":1614369814,"listing_id":955392338,"rank":10,"url_75x75":"https:\/\/i.etsystatic.com\/20694446\/d\/il\/fd98d7\/2950425641\/il_75x75.2950425641_sfe2.jpg?version=0","url_170x135":"https:\/\/i.etsystatic.com\/20694446\/d\/il\/fd98d7\/2950425641\/il_170x135.2950425641_sfe2.jpg?version=0","url_570xN":"https:\/\/i.etsystatic.com\/20694446\/r\/il\/fd98d7\/2950425641\/il_570xN.2950425641_sfe2.jpg","url_fullxfull":"https:\/\/i.etsystatic.com\/20694446\/r\/il\/fd98d7\/2950425641\/il_fullxfull.2950425641_sfe2.jpg","full_height":3000,"full_width":2250}],"params":{"listing_id":"955392338"},"type":"ListingImage","pagination":{}}