{"count":2,"results":[{"listing_image_id":2910884252,"hex_code":"ACA8A3","red":172,"green":168,"blue":163,"hue":33,"saturation":5,"brightness":67,"is_black_and_white":false,"creation_tsz":1614665266,"listing_id":972740459,"rank":1,"url_75x75":"https:\/\/i.etsystatic.com\/6790920\/c\/292\/231\/26\/76\/il\/1a5878\/2910884252\/il_75x75.2910884252_42f4.jpg","url_170x135":"https:\/\/i.etsystatic.com\/6790920\/c\/292\/231\/26\/76\/il\/1a5878\/2910884252\/il_170x135.2910884252_42f4.jpg","url_570xN":"https:\/\/i.etsystatic.com\/6790920\/r\/il\/1a5878\/2910884252\/il_570xN.2910884252_42f4.jpg","url_fullxfull":"https:\/\/i.etsystatic.com\/6790920\/r\/il\/1a5878\/2910884252\/il_fullxfull.2910884252_42f4.jpg","full_height":322,"full_width":333},{"listing_image_id":1208500895,"hex_code":"9C7648","red":156,"green":118,"blue":72,"hue":33,"saturation":53,"brightness":61,"is_black_and_white":false,"creation_tsz":1614665266,"listing_id":972740459,"rank":2,"url_75x75":"https:\/\/i.etsystatic.com\/6790920\/d\/il\/71597c\/1208500895\/il_75x75.1208500895_bpdx.jpg?version=0","url_170x135":"https:\/\/i.etsystatic.com\/6790920\/d\/il\/71597c\/1208500895\/il_170x135.1208500895_bpdx.jpg?version=0","url_570xN":"https:\/\/i.etsystatic.com\/6790920\/r\/il\/71597c\/1208500895\/il_570xN.1208500895_bpdx.jpg","url_fullxfull":"https:\/\/i.etsystatic.com\/6790920\/r\/il\/71597c\/1208500895\/il_fullxfull.1208500895_bpdx.jpg","full_height":618,"full_width":647}],"params":{"listing_id":"972740459"},"type":"ListingImage","pagination":{}}