{"count":5,"results":[{"listing_image_id":2939400200,"hex_code":"635C5C","red":99,"green":92,"blue":92,"hue":0,"saturation":7,"brightness":38,"is_black_and_white":false,"creation_tsz":1615667995,"listing_id":980413819,"rank":1,"url_75x75":"https:\/\/i.etsystatic.com\/18673772\/c\/2250\/1789\/0\/583\/il\/80eba0\/2939400200\/il_75x75.2939400200_s0xf.jpg","url_170x135":"https:\/\/i.etsystatic.com\/18673772\/c\/2250\/1789\/0\/583\/il\/80eba0\/2939400200\/il_170x135.2939400200_s0xf.jpg","url_570xN":"https:\/\/i.etsystatic.com\/18673772\/r\/il\/80eba0\/2939400200\/il_570xN.2939400200_s0xf.jpg","url_fullxfull":"https:\/\/i.etsystatic.com\/18673772\/r\/il\/80eba0\/2939400200\/il_fullxfull.2939400200_s0xf.jpg","full_height":3000,"full_width":2250},{"listing_image_id":2939397554,"hex_code":"5A575B","red":90,"green":87,"blue":91,"hue":285,"saturation":4,"brightness":35,"is_black_and_white":false,"creation_tsz":1615667995,"listing_id":980413819,"rank":2,"url_75x75":"https:\/\/i.etsystatic.com\/18673772\/d\/il\/e4bc92\/2939397554\/il_75x75.2939397554_9mk1.jpg?version=0","url_170x135":"https:\/\/i.etsystatic.com\/18673772\/d\/il\/e4bc92\/2939397554\/il_170x135.2939397554_9mk1.jpg?version=0","url_570xN":"https:\/\/i.etsystatic.com\/18673772\/r\/il\/e4bc92\/2939397554\/il_570xN.2939397554_9mk1.jpg","url_fullxfull":"https:\/\/i.etsystatic.com\/18673772\/r\/il\/e4bc92\/2939397554\/il_fullxfull.2939397554_9mk1.jpg","full_height":3000,"full_width":2250},{"listing_image_id":2939397612,"hex_code":"544E54","red":84,"green":78,"blue":84,"hue":300,"saturation":7,"brightness":32,"is_black_and_white":false,"creation_tsz":1615667995,"listing_id":980413819,"rank":3,"url_75x75":"https:\/\/i.etsystatic.com\/18673772\/d\/il\/ce3c30\/2939397612\/il_75x75.2939397612_2hfr.jpg?version=0","url_170x135":"https:\/\/i.etsystatic.com\/18673772\/d\/il\/ce3c30\/2939397612\/il_170x135.2939397612_2hfr.jpg?version=0","url_570xN":"https:\/\/i.etsystatic.com\/18673772\/r\/il\/ce3c30\/2939397612\/il_570xN.2939397612_2hfr.jpg","url_fullxfull":"https:\/\/i.etsystatic.com\/18673772\/r\/il\/ce3c30\/2939397612\/il_fullxfull.2939397612_2hfr.jpg","full_height":3000,"full_width":2250},{"listing_image_id":2987092741,"hex_code":"8A7268","red":138,"green":114,"blue":104,"hue":18,"saturation":24,"brightness":54,"is_black_and_white":false,"creation_tsz":1615667995,"listing_id":980413819,"rank":4,"url_75x75":"https:\/\/i.etsystatic.com\/18673772\/d\/il\/ec85a5\/2987092741\/il_75x75.2987092741_ef4d.jpg?version=0","url_170x135":"https:\/\/i.etsystatic.com\/18673772\/d\/il\/ec85a5\/2987092741\/il_170x135.2987092741_ef4d.jpg?version=0","url_570xN":"https:\/\/i.etsystatic.com\/18673772\/r\/il\/ec85a5\/2987092741\/il_570xN.2987092741_ef4d.jpg","url_fullxfull":"https:\/\/i.etsystatic.com\/18673772\/r\/il\/ec85a5\/2987092741\/il_fullxfull.2987092741_ef4d.jpg","full_height":3000,"full_width":2250},{"listing_image_id":2939397656,"hex_code":"50525A","red":80,"green":82,"blue":90,"hue":228,"saturation":11,"brightness":35,"is_black_and_white":false,"creation_tsz":1615667995,"listing_id":980413819,"rank":5,"url_75x75":"https:\/\/i.etsystatic.com\/18673772\/d\/il\/7e1e55\/2939397656\/il_75x75.2939397656_9ed1.jpg?version=0","url_170x135":"https:\/\/i.etsystatic.com\/18673772\/d\/il\/7e1e55\/2939397656\/il_170x135.2939397656_9ed1.jpg?version=0","url_570xN":"https:\/\/i.etsystatic.com\/18673772\/r\/il\/7e1e55\/2939397656\/il_570xN.2939397656_9ed1.jpg","url_fullxfull":"https:\/\/i.etsystatic.com\/18673772\/r\/il\/7e1e55\/2939397656\/il_fullxfull.2939397656_9ed1.jpg","full_height":3000,"full_width":2250}],"params":{"listing_id":"980413819"},"type":"ListingImage","pagination":{}}