{"count":6,"results":[{"listing_image_id":2934017144,"hex_code":"A56C59","red":165,"green":108,"blue":89,"hue":15,"saturation":46,"brightness":64,"is_black_and_white":false,"creation_tsz":1615477272,"listing_id":978929023,"rank":1,"url_75x75":"https:\/\/i.etsystatic.com\/18318993\/d\/il\/5a5150\/2934017144\/il_75x75.2934017144_8cwp.jpg?version=0","url_170x135":"https:\/\/i.etsystatic.com\/18318993\/d\/il\/5a5150\/2934017144\/il_170x135.2934017144_8cwp.jpg?version=0","url_570xN":"https:\/\/i.etsystatic.com\/18318993\/r\/il\/5a5150\/2934017144\/il_570xN.2934017144_8cwp.jpg","url_fullxfull":"https:\/\/i.etsystatic.com\/18318993\/r\/il\/5a5150\/2934017144\/il_fullxfull.2934017144_8cwp.jpg","full_height":1600,"full_width":1600},{"listing_image_id":2934017152,"hex_code":"AC6B54","red":172,"green":107,"blue":84,"hue":16,"saturation":51,"brightness":67,"is_black_and_white":false,"creation_tsz":1615477272,"listing_id":978929023,"rank":2,"url_75x75":"https:\/\/i.etsystatic.com\/18318993\/d\/il\/a9cafe\/2934017152\/il_75x75.2934017152_53o5.jpg?version=0","url_170x135":"https:\/\/i.etsystatic.com\/18318993\/d\/il\/a9cafe\/2934017152\/il_170x135.2934017152_53o5.jpg?version=0","url_570xN":"https:\/\/i.etsystatic.com\/18318993\/r\/il\/a9cafe\/2934017152\/il_570xN.2934017152_53o5.jpg","url_fullxfull":"https:\/\/i.etsystatic.com\/18318993\/r\/il\/a9cafe\/2934017152\/il_fullxfull.2934017152_53o5.jpg","full_height":1600,"full_width":1600},{"listing_image_id":2981721061,"hex_code":"A67662","red":166,"green":118,"blue":98,"hue":18,"saturation":40,"brightness":65,"is_black_and_white":false,"creation_tsz":1615477272,"listing_id":978929023,"rank":3,"url_75x75":"https:\/\/i.etsystatic.com\/18318993\/d\/il\/2bc914\/2981721061\/il_75x75.2981721061_ezgy.jpg?version=0","url_170x135":"https:\/\/i.etsystatic.com\/18318993\/d\/il\/2bc914\/2981721061\/il_170x135.2981721061_ezgy.jpg?version=0","url_570xN":"https:\/\/i.etsystatic.com\/18318993\/r\/il\/2bc914\/2981721061\/il_570xN.2981721061_ezgy.jpg","url_fullxfull":"https:\/\/i.etsystatic.com\/18318993\/r\/il\/2bc914\/2981721061\/il_fullxfull.2981721061_ezgy.jpg","full_height":3000,"full_width":3000},{"listing_image_id":2934017234,"hex_code":"A9705A","red":169,"green":112,"blue":90,"hue":17,"saturation":46,"brightness":66,"is_black_and_white":false,"creation_tsz":1615477272,"listing_id":978929023,"rank":4,"url_75x75":"https:\/\/i.etsystatic.com\/18318993\/d\/il\/e61c03\/2934017234\/il_75x75.2934017234_pcdn.jpg?version=0","url_170x135":"https:\/\/i.etsystatic.com\/18318993\/d\/il\/e61c03\/2934017234\/il_170x135.2934017234_pcdn.jpg?version=0","url_570xN":"https:\/\/i.etsystatic.com\/18318993\/r\/il\/e61c03\/2934017234\/il_570xN.2934017234_pcdn.jpg","url_fullxfull":"https:\/\/i.etsystatic.com\/18318993\/r\/il\/e61c03\/2934017234\/il_fullxfull.2934017234_pcdn.jpg","full_height":1600,"full_width":1600},{"listing_image_id":2981721179,"hex_code":"B46C51","red":180,"green":108,"blue":81,"hue":16,"saturation":55,"brightness":70,"is_black_and_white":false,"creation_tsz":1615477272,"listing_id":978929023,"rank":5,"url_75x75":"https:\/\/i.etsystatic.com\/18318993\/d\/il\/338400\/2981721179\/il_75x75.2981721179_pg7p.jpg?version=0","url_170x135":"https:\/\/i.etsystatic.com\/18318993\/d\/il\/338400\/2981721179\/il_170x135.2981721179_pg7p.jpg?version=0","url_570xN":"https:\/\/i.etsystatic.com\/18318993\/r\/il\/338400\/2981721179\/il_570xN.2981721179_pg7p.jpg","url_fullxfull":"https:\/\/i.etsystatic.com\/18318993\/r\/il\/338400\/2981721179\/il_fullxfull.2981721179_pg7p.jpg","full_height":1600,"full_width":1600},{"listing_image_id":2934017316,"hex_code":"9C6653","red":156,"green":102,"blue":83,"hue":16,"saturation":46,"brightness":61,"is_black_and_white":false,"creation_tsz":1615477272,"listing_id":978929023,"rank":6,"url_75x75":"https:\/\/i.etsystatic.com\/18318993\/d\/il\/aed358\/2934017316\/il_75x75.2934017316_b8p9.jpg?version=0","url_170x135":"https:\/\/i.etsystatic.com\/18318993\/d\/il\/aed358\/2934017316\/il_170x135.2934017316_b8p9.jpg?version=0","url_570xN":"https:\/\/i.etsystatic.com\/18318993\/r\/il\/aed358\/2934017316\/il_570xN.2934017316_b8p9.jpg","url_fullxfull":"https:\/\/i.etsystatic.com\/18318993\/r\/il\/aed358\/2934017316\/il_fullxfull.2934017316_b8p9.jpg","full_height":1600,"full_width":1600}],"params":{"listing_id":"978929023"},"type":"ListingImage","pagination":{}}