{"count":4,"results":[{"listing_image_id":2947902370,"hex_code":"6F6A72","red":111,"green":106,"blue":114,"hue":278,"saturation":7,"brightness":44,"is_black_and_white":false,"creation_tsz":1615979181,"listing_id":968724726,"rank":1,"url_75x75":"https:\/\/i.etsystatic.com\/5521129\/d\/il\/d98d61\/2947902370\/il_75x75.2947902370_7knp.jpg?version=0","url_170x135":"https:\/\/i.etsystatic.com\/5521129\/d\/il\/d98d61\/2947902370\/il_170x135.2947902370_7knp.jpg?version=0","url_570xN":"https:\/\/i.etsystatic.com\/5521129\/r\/il\/d98d61\/2947902370\/il_570xN.2947902370_7knp.jpg","url_fullxfull":"https:\/\/i.etsystatic.com\/5521129\/r\/il\/d98d61\/2947902370\/il_fullxfull.2947902370_7knp.jpg","full_height":1896,"full_width":2844},{"listing_image_id":2947902380,"hex_code":"A39C9B","red":163,"green":156,"blue":155,"hue":8,"saturation":4,"brightness":63,"is_black_and_white":false,"creation_tsz":1615979181,"listing_id":968724726,"rank":2,"url_75x75":"https:\/\/i.etsystatic.com\/5521129\/d\/il\/184d51\/2947902380\/il_75x75.2947902380_hc09.jpg?version=0","url_170x135":"https:\/\/i.etsystatic.com\/5521129\/d\/il\/184d51\/2947902380\/il_170x135.2947902380_hc09.jpg?version=0","url_570xN":"https:\/\/i.etsystatic.com\/5521129\/r\/il\/184d51\/2947902380\/il_570xN.2947902380_hc09.jpg","url_fullxfull":"https:\/\/i.etsystatic.com\/5521129\/r\/il\/184d51\/2947902380\/il_fullxfull.2947902380_hc09.jpg","full_height":2000,"full_width":3000},{"listing_image_id":2947902362,"hex_code":"5E5D5E","red":94,"green":93,"blue":94,"hue":300,"saturation":1,"brightness":36,"is_black_and_white":false,"creation_tsz":1615979181,"listing_id":968724726,"rank":3,"url_75x75":"https:\/\/i.etsystatic.com\/5521129\/d\/il\/4389c2\/2947902362\/il_75x75.2947902362_c5h0.jpg?version=0","url_170x135":"https:\/\/i.etsystatic.com\/5521129\/d\/il\/4389c2\/2947902362\/il_170x135.2947902362_c5h0.jpg?version=0","url_570xN":"https:\/\/i.etsystatic.com\/5521129\/r\/il\/4389c2\/2947902362\/il_570xN.2947902362_c5h0.jpg","url_fullxfull":"https:\/\/i.etsystatic.com\/5521129\/r\/il\/4389c2\/2947902362\/il_fullxfull.2947902362_c5h0.jpg","full_height":2000,"full_width":3000},{"listing_image_id":2947902470,"hex_code":"B9A188","red":185,"green":161,"blue":136,"hue":31,"saturation":26,"brightness":72,"is_black_and_white":false,"creation_tsz":1615979181,"listing_id":968724726,"rank":4,"url_75x75":"https:\/\/i.etsystatic.com\/5521129\/d\/il\/fb62a6\/2947902470\/il_75x75.2947902470_qp6c.jpg?version=0","url_170x135":"https:\/\/i.etsystatic.com\/5521129\/d\/il\/fb62a6\/2947902470\/il_170x135.2947902470_qp6c.jpg?version=0","url_570xN":"https:\/\/i.etsystatic.com\/5521129\/r\/il\/fb62a6\/2947902470\/il_570xN.2947902470_qp6c.jpg","url_fullxfull":"https:\/\/i.etsystatic.com\/5521129\/r\/il\/fb62a6\/2947902470\/il_fullxfull.2947902470_qp6c.jpg","full_height":2992,"full_width":2244}],"params":{"listing_id":"968724726"},"type":"ListingImage","pagination":{}}