{"count":5,"results":[{"listing_image_id":2798005579,"hex_code":"AACDC0","red":170,"green":205,"blue":192,"hue":158,"saturation":17,"brightness":80,"is_black_and_white":false,"creation_tsz":1608731339,"listing_id":930008519,"rank":1,"url_75x75":"https:\/\/i.etsystatic.com\/22027937\/d\/il\/381ef8\/2798005579\/il_75x75.2798005579_6g8v.jpg?version=0","url_170x135":"https:\/\/i.etsystatic.com\/22027937\/d\/il\/381ef8\/2798005579\/il_170x135.2798005579_6g8v.jpg?version=0","url_570xN":"https:\/\/i.etsystatic.com\/22027937\/r\/il\/381ef8\/2798005579\/il_570xN.2798005579_6g8v.jpg","url_fullxfull":"https:\/\/i.etsystatic.com\/22027937\/r\/il\/381ef8\/2798005579\/il_fullxfull.2798005579_6g8v.jpg","full_height":1428,"full_width":2000},{"listing_image_id":2798005609,"hex_code":"CACCC5","red":202,"green":204,"blue":197,"hue":77,"saturation":3,"brightness":80,"is_black_and_white":false,"creation_tsz":1608731339,"listing_id":930008519,"rank":2,"url_75x75":"https:\/\/i.etsystatic.com\/22027937\/d\/il\/07d114\/2798005609\/il_75x75.2798005609_arf7.jpg?version=0","url_170x135":"https:\/\/i.etsystatic.com\/22027937\/d\/il\/07d114\/2798005609\/il_170x135.2798005609_arf7.jpg?version=0","url_570xN":"https:\/\/i.etsystatic.com\/22027937\/r\/il\/07d114\/2798005609\/il_570xN.2798005609_arf7.jpg","url_fullxfull":"https:\/\/i.etsystatic.com\/22027937\/r\/il\/07d114\/2798005609\/il_fullxfull.2798005609_arf7.jpg","full_height":1428,"full_width":2000},{"listing_image_id":2798005673,"hex_code":"D6C5D4","red":214,"green":197,"blue":212,"hue":307,"saturation":7,"brightness":83,"is_black_and_white":false,"creation_tsz":1608731339,"listing_id":930008519,"rank":3,"url_75x75":"https:\/\/i.etsystatic.com\/22027937\/d\/il\/c593d0\/2798005673\/il_75x75.2798005673_acn2.jpg?version=0","url_170x135":"https:\/\/i.etsystatic.com\/22027937\/d\/il\/c593d0\/2798005673\/il_170x135.2798005673_acn2.jpg?version=0","url_570xN":"https:\/\/i.etsystatic.com\/22027937\/r\/il\/c593d0\/2798005673\/il_570xN.2798005673_acn2.jpg","url_fullxfull":"https:\/\/i.etsystatic.com\/22027937\/r\/il\/c593d0\/2798005673\/il_fullxfull.2798005673_acn2.jpg","full_height":1428,"full_width":2000},{"listing_image_id":2750307234,"hex_code":"85AD7F","red":133,"green":173,"blue":127,"hue":112,"saturation":26,"brightness":67,"is_black_and_white":false,"creation_tsz":1608731339,"listing_id":930008519,"rank":4,"url_75x75":"https:\/\/i.etsystatic.com\/22027937\/d\/il\/89a21d\/2750307234\/il_75x75.2750307234_pjzm.jpg?version=0","url_170x135":"https:\/\/i.etsystatic.com\/22027937\/d\/il\/89a21d\/2750307234\/il_170x135.2750307234_pjzm.jpg?version=0","url_570xN":"https:\/\/i.etsystatic.com\/22027937\/r\/il\/89a21d\/2750307234\/il_570xN.2750307234_pjzm.jpg","url_fullxfull":"https:\/\/i.etsystatic.com\/22027937\/r\/il\/89a21d\/2750307234\/il_fullxfull.2750307234_pjzm.jpg","full_height":788,"full_width":940},{"listing_image_id":2799178279,"hex_code":"A8B4A3","red":168,"green":180,"blue":163,"hue":102,"saturation":9,"brightness":70,"is_black_and_white":false,"creation_tsz":1608795589,"listing_id":930008519,"rank":5,"url_75x75":"https:\/\/i.etsystatic.com\/22027937\/d\/il\/96a880\/2799178279\/il_75x75.2799178279_8h1b.jpg?version=0","url_170x135":"https:\/\/i.etsystatic.com\/22027937\/d\/il\/96a880\/2799178279\/il_170x135.2799178279_8h1b.jpg?version=0","url_570xN":"https:\/\/i.etsystatic.com\/22027937\/r\/il\/96a880\/2799178279\/il_570xN.2799178279_8h1b.jpg","url_fullxfull":"https:\/\/i.etsystatic.com\/22027937\/r\/il\/96a880\/2799178279\/il_fullxfull.2799178279_8h1b.jpg","full_height":500,"full_width":500}],"params":{"listing_id":"930008519"},"type":"ListingImage","pagination":{}}