{"count":6,"results":[{"listing_image_id":2862338848,"hex_code":"C5B6AF","red":197,"green":182,"blue":175,"hue":19,"saturation":11,"brightness":77,"is_black_and_white":false,"creation_tsz":1612969933,"listing_id":946436072,"rank":1,"url_75x75":"https:\/\/i.etsystatic.com\/27323704\/d\/il\/35e0d2\/2862338848\/il_75x75.2862338848_ofx9.jpg?version=0","url_170x135":"https:\/\/i.etsystatic.com\/27323704\/d\/il\/35e0d2\/2862338848\/il_170x135.2862338848_ofx9.jpg?version=0","url_570xN":"https:\/\/i.etsystatic.com\/27323704\/r\/il\/35e0d2\/2862338848\/il_570xN.2862338848_ofx9.jpg","url_fullxfull":"https:\/\/i.etsystatic.com\/27323704\/r\/il\/35e0d2\/2862338848\/il_fullxfull.2862338848_ofx9.jpg","full_height":2861,"full_width":2701},{"listing_image_id":2910073509,"hex_code":"B08C91","red":176,"green":140,"blue":145,"hue":352,"saturation":20,"brightness":69,"is_black_and_white":false,"creation_tsz":1612969933,"listing_id":946436072,"rank":2,"url_75x75":"https:\/\/i.etsystatic.com\/27323704\/d\/il\/c3fe1e\/2910073509\/il_75x75.2910073509_tscd.jpg?version=0","url_170x135":"https:\/\/i.etsystatic.com\/27323704\/d\/il\/c3fe1e\/2910073509\/il_170x135.2910073509_tscd.jpg?version=0","url_570xN":"https:\/\/i.etsystatic.com\/27323704\/r\/il\/c3fe1e\/2910073509\/il_570xN.2910073509_tscd.jpg","url_fullxfull":"https:\/\/i.etsystatic.com\/27323704\/r\/il\/c3fe1e\/2910073509\/il_fullxfull.2910073509_tscd.jpg","full_height":2626,"full_width":2135},{"listing_image_id":2862393230,"hex_code":"AA9196","red":170,"green":145,"blue":150,"hue":348,"saturation":14,"brightness":66,"is_black_and_white":false,"creation_tsz":1612969933,"listing_id":946436072,"rank":3,"url_75x75":"https:\/\/i.etsystatic.com\/27323704\/d\/il\/c9d7d5\/2862393230\/il_75x75.2862393230_5fvs.jpg?version=0","url_170x135":"https:\/\/i.etsystatic.com\/27323704\/d\/il\/c9d7d5\/2862393230\/il_170x135.2862393230_5fvs.jpg?version=0","url_570xN":"https:\/\/i.etsystatic.com\/27323704\/r\/il\/c9d7d5\/2862393230\/il_570xN.2862393230_5fvs.jpg","url_fullxfull":"https:\/\/i.etsystatic.com\/27323704\/r\/il\/c9d7d5\/2862393230\/il_fullxfull.2862393230_5fvs.jpg","full_height":3000,"full_width":2537},{"listing_image_id":2862393662,"hex_code":"B08C91","red":176,"green":140,"blue":145,"hue":352,"saturation":20,"brightness":69,"is_black_and_white":false,"creation_tsz":1612969933,"listing_id":946436072,"rank":4,"url_75x75":"https:\/\/i.etsystatic.com\/27323704\/d\/il\/df3f5e\/2862393662\/il_75x75.2862393662_nv3z.jpg?version=0","url_170x135":"https:\/\/i.etsystatic.com\/27323704\/d\/il\/df3f5e\/2862393662\/il_170x135.2862393662_nv3z.jpg?version=0","url_570xN":"https:\/\/i.etsystatic.com\/27323704\/r\/il\/df3f5e\/2862393662\/il_570xN.2862393662_nv3z.jpg","url_fullxfull":"https:\/\/i.etsystatic.com\/27323704\/r\/il\/df3f5e\/2862393662\/il_fullxfull.2862393662_nv3z.jpg","full_height":2626,"full_width":2135},{"listing_image_id":2862393478,"hex_code":"C5B6AF","red":197,"green":182,"blue":175,"hue":19,"saturation":11,"brightness":77,"is_black_and_white":false,"creation_tsz":1612969933,"listing_id":946436072,"rank":5,"url_75x75":"https:\/\/i.etsystatic.com\/27323704\/d\/il\/873952\/2862393478\/il_75x75.2862393478_k2tq.jpg?version=0","url_170x135":"https:\/\/i.etsystatic.com\/27323704\/d\/il\/873952\/2862393478\/il_170x135.2862393478_k2tq.jpg?version=0","url_570xN":"https:\/\/i.etsystatic.com\/27323704\/r\/il\/873952\/2862393478\/il_570xN.2862393478_k2tq.jpg","url_fullxfull":"https:\/\/i.etsystatic.com\/27323704\/r\/il\/873952\/2862393478\/il_fullxfull.2862393478_k2tq.jpg","full_height":2861,"full_width":2701},{"listing_image_id":2910075399,"hex_code":"AE8C86","red":174,"green":140,"blue":134,"hue":9,"saturation":22,"brightness":68,"is_black_and_white":false,"creation_tsz":1612969933,"listing_id":946436072,"rank":6,"url_75x75":"https:\/\/i.etsystatic.com\/27323704\/d\/il\/307adc\/2910075399\/il_75x75.2910075399_b89n.jpg?version=0","url_170x135":"https:\/\/i.etsystatic.com\/27323704\/d\/il\/307adc\/2910075399\/il_170x135.2910075399_b89n.jpg?version=0","url_570xN":"https:\/\/i.etsystatic.com\/27323704\/r\/il\/307adc\/2910075399\/il_570xN.2910075399_b89n.jpg","url_fullxfull":"https:\/\/i.etsystatic.com\/27323704\/r\/il\/307adc\/2910075399\/il_fullxfull.2910075399_b89n.jpg","full_height":3000,"full_width":2059}],"params":{"listing_id":"946436072"},"type":"ListingImage","pagination":{}}