{"count":2,"results":[{"listing_image_id":2943494970,"hex_code":"A5917B","red":165,"green":145,"blue":123,"hue":31,"saturation":25,"brightness":64,"is_black_and_white":false,"creation_tsz":1615827887,"listing_id":981474697,"rank":1,"url_75x75":"https:\/\/i.etsystatic.com\/22120089\/d\/il\/7463e7\/2943494970\/il_75x75.2943494970_9znr.jpg?version=0","url_170x135":"https:\/\/i.etsystatic.com\/22120089\/d\/il\/7463e7\/2943494970\/il_170x135.2943494970_9znr.jpg?version=0","url_570xN":"https:\/\/i.etsystatic.com\/22120089\/r\/il\/7463e7\/2943494970\/il_570xN.2943494970_9znr.jpg","url_fullxfull":"https:\/\/i.etsystatic.com\/22120089\/r\/il\/7463e7\/2943494970\/il_fullxfull.2943494970_9znr.jpg","full_height":3000,"full_width":2711},{"listing_image_id":2943494514,"hex_code":"968978","red":150,"green":137,"blue":120,"hue":34,"saturation":20,"brightness":58,"is_black_and_white":false,"creation_tsz":1615827887,"listing_id":981474697,"rank":2,"url_75x75":"https:\/\/i.etsystatic.com\/22120089\/d\/il\/9d0b9c\/2943494514\/il_75x75.2943494514_qtkl.jpg?version=0","url_170x135":"https:\/\/i.etsystatic.com\/22120089\/d\/il\/9d0b9c\/2943494514\/il_170x135.2943494514_qtkl.jpg?version=0","url_570xN":"https:\/\/i.etsystatic.com\/22120089\/r\/il\/9d0b9c\/2943494514\/il_570xN.2943494514_qtkl.jpg","url_fullxfull":"https:\/\/i.etsystatic.com\/22120089\/r\/il\/9d0b9c\/2943494514\/il_fullxfull.2943494514_qtkl.jpg","full_height":3000,"full_width":2445}],"params":{"listing_id":"981474697"},"type":"ListingImage","pagination":{}}