{"count":2,"results":[{"listing_image_id":2886014388,"hex_code":"798CB7","red":121,"green":140,"blue":183,"hue":222,"saturation":33,"brightness":71,"is_black_and_white":false,"creation_tsz":1613792500,"listing_id":965828155,"rank":1,"url_75x75":"https:\/\/i.etsystatic.com\/23369797\/c\/1999\/1587\/0\/197\/il\/82d470\/2886014388\/il_75x75.2886014388_p51o.jpg","url_170x135":"https:\/\/i.etsystatic.com\/23369797\/c\/1999\/1587\/0\/197\/il\/82d470\/2886014388\/il_170x135.2886014388_p51o.jpg","url_570xN":"https:\/\/i.etsystatic.com\/23369797\/r\/il\/82d470\/2886014388\/il_570xN.2886014388_p51o.jpg","url_fullxfull":"https:\/\/i.etsystatic.com\/23369797\/r\/il\/82d470\/2886014388\/il_fullxfull.2886014388_p51o.jpg","full_height":2186,"full_width":2000},{"listing_image_id":2933692369,"hex_code":"747CB9","red":116,"green":124,"blue":185,"hue":233,"saturation":37,"brightness":72,"is_black_and_white":false,"creation_tsz":1613792500,"listing_id":965828155,"rank":2,"url_75x75":"https:\/\/i.etsystatic.com\/23369797\/d\/il\/03676d\/2933692369\/il_75x75.2933692369_mpay.jpg?version=0","url_170x135":"https:\/\/i.etsystatic.com\/23369797\/d\/il\/03676d\/2933692369\/il_170x135.2933692369_mpay.jpg?version=0","url_570xN":"https:\/\/i.etsystatic.com\/23369797\/r\/il\/03676d\/2933692369\/il_570xN.2933692369_mpay.jpg","url_fullxfull":"https:\/\/i.etsystatic.com\/23369797\/r\/il\/03676d\/2933692369\/il_fullxfull.2933692369_mpay.jpg","full_height":3000,"full_width":1695}],"params":{"listing_id":"965828155"},"type":"ListingImage","pagination":{}}