{"count":4,"results":[{"listing_image_id":2961722803,"hex_code":"736C68","red":115,"green":108,"blue":104,"hue":22,"saturation":9,"brightness":45,"is_black_and_white":false,"creation_tsz":1614775889,"listing_id":973579463,"rank":1,"url_75x75":"https:\/\/i.etsystatic.com\/24246551\/d\/il\/f80e3f\/2961722803\/il_75x75.2961722803_mzrk.jpg?version=0","url_170x135":"https:\/\/i.etsystatic.com\/24246551\/d\/il\/f80e3f\/2961722803\/il_170x135.2961722803_mzrk.jpg?version=0","url_570xN":"https:\/\/i.etsystatic.com\/24246551\/r\/il\/f80e3f\/2961722803\/il_570xN.2961722803_mzrk.jpg","url_fullxfull":"https:\/\/i.etsystatic.com\/24246551\/r\/il\/f80e3f\/2961722803\/il_fullxfull.2961722803_mzrk.jpg","full_height":3000,"full_width":2250},{"listing_image_id":2961722993,"hex_code":"9C877F","red":156,"green":135,"blue":127,"hue":17,"saturation":18,"brightness":61,"is_black_and_white":false,"creation_tsz":1614775889,"listing_id":973579463,"rank":2,"url_75x75":"https:\/\/i.etsystatic.com\/24246551\/d\/il\/2aab38\/2961722993\/il_75x75.2961722993_cqf4.jpg?version=0","url_170x135":"https:\/\/i.etsystatic.com\/24246551\/d\/il\/2aab38\/2961722993\/il_170x135.2961722993_cqf4.jpg?version=0","url_570xN":"https:\/\/i.etsystatic.com\/24246551\/r\/il\/2aab38\/2961722993\/il_570xN.2961722993_cqf4.jpg","url_fullxfull":"https:\/\/i.etsystatic.com\/24246551\/r\/il\/2aab38\/2961722993\/il_fullxfull.2961722993_cqf4.jpg","full_height":3000,"full_width":2250},{"listing_image_id":2914033072,"hex_code":"B4A496","red":180,"green":164,"blue":150,"hue":28,"saturation":16,"brightness":70,"is_black_and_white":false,"creation_tsz":1614775889,"listing_id":973579463,"rank":3,"url_75x75":"https:\/\/i.etsystatic.com\/24246551\/d\/il\/1c1370\/2914033072\/il_75x75.2914033072_nlvr.jpg?version=0","url_170x135":"https:\/\/i.etsystatic.com\/24246551\/d\/il\/1c1370\/2914033072\/il_170x135.2914033072_nlvr.jpg?version=0","url_570xN":"https:\/\/i.etsystatic.com\/24246551\/r\/il\/1c1370\/2914033072\/il_570xN.2914033072_nlvr.jpg","url_fullxfull":"https:\/\/i.etsystatic.com\/24246551\/r\/il\/1c1370\/2914033072\/il_fullxfull.2914033072_nlvr.jpg","full_height":3000,"full_width":2250},{"listing_image_id":2914033196,"hex_code":"968784","red":150,"green":135,"blue":132,"hue":10,"saturation":12,"brightness":58,"is_black_and_white":false,"creation_tsz":1614775889,"listing_id":973579463,"rank":4,"url_75x75":"https:\/\/i.etsystatic.com\/24246551\/d\/il\/c11a03\/2914033196\/il_75x75.2914033196_miva.jpg?version=0","url_170x135":"https:\/\/i.etsystatic.com\/24246551\/d\/il\/c11a03\/2914033196\/il_170x135.2914033196_miva.jpg?version=0","url_570xN":"https:\/\/i.etsystatic.com\/24246551\/r\/il\/c11a03\/2914033196\/il_570xN.2914033196_miva.jpg","url_fullxfull":"https:\/\/i.etsystatic.com\/24246551\/r\/il\/c11a03\/2914033196\/il_fullxfull.2914033196_miva.jpg","full_height":3000,"full_width":2250}],"params":{"listing_id":"973579463"},"type":"ListingImage","pagination":{}}