{"count":9,"results":[{"listing_image_id":2965507259,"hex_code":"706760","red":112,"green":103,"blue":96,"hue":26,"saturation":14,"brightness":43,"is_black_and_white":false,"creation_tsz":1614894663,"listing_id":971130453,"rank":1,"url_75x75":"https:\/\/i.etsystatic.com\/22224669\/d\/il\/aa0338\/2965507259\/il_75x75.2965507259_b8dg.jpg?version=0","url_170x135":"https:\/\/i.etsystatic.com\/22224669\/d\/il\/aa0338\/2965507259\/il_170x135.2965507259_b8dg.jpg?version=0","url_570xN":"https:\/\/i.etsystatic.com\/22224669\/r\/il\/aa0338\/2965507259\/il_570xN.2965507259_b8dg.jpg","url_fullxfull":"https:\/\/i.etsystatic.com\/22224669\/r\/il\/aa0338\/2965507259\/il_fullxfull.2965507259_b8dg.jpg","full_height":2992,"full_width":2244},{"listing_image_id":2904688450,"hex_code":"D6D3CD","red":214,"green":211,"blue":205,"hue":40,"saturation":4,"brightness":83,"is_black_and_white":false,"creation_tsz":1614446312,"listing_id":971130453,"rank":2,"url_75x75":"https:\/\/i.etsystatic.com\/22224669\/d\/il\/9557a5\/2904688450\/il_75x75.2904688450_owdv.jpg?version=0","url_170x135":"https:\/\/i.etsystatic.com\/22224669\/d\/il\/9557a5\/2904688450\/il_170x135.2904688450_owdv.jpg?version=0","url_570xN":"https:\/\/i.etsystatic.com\/22224669\/r\/il\/9557a5\/2904688450\/il_570xN.2904688450_owdv.jpg","url_fullxfull":"https:\/\/i.etsystatic.com\/22224669\/r\/il\/9557a5\/2904688450\/il_fullxfull.2904688450_owdv.jpg","full_height":700,"full_width":700},{"listing_image_id":2965507273,"hex_code":"957E6C","red":149,"green":126,"blue":108,"hue":26,"saturation":27,"brightness":58,"is_black_and_white":false,"creation_tsz":1614894663,"listing_id":971130453,"rank":3,"url_75x75":"https:\/\/i.etsystatic.com\/22224669\/d\/il\/0d8055\/2965507273\/il_75x75.2965507273_lfqa.jpg?version=0","url_170x135":"https:\/\/i.etsystatic.com\/22224669\/d\/il\/0d8055\/2965507273\/il_170x135.2965507273_lfqa.jpg?version=0","url_570xN":"https:\/\/i.etsystatic.com\/22224669\/r\/il\/0d8055\/2965507273\/il_570xN.2965507273_lfqa.jpg","url_fullxfull":"https:\/\/i.etsystatic.com\/22224669\/r\/il\/0d8055\/2965507273\/il_fullxfull.2965507273_lfqa.jpg","full_height":2992,"full_width":2244},{"listing_image_id":2965507247,"hex_code":"8F7E6A","red":143,"green":126,"blue":106,"hue":32,"saturation":25,"brightness":56,"is_black_and_white":false,"creation_tsz":1614894663,"listing_id":971130453,"rank":4,"url_75x75":"https:\/\/i.etsystatic.com\/22224669\/d\/il\/307eaa\/2965507247\/il_75x75.2965507247_klz6.jpg?version=0","url_170x135":"https:\/\/i.etsystatic.com\/22224669\/d\/il\/307eaa\/2965507247\/il_170x135.2965507247_klz6.jpg?version=0","url_570xN":"https:\/\/i.etsystatic.com\/22224669\/r\/il\/307eaa\/2965507247\/il_570xN.2965507247_klz6.jpg","url_fullxfull":"https:\/\/i.etsystatic.com\/22224669\/r\/il\/307eaa\/2965507247\/il_fullxfull.2965507247_klz6.jpg","full_height":2992,"full_width":2244},{"listing_image_id":2965507395,"hex_code":"927A66","red":146,"green":122,"blue":102,"hue":27,"saturation":30,"brightness":57,"is_black_and_white":false,"creation_tsz":1614894663,"listing_id":971130453,"rank":5,"url_75x75":"https:\/\/i.etsystatic.com\/22224669\/d\/il\/eafb8e\/2965507395\/il_75x75.2965507395_jl30.jpg?version=0","url_170x135":"https:\/\/i.etsystatic.com\/22224669\/d\/il\/eafb8e\/2965507395\/il_170x135.2965507395_jl30.jpg?version=0","url_570xN":"https:\/\/i.etsystatic.com\/22224669\/r\/il\/eafb8e\/2965507395\/il_570xN.2965507395_jl30.jpg","url_fullxfull":"https:\/\/i.etsystatic.com\/22224669\/r\/il\/eafb8e\/2965507395\/il_fullxfull.2965507395_jl30.jpg","full_height":2992,"full_width":2244},{"listing_image_id":2917819262,"hex_code":"685B4C","red":104,"green":91,"blue":76,"hue":32,"saturation":26,"brightness":40,"is_black_and_white":false,"creation_tsz":1614894663,"listing_id":971130453,"rank":6,"url_75x75":"https:\/\/i.etsystatic.com\/22224669\/d\/il\/e11d96\/2917819262\/il_75x75.2917819262_1pqb.jpg?version=0","url_170x135":"https:\/\/i.etsystatic.com\/22224669\/d\/il\/e11d96\/2917819262\/il_170x135.2917819262_1pqb.jpg?version=0","url_570xN":"https:\/\/i.etsystatic.com\/22224669\/r\/il\/e11d96\/2917819262\/il_570xN.2917819262_1pqb.jpg","url_fullxfull":"https:\/\/i.etsystatic.com\/22224669\/r\/il\/e11d96\/2917819262\/il_fullxfull.2917819262_1pqb.jpg","full_height":2992,"full_width":2244},{"listing_image_id":2965507409,"hex_code":"776757","red":119,"green":103,"blue":87,"hue":30,"saturation":26,"brightness":46,"is_black_and_white":false,"creation_tsz":1614894663,"listing_id":971130453,"rank":7,"url_75x75":"https:\/\/i.etsystatic.com\/22224669\/d\/il\/3f30b7\/2965507409\/il_75x75.2965507409_9v6k.jpg?version=0","url_170x135":"https:\/\/i.etsystatic.com\/22224669\/d\/il\/3f30b7\/2965507409\/il_170x135.2965507409_9v6k.jpg?version=0","url_570xN":"https:\/\/i.etsystatic.com\/22224669\/r\/il\/3f30b7\/2965507409\/il_570xN.2965507409_9v6k.jpg","url_fullxfull":"https:\/\/i.etsystatic.com\/22224669\/r\/il\/3f30b7\/2965507409\/il_fullxfull.2965507409_9v6k.jpg","full_height":2992,"full_width":2244},{"listing_image_id":2917819378,"hex_code":"706355","red":112,"green":99,"blue":85,"hue":31,"saturation":24,"brightness":43,"is_black_and_white":false,"creation_tsz":1614894663,"listing_id":971130453,"rank":8,"url_75x75":"https:\/\/i.etsystatic.com\/22224669\/d\/il\/57e27f\/2917819378\/il_75x75.2917819378_nlhg.jpg?version=0","url_170x135":"https:\/\/i.etsystatic.com\/22224669\/d\/il\/57e27f\/2917819378\/il_170x135.2917819378_nlhg.jpg?version=0","url_570xN":"https:\/\/i.etsystatic.com\/22224669\/r\/il\/57e27f\/2917819378\/il_570xN.2917819378_nlhg.jpg","url_fullxfull":"https:\/\/i.etsystatic.com\/22224669\/r\/il\/57e27f\/2917819378\/il_fullxfull.2917819378_nlhg.jpg","full_height":2992,"full_width":2244},{"listing_image_id":2917819384,"hex_code":"A58D75","red":165,"green":141,"blue":117,"hue":30,"saturation":29,"brightness":64,"is_black_and_white":false,"creation_tsz":1614894663,"listing_id":971130453,"rank":9,"url_75x75":"https:\/\/i.etsystatic.com\/22224669\/d\/il\/782300\/2917819384\/il_75x75.2917819384_ebdw.jpg?version=0","url_170x135":"https:\/\/i.etsystatic.com\/22224669\/d\/il\/782300\/2917819384\/il_170x135.2917819384_ebdw.jpg?version=0","url_570xN":"https:\/\/i.etsystatic.com\/22224669\/r\/il\/782300\/2917819384\/il_570xN.2917819384_ebdw.jpg","url_fullxfull":"https:\/\/i.etsystatic.com\/22224669\/r\/il\/782300\/2917819384\/il_fullxfull.2917819384_ebdw.jpg","full_height":2992,"full_width":2244}],"params":{"listing_id":"971130453"},"type":"ListingImage","pagination":{}}