{"count":4,"results":[{"listing_image_id":2793413154,"hex_code":"ACAFBA","red":172,"green":175,"blue":186,"hue":227,"saturation":7,"brightness":72,"is_black_and_white":false,"creation_tsz":1610629333,"listing_id":942237703,"rank":1,"url_75x75":"https:\/\/i.etsystatic.com\/21533306\/c\/2034\/1617\/104\/382\/il\/4243f3\/2793413154\/il_75x75.2793413154_6n44.jpg","url_170x135":"https:\/\/i.etsystatic.com\/21533306\/c\/2034\/1617\/104\/382\/il\/4243f3\/2793413154\/il_170x135.2793413154_6n44.jpg","url_570xN":"https:\/\/i.etsystatic.com\/21533306\/r\/il\/4243f3\/2793413154\/il_570xN.2793413154_6n44.jpg","url_fullxfull":"https:\/\/i.etsystatic.com\/21533306\/r\/il\/4243f3\/2793413154\/il_fullxfull.2793413154_6n44.jpg","full_height":3000,"full_width":2218},{"listing_image_id":2793407010,"hex_code":"A4A7AF","red":164,"green":167,"blue":175,"hue":224,"saturation":6,"brightness":68,"is_black_and_white":false,"creation_tsz":1610629333,"listing_id":942237703,"rank":2,"url_75x75":"https:\/\/i.etsystatic.com\/21533306\/d\/il\/dbf116\/2793407010\/il_75x75.2793407010_ecr0.jpg?version=0","url_170x135":"https:\/\/i.etsystatic.com\/21533306\/d\/il\/dbf116\/2793407010\/il_170x135.2793407010_ecr0.jpg?version=0","url_570xN":"https:\/\/i.etsystatic.com\/21533306\/r\/il\/dbf116\/2793407010\/il_570xN.2793407010_ecr0.jpg","url_fullxfull":"https:\/\/i.etsystatic.com\/21533306\/r\/il\/dbf116\/2793407010\/il_fullxfull.2793407010_ecr0.jpg","full_height":3000,"full_width":2218},{"listing_image_id":2938976823,"hex_code":"E8E8E8","red":232,"green":232,"blue":232,"hue":0,"saturation":0,"brightness":90,"is_black_and_white":null,"creation_tsz":1613992451,"listing_id":942237703,"rank":3,"url_75x75":"https:\/\/i.etsystatic.com\/21533306\/d\/il\/e9adae\/2938976823\/il_75x75.2938976823_f4yf.jpg?version=0","url_170x135":"https:\/\/i.etsystatic.com\/21533306\/d\/il\/e9adae\/2938976823\/il_170x135.2938976823_f4yf.jpg?version=0","url_570xN":"https:\/\/i.etsystatic.com\/21533306\/r\/il\/e9adae\/2938976823\/il_570xN.2938976823_f4yf.jpg","url_fullxfull":"https:\/\/i.etsystatic.com\/21533306\/r\/il\/e9adae\/2938976823\/il_fullxfull.2938976823_f4yf.jpg","full_height":431,"full_width":1125},{"listing_image_id":2938976817,"hex_code":"E7E7E7","red":231,"green":231,"blue":231,"hue":0,"saturation":0,"brightness":90,"is_black_and_white":null,"creation_tsz":1613992451,"listing_id":942237703,"rank":4,"url_75x75":"https:\/\/i.etsystatic.com\/21533306\/d\/il\/cd2d8c\/2938976817\/il_75x75.2938976817_hlb5.jpg?version=0","url_170x135":"https:\/\/i.etsystatic.com\/21533306\/d\/il\/cd2d8c\/2938976817\/il_170x135.2938976817_hlb5.jpg?version=0","url_570xN":"https:\/\/i.etsystatic.com\/21533306\/r\/il\/cd2d8c\/2938976817\/il_570xN.2938976817_hlb5.jpg","url_fullxfull":"https:\/\/i.etsystatic.com\/21533306\/r\/il\/cd2d8c\/2938976817\/il_fullxfull.2938976817_hlb5.jpg","full_height":420,"full_width":955}],"params":{"listing_id":"942237703"},"type":"ListingImage","pagination":{}}