{"count":6,"results":[{"listing_image_id":2792186760,"hex_code":"D9D2CB","red":217,"green":210,"blue":203,"hue":30,"saturation":6,"brightness":85,"is_black_and_white":false,"creation_tsz":1610575338,"listing_id":941199101,"rank":1,"url_75x75":"https:\/\/i.etsystatic.com\/20350510\/c\/2013\/1600\/481\/550\/il\/d9a57c\/2792186760\/il_75x75.2792186760_8wk9.jpg","url_170x135":"https:\/\/i.etsystatic.com\/20350510\/c\/2013\/1600\/481\/550\/il\/d9a57c\/2792186760\/il_170x135.2792186760_8wk9.jpg","url_570xN":"https:\/\/i.etsystatic.com\/20350510\/r\/il\/d9a57c\/2792186760\/il_570xN.2792186760_8wk9.jpg","url_fullxfull":"https:\/\/i.etsystatic.com\/20350510\/r\/il\/d9a57c\/2792186760\/il_fullxfull.2792186760_8wk9.jpg","full_height":2400,"full_width":3000},{"listing_image_id":2789479244,"hex_code":"F5F0EC","red":245,"green":240,"blue":236,"hue":27,"saturation":3,"brightness":96,"is_black_and_white":false,"creation_tsz":1610482776,"listing_id":941199101,"rank":2,"url_75x75":"https:\/\/i.etsystatic.com\/20350510\/d\/il\/0732c1\/2789479244\/il_75x75.2789479244_s0tc.jpg?version=0","url_170x135":"https:\/\/i.etsystatic.com\/20350510\/d\/il\/0732c1\/2789479244\/il_170x135.2789479244_s0tc.jpg?version=0","url_570xN":"https:\/\/i.etsystatic.com\/20350510\/r\/il\/0732c1\/2789479244\/il_570xN.2789479244_s0tc.jpg","url_fullxfull":"https:\/\/i.etsystatic.com\/20350510\/r\/il\/0732c1\/2789479244\/il_fullxfull.2789479244_s0tc.jpg","full_height":2400,"full_width":3000},{"listing_image_id":2789479168,"hex_code":"BCA596","red":188,"green":165,"blue":150,"hue":24,"saturation":20,"brightness":73,"is_black_and_white":false,"creation_tsz":1610482776,"listing_id":941199101,"rank":3,"url_75x75":"https:\/\/i.etsystatic.com\/20350510\/d\/il\/c3406d\/2789479168\/il_75x75.2789479168_50j9.jpg?version=0","url_170x135":"https:\/\/i.etsystatic.com\/20350510\/d\/il\/c3406d\/2789479168\/il_170x135.2789479168_50j9.jpg?version=0","url_570xN":"https:\/\/i.etsystatic.com\/20350510\/r\/il\/c3406d\/2789479168\/il_570xN.2789479168_50j9.jpg","url_fullxfull":"https:\/\/i.etsystatic.com\/20350510\/r\/il\/c3406d\/2789479168\/il_fullxfull.2789479168_50j9.jpg","full_height":2400,"full_width":3000},{"listing_image_id":2837152643,"hex_code":"D7D5D1","red":215,"green":213,"blue":209,"hue":40,"saturation":2,"brightness":84,"is_black_and_white":false,"creation_tsz":1610482776,"listing_id":941199101,"rank":4,"url_75x75":"https:\/\/i.etsystatic.com\/20350510\/d\/il\/7e9dc6\/2837152643\/il_75x75.2837152643_iuxz.jpg?version=0","url_170x135":"https:\/\/i.etsystatic.com\/20350510\/d\/il\/7e9dc6\/2837152643\/il_170x135.2837152643_iuxz.jpg?version=0","url_570xN":"https:\/\/i.etsystatic.com\/20350510\/r\/il\/7e9dc6\/2837152643\/il_570xN.2837152643_iuxz.jpg","url_fullxfull":"https:\/\/i.etsystatic.com\/20350510\/r\/il\/7e9dc6\/2837152643\/il_fullxfull.2837152643_iuxz.jpg","full_height":2400,"full_width":3000},{"listing_image_id":2789479274,"hex_code":"F6F3F0","red":246,"green":243,"blue":240,"hue":30,"saturation":2,"brightness":96,"is_black_and_white":false,"creation_tsz":1610482776,"listing_id":941199101,"rank":5,"url_75x75":"https:\/\/i.etsystatic.com\/20350510\/d\/il\/d498e5\/2789479274\/il_75x75.2789479274_kx0f.jpg?version=0","url_170x135":"https:\/\/i.etsystatic.com\/20350510\/d\/il\/d498e5\/2789479274\/il_170x135.2789479274_kx0f.jpg?version=0","url_570xN":"https:\/\/i.etsystatic.com\/20350510\/r\/il\/d498e5\/2789479274\/il_570xN.2789479274_kx0f.jpg","url_fullxfull":"https:\/\/i.etsystatic.com\/20350510\/r\/il\/d498e5\/2789479274\/il_fullxfull.2789479274_kx0f.jpg","full_height":2400,"full_width":3000},{"listing_image_id":2789479302,"hex_code":"CFCDC5","red":207,"green":205,"blue":197,"hue":48,"saturation":4,"brightness":81,"is_black_and_white":false,"creation_tsz":1610482776,"listing_id":941199101,"rank":6,"url_75x75":"https:\/\/i.etsystatic.com\/20350510\/d\/il\/98b7df\/2789479302\/il_75x75.2789479302_dka8.jpg?version=0","url_170x135":"https:\/\/i.etsystatic.com\/20350510\/d\/il\/98b7df\/2789479302\/il_170x135.2789479302_dka8.jpg?version=0","url_570xN":"https:\/\/i.etsystatic.com\/20350510\/r\/il\/98b7df\/2789479302\/il_570xN.2789479302_dka8.jpg","url_fullxfull":"https:\/\/i.etsystatic.com\/20350510\/r\/il\/98b7df\/2789479302\/il_fullxfull.2789479302_dka8.jpg","full_height":2400,"full_width":3000}],"params":{"listing_id":"941199101"},"type":"ListingImage","pagination":{}}