{"count":2,"results":[{"listing_image_id":2967387237,"hex_code":"6C808C","red":108,"green":128,"blue":140,"hue":202,"saturation":22,"brightness":54,"is_black_and_white":false,"creation_tsz":1614964478,"listing_id":961134224,"rank":1,"url_75x75":"https:\/\/i.etsystatic.com\/23731276\/d\/il\/2a8809\/2967387237\/il_75x75.2967387237_jylh.jpg?version=0","url_170x135":"https:\/\/i.etsystatic.com\/23731276\/d\/il\/2a8809\/2967387237\/il_170x135.2967387237_jylh.jpg?version=0","url_570xN":"https:\/\/i.etsystatic.com\/23731276\/r\/il\/2a8809\/2967387237\/il_570xN.2967387237_jylh.jpg","url_fullxfull":"https:\/\/i.etsystatic.com\/23731276\/r\/il\/2a8809\/2967387237\/il_fullxfull.2967387237_jylh.jpg","full_height":2244,"full_width":2992},{"listing_image_id":2919697572,"hex_code":"6E8290","red":110,"green":130,"blue":144,"hue":205,"saturation":23,"brightness":56,"is_black_and_white":false,"creation_tsz":1614964478,"listing_id":961134224,"rank":2,"url_75x75":"https:\/\/i.etsystatic.com\/23731276\/d\/il\/d4ccca\/2919697572\/il_75x75.2919697572_iz80.jpg?version=0","url_170x135":"https:\/\/i.etsystatic.com\/23731276\/d\/il\/d4ccca\/2919697572\/il_170x135.2919697572_iz80.jpg?version=0","url_570xN":"https:\/\/i.etsystatic.com\/23731276\/r\/il\/d4ccca\/2919697572\/il_570xN.2919697572_iz80.jpg","url_fullxfull":"https:\/\/i.etsystatic.com\/23731276\/r\/il\/d4ccca\/2919697572\/il_fullxfull.2919697572_iz80.jpg","full_height":2992,"full_width":2244}],"params":{"listing_id":"961134224"},"type":"ListingImage","pagination":{}}