{"count":4,"results":[{"listing_image_id":2982667609,"hex_code":"90939C","red":144,"green":147,"blue":156,"hue":225,"saturation":7,"brightness":61,"is_black_and_white":false,"creation_tsz":1615501820,"listing_id":965203712,"rank":1,"url_75x75":"https:\/\/i.etsystatic.com\/23235233\/d\/il\/36971b\/2982667609\/il_75x75.2982667609_2lx7.jpg?version=0","url_170x135":"https:\/\/i.etsystatic.com\/23235233\/d\/il\/36971b\/2982667609\/il_170x135.2982667609_2lx7.jpg?version=0","url_570xN":"https:\/\/i.etsystatic.com\/23235233\/r\/il\/36971b\/2982667609\/il_570xN.2982667609_2lx7.jpg","url_fullxfull":"https:\/\/i.etsystatic.com\/23235233\/r\/il\/36971b\/2982667609\/il_fullxfull.2982667609_2lx7.jpg","full_height":2873,"full_width":2873},{"listing_image_id":2982667759,"hex_code":"A2A4AD","red":162,"green":164,"blue":173,"hue":229,"saturation":6,"brightness":67,"is_black_and_white":false,"creation_tsz":1615501825,"listing_id":965203712,"rank":2,"url_75x75":"https:\/\/i.etsystatic.com\/23235233\/d\/il\/ce41af\/2982667759\/il_75x75.2982667759_g1cq.jpg?version=0","url_170x135":"https:\/\/i.etsystatic.com\/23235233\/d\/il\/ce41af\/2982667759\/il_170x135.2982667759_g1cq.jpg?version=0","url_570xN":"https:\/\/i.etsystatic.com\/23235233\/r\/il\/ce41af\/2982667759\/il_570xN.2982667759_g1cq.jpg","url_fullxfull":"https:\/\/i.etsystatic.com\/23235233\/r\/il\/ce41af\/2982667759\/il_fullxfull.2982667759_g1cq.jpg","full_height":2700,"full_width":2819},{"listing_image_id":2934966798,"hex_code":"A9B0AE","red":169,"green":176,"blue":174,"hue":163,"saturation":3,"brightness":69,"is_black_and_white":false,"creation_tsz":1615501830,"listing_id":965203712,"rank":3,"url_75x75":"https:\/\/i.etsystatic.com\/23235233\/d\/il\/378692\/2934966798\/il_75x75.2934966798_af7m.jpg?version=0","url_170x135":"https:\/\/i.etsystatic.com\/23235233\/d\/il\/378692\/2934966798\/il_170x135.2934966798_af7m.jpg?version=0","url_570xN":"https:\/\/i.etsystatic.com\/23235233\/r\/il\/378692\/2934966798\/il_570xN.2934966798_af7m.jpg","url_fullxfull":"https:\/\/i.etsystatic.com\/23235233\/r\/il\/378692\/2934966798\/il_fullxfull.2934966798_af7m.jpg","full_height":2570,"full_width":2683},{"listing_image_id":2982668103,"hex_code":"E2E2E2","red":226,"green":226,"blue":226,"hue":0,"saturation":0,"brightness":88,"is_black_and_white":false,"creation_tsz":1615501832,"listing_id":965203712,"rank":4,"url_75x75":"https:\/\/i.etsystatic.com\/23235233\/d\/il\/42a271\/2982668103\/il_75x75.2982668103_l5tr.jpg?version=0","url_170x135":"https:\/\/i.etsystatic.com\/23235233\/d\/il\/42a271\/2982668103\/il_170x135.2982668103_l5tr.jpg?version=0","url_570xN":"https:\/\/i.etsystatic.com\/23235233\/r\/il\/42a271\/2982668103\/il_570xN.2982668103_l5tr.jpg","url_fullxfull":"https:\/\/i.etsystatic.com\/23235233\/r\/il\/42a271\/2982668103\/il_fullxfull.2982668103_l5tr.jpg","full_height":163,"full_width":531}],"params":{"listing_id":"965203712"},"type":"ListingImage","pagination":{}}