{"count":4,"results":[{"listing_image_id":2917578941,"hex_code":"75494D","red":117,"green":73,"blue":77,"hue":355,"saturation":37,"brightness":45,"is_black_and_white":false,"creation_tsz":1613237881,"listing_id":962379085,"rank":1,"url_75x75":"https:\/\/i.etsystatic.com\/6572419\/d\/il\/6208b9\/2917578941\/il_75x75.2917578941_pmwu.jpg?version=0","url_170x135":"https:\/\/i.etsystatic.com\/6572419\/d\/il\/6208b9\/2917578941\/il_170x135.2917578941_pmwu.jpg?version=0","url_570xN":"https:\/\/i.etsystatic.com\/6572419\/r\/il\/6208b9\/2917578941\/il_570xN.2917578941_pmwu.jpg","url_fullxfull":"https:\/\/i.etsystatic.com\/6572419\/r\/il\/6208b9\/2917578941\/il_fullxfull.2917578941_pmwu.jpg","full_height":1008,"full_width":756},{"listing_image_id":2869895098,"hex_code":"794C53","red":121,"green":76,"blue":83,"hue":351,"saturation":37,"brightness":47,"is_black_and_white":false,"creation_tsz":1613237881,"listing_id":962379085,"rank":2,"url_75x75":"https:\/\/i.etsystatic.com\/6572419\/d\/il\/c3754a\/2869895098\/il_75x75.2869895098_6oio.jpg?version=0","url_170x135":"https:\/\/i.etsystatic.com\/6572419\/d\/il\/c3754a\/2869895098\/il_170x135.2869895098_6oio.jpg?version=0","url_570xN":"https:\/\/i.etsystatic.com\/6572419\/r\/il\/c3754a\/2869895098\/il_570xN.2869895098_6oio.jpg","url_fullxfull":"https:\/\/i.etsystatic.com\/6572419\/r\/il\/c3754a\/2869895098\/il_fullxfull.2869895098_6oio.jpg","full_height":1008,"full_width":756},{"listing_image_id":2869895258,"hex_code":"74484C","red":116,"green":72,"blue":76,"hue":355,"saturation":37,"brightness":45,"is_black_and_white":false,"creation_tsz":1613237881,"listing_id":962379085,"rank":3,"url_75x75":"https:\/\/i.etsystatic.com\/6572419\/d\/il\/cc2352\/2869895258\/il_75x75.2869895258_h4jn.jpg?version=0","url_170x135":"https:\/\/i.etsystatic.com\/6572419\/d\/il\/cc2352\/2869895258\/il_170x135.2869895258_h4jn.jpg?version=0","url_570xN":"https:\/\/i.etsystatic.com\/6572419\/r\/il\/cc2352\/2869895258\/il_570xN.2869895258_h4jn.jpg","url_fullxfull":"https:\/\/i.etsystatic.com\/6572419\/r\/il\/cc2352\/2869895258\/il_fullxfull.2869895258_h4jn.jpg","full_height":1008,"full_width":756},{"listing_image_id":2917578751,"hex_code":"764B4E","red":118,"green":75,"blue":78,"hue":356,"saturation":36,"brightness":46,"is_black_and_white":false,"creation_tsz":1613237881,"listing_id":962379085,"rank":4,"url_75x75":"https:\/\/i.etsystatic.com\/6572419\/d\/il\/bbcf3d\/2917578751\/il_75x75.2917578751_scfx.jpg?version=0","url_170x135":"https:\/\/i.etsystatic.com\/6572419\/d\/il\/bbcf3d\/2917578751\/il_170x135.2917578751_scfx.jpg?version=0","url_570xN":"https:\/\/i.etsystatic.com\/6572419\/r\/il\/bbcf3d\/2917578751\/il_570xN.2917578751_scfx.jpg","url_fullxfull":"https:\/\/i.etsystatic.com\/6572419\/r\/il\/bbcf3d\/2917578751\/il_fullxfull.2917578751_scfx.jpg","full_height":1008,"full_width":756}],"params":{"listing_id":"962379085"},"type":"ListingImage","pagination":{}}